:020000040000FA
:100000004150504C49434154494F4E3E42504D207F
:100010004170706C69636174696F6E004D41534B40
:10002000204E554D4245523E526576302033204A8F
:10003000756C7920323030380046494C45204E41AD
:100040004D453E53572D385232392D3134443531D8
:10005000312D41422E4845580052454C45415345AB
:1000600020444154453E30372F30332F3038004D37
:100070004F44554C4520545950453E426C7565746B
:100080006F6F74682050686F6E65204D6F64756C7B
:10009000650050524F44554354494F4E204D4F44F4
:1000A000554C452050415254204E554D4245523EEC
:1000B000385232392D3134443530392D41410057D1
:1000C000455253204E4F544943453E00434F4D4DFA
:1000D000454E54533E0052454C4541534544204201
:1000E000593E53756D69746F6D6F20576972696EF3
:1000F000672053797374656D7320417573747261F1
:100100006C6961004D4F44554C45204E414D453E74
:1001100042504D004D4F44554C452049443E3078A7
:1001200037383100444F574E4C4F414420464F52D0
:100130004D41543E307830300046494C45204348CC
:1001400045434B53554D3E30784535433300464C7F
:1001500041534820494E44494341544F523E310097
:10016000464C415348204552415345205345435442
:100170004F52533E307830300024003A2045000082
:100180008007E0168007E8E4E0074001E00740014F
:10019000E0074001E0074001E0074001E0074001BF
:1001A000DB3A20452000E0074001E0074001E0077E
:1001B0004001E0074001E0074001E0074001E0079F
:1001C0004001E00740013B3A20454000E007400184
:1001D00081070419E0074001E0074001E007400102
:1001E000E0074001E0074001E00740019E3A20455A
:1001F0006000E0074001E0074001E0074001E00740
:100200004001E0074001E0074001E0074001E0074E
:100210004001FB3A20458000E0074001E007400133
:10022000E0074001E0074001E0074001E00740012E
:100230008107FC3581075436603A2045A0008107CC
:10024000AC368107F837800720188007E8A68007BA
:10025000B4A78007B0A5800798A4E00740015D3AE5
:100260002045C000E0074001E0074001E0074001F1
:10027000E0074001E0074001E0074001E0074001DE
:10028000E00740019B3A2045E000E0074001E0071D
:100290004001E0074001E0074001E0074001E007BE
:1002A0004001E0074001E00740017B3A20460000A2
:1002B000E0074001E0074001E0074001E00740019E
:1002C000E0074001E0074001E0074001E00740018E
:1002D0005A3A20462000E0074001E0074001E007CD
:1002E0004001E0074001E0074001E0074001E0076E
:1002F0004001E00740013A3A20464000E007400153
:10030000E0074001E0074001E0074001E00740014D
:10031000E0074001E0074001E00740011A3A0446C7
:100320006000E00740012E3A1C470000B5020000C3
:100330000100000000450000FF9A030002000000D9
:1003400000E00300FF1F0000013A20480000456D57
:100350007074790000556E6B6E6F776E0000556E8D
:100360006B6E6F776E000043616C6C657220363A7D
:10037000204820004944205769746868656C64000F
:1003800000556E6B6E6F776E00000000000000007D
:1003900000000000A23A20484000000000000000D9
:1003A00000000000000004261200241E241E041574
:1003B0008C0B840B380B380B300B983A20486000BC
:1003C000300B280B000B000B080808080808080869
:1003D0000808080858D7FF0360D7FF03E8D7FF03D2
:1003E000293A2048800068D7FF0370D7FF0378D7E9
:1003F000FF0380D7FF0388D7FF0390D7FF0398D769
:10040000FF03A0D7FF03303A2048A000A8D7FF037E
:10041000187101003C7101000C2D010094200100B5
:10042000B0200100187101003C710100473A2048DA
:10043000C000187101003C710100E4200100187136
:1004400001003C71010002020104040404040404DC
:1004500004043A3A2048E0000000000000000000D8
:100460000000000000000001020000000004000085
:10047000041E18105C0CF00B043A20490000C80B55
:10048000880B3C0B340B040B05000000010002003C
:100490000300040006000700080002080507623A8E
:1004A000204920000200000000000000B0D7FF0338
:1004B000B4D7FF03BCD7FF03C4D7FF03CCD7FF03D8
:1004C00000000000883A20494000D0D7FF03D8D769
:1004D000FF03E0D7FF0300210100182101003021B4
:1004E00001004821010060210100AA3A2049600072
:1004F00024630100246301002463010024630100DC
:10050000C02101001C22010058220100B02201007C
:10051000A83A204980000C230100000000000000E0
:1005200000000000000000000000000000000000CB
:10053000000000010204E03A2049A0000810000079
:1005400000000000050007000A0001000600080086
:100550000B000000F80701005CAD0100A53A20493E
:10056000C00084B0010040AE0100F8080100CCAC2E
:100570000100F4AF0100F8AE0100C00801000487DB
:1005800000009A3A2049E000048700000487000038
:1005900014870000148700001487000014870000EF
:1005A00048080100A8870000B53A204A0000A88743
:1005B0000000A887000001010101AC0A0100D487F6
:1005C0000000D4870000D4870000080B0100583ACF
:1005D000204A200098870000988700009887000034
:1005E000D408010060870000608700006087000079
:1005F0006C0A0100103A204A4000E0AF0100B8AC9C
:1006000001002CAE01002087000020870000208719
:100610000000208700002C870000373A204A600045
:100620002C8700002C8700002C870000FC0B0100A9
:1006300038870000388700003887000044870000B2
:100640000D3A204A80004487000044870000448718
:100650000000010101010000FFFFFF01010202FF94
:100660000303FFFFFFFFAD3A204AA000FF00010295
:100670000308080808280000000404040408080807
:10068000080202020200002709000835043A204A45
:10069000C000FF1FFF1FFF1FFF1FFFFFFFFFFFFF28
:1006A000FFFF0000000000000000FFFFFFFFFFFF52
:1006B000FFFF6E3A204AE000000000000120010028
:1006C000F0000000012200000100000101270700E6
:1006D0007E00000007000000CB3A204B0000000025
:1006E0000000D80C010000000000510000000700CD
:1006F00000000000000074880000000000005C3A68
:10070000204B2000580000000700000000000000FF
:10071000BC8800000000000054000000070000003A
:1007200000000000773A204B4000B48B000000002E
:1007300000005000000007000000000000000C0C4A
:100740000100740C0100E0000000453A204B6000FD
:1007500005000000000000008CB00000100E010039
:10076000710000000700000000000000D48D0000B0
:10077000FC3A204B8000040E0100720000000700CC
:10078000000000000000A48E0000000000007300C4
:10079000000007000000DD3A204BA0000000000030
:1007A00024900000000000007B0000000700000013
:1007B0000000000088AD0000000000008A3A204BD5
:1007C000C0006100000007000000000000002CAF26
:1007D00000000000000062000000070000000000B0
:1007E0000000293A204BE000A49700000000000020
:1007F000670000000700000000000000ACB000002F
:100800001C0E0100680000001D3A204C000007008B
:100810000000000000002C0D0100D00D010074004C
:100820000000060000000000000028AD0000263A8D
:10083000204C2000000000007600000006000000B0
:100840000000000048AD000000000000770000003C
:1008500006000000863A204C40000000000068AD11
:100860000000000000006E00000007000000000013
:1008700000007092000000000000C83A204C6000A8
:100880006F00000005000000000000002488000048
:10089000280E0100C5000000070000000000000055
:1008A000113A204C8000CCAF0000400E0100F10056
:1008B000000007000000000000003C880000340E2B
:1008C0000100FFFFFFFF4F3A204CA000FFFFFFFF9A
:1008D000FFFFFFFFFFFFFFFF0401FFFF03FFFFFF1D
:1008E00002FFFFFFFFFFFFFFFF0A0BFFEF3A204C65
:1008F000C000FFFFFF0C0DFFFFFFFFFF1112FF06FF
:1009000007080EFF0F10FFFFFF09FFFF00FFFFFFAB
:10091000FFFF613A204CE000FF13FFFFFFFFFFFFE6
:10092000FFFFFFFFFFFFFFFFFFFFFFFFFFFFFFFFD7
:10093000FFFFFFFF05FFFFFFBA3A204D0000FFFF5A
:10094000FFFFFFFFFFFFFFFFFFFFFF14FFFFFFFFA2
:10095000FFFFFFFFFFFFFFFFFFFF04030000933ACD
:10096000204D2000011500000000000000000000E4
:100970000000000000000000244D000003000400FF
:1009800009000101DA3A204D40000101010106068B
:100990000619191419191400F401F401F401F401F1
:1009A000F4010000000000000000E83A204D600063
:1009B000010101010101010102020202020202021F
:1009C000030303030102040810204080010204080D
:1009D000013A204D800010204080010204081020C0
:1009E000408001020408FC210100402201009822FD
:1009F0000100EC220100CA3A204DA0006023010052
:100A0000036700000285000001160000000081104D
:100A10000221833104428552066387737F3A204D59
:100A2000C000088489940AA58BB50CC68DD60EE744
:100A30008FF7DADCEDEDACAFEFEEADEFACEDDEADA8
:100A4000D0D0633A204DE00001000000D04D0000FE
:100A500002000000D44D000003000000D84D00004B
:100A600004000000DC4D00001D3A204E0000000094
:100A7000000000000000504149522041204E4557DF
:100A80002050484F4E450000426C7565746FF63A31
:100A9000204E20006F7468206163746976650000E1
:100AA000456E74657220706173736B657900000028
:100AB00000504149933A204E4000522041204E457B
:100AC000572050484F4E450000426C7565746F6F5B
:100AD00074682061637469766500A93A204E6000ED
:100AE00000456E74657220706173736B65790000E8
:100AF000504149522041204E45572050484F4E45C5
:100B0000E33A204E80000000000050616972656485
:100B1000207375636365737366756C6C7900000090
:100B20000050414952202C3A204EA00041204E4511
:100B3000572050484F4E45000050686F6E6520703A
:100B4000616972696E672074696D6564D63A204E7A
:100B5000C0002D6F75740000506C65617365207462
:100B6000727920616761696E00000000504149524E
:100B70002041C73A204EE000204E45572050484FB4
:100B80004E45000050616972696E672063616E6353
:100B9000656C6C6564000050393A204F00006C654C
:100BA0006173652074727920616761696E0000006D
:100BB00000504149522041204E4557205048993A13
:100BC000204F20004F4E45000050616972696E67EA
:100BD00020756E7375636365737366756C00005082
:100BE0006C6561738D3A204F4000652074727920E6
:100BF000616761696E000000005041495220412048
:100C00004E45572050484F4E45001C3A204F60003B
:100C100000426C7565746F6F74682062757379003B
:100C200000506C6561736520776169740000000095
:100C3000693A204F80004348414E474520434F4E7C
:100C40004E45435445442050484F4E450000436FA5
:100C50006E6E65637469EB3A204FA0006E672E2EAE
:100C60002E000000004348414E474520434F4E4E62
:100C700045435445442050484F4E45009F3A204F2D
:100C8000C00000436F6E6E656374656420746F000E
:100C90000000004348414E474520434F4E4E4543D8
:100CA0005445263A204FE000442050484F4E45001E
:100CB00000556E61626C6520746F20636F6E6E65A7
:100CC00063740000506C6561ED3A2050000073655C
:100CD0002074727920616761696E000000004445EC
:100CE0004C4554452050484F4E45204C4953C43A3A
:100CF000205020005400005072657373204F4B2029
:100D0000746F2064656C65746500006F720000424A
:100D100041434B20AD3A20504000746F2063616E18
:100D200063656C000044454C4554452050484F4E87
:100D300045204C495354000000003E3A20506000CA
:100D400050686F6E65206C6973742064656C65749F
:100D50006564000000004348414E474520434F4E24
:100D6000BD3A205080004E45435445442050484FE2
:100D70004E450000312E2000312E2000312E20451E
:100D80006D7074790000373A2050A000322E200098
:100D9000322E2000322E20456D7074790000332EE3
:100DA0002000332E2000332E20456D70BC3A205099
:100DB000C00074790000342E2000342E2000342E20
:100DC00020456D7074790000352E2000352E2000EE
:100DD000352EE53A2050E00020456D707479000012
:100DE000362E2000362E2000362E20456D70747968
:100DF0000000372E2000372EFC3A20510000200042
:100E0000372E20456D7074790000382E2000382E62
:100E10002000382E20456D707479000000003A3AA9
:100E200020512000446973636F6E6E65637465645E
:100E30000000446973636F6E6E65637465640000DF
:100E4000426C7565413A20514000746F6F746820A0
:100E50007368757474696E6720646F776E00000044
:100E600000446973636F6E6E65631D3A20516000C4
:100E70007465640000446973636F6E6E65637465C6
:100E8000640000506C6561736520636865636B2066
:100E9000873A2051800070686F6E65000000004442
:100EA0006973636F6E6E6563746564000044697393
:100EB000636F6E6E65638C3A2051A00074656400A8
:100EC0000000000000446973636F6E6E65637465B3
:100ED00064202D206C6F772063617220AA3A205124
:100EE000C000626174746572790000446973636F55
:100EF0006E6E6563746564202D206C6F772063616E
:100F00007220CC3A2051E0006261747465727900FD
:100F100000426C7565746F6F7468207368757474C3
:100F2000696E6720646F776E903A2052000000006F
:100F30000000436F6E6E65637465640000436F6EFE
:100F40006E65637465640000000000000000683A8C
:100F50002052200043616C6C696E672E2E2E0000BB
:100F600043616C6C696E672E2E2E0000486F6C64B6
:100F700020627574F43A20524000746F6E20746FD2
:100F800020656E642063616C6C00002D20494E4327
:100F90004F4D494E472043414C4C0A3A2052600085
:100FA0002046524F4D3A000043616C6C65722049F7
:100FB00044205769746868656C64000050726573FA
:100FC000AD3A205280007320627574746F6E207485
:100FD0006F20616E737765720000507265737320C5
:100FE000627574746F6E633A2052A00020746F2093
:100FF000616E737765720000486F6C64206275746F
:10100000746F6E20746F2072656A6563CC3A2052EB
:10101000C0007400002D20494E434F4D494E4720DB
:1010200043414C4C2046524F4D3A0000507265737C
:101030007320C23A2052E000627574746F6E20749F
:101040006F20616E73776572000050726573732054
:10105000627574746F6E2074023A205300006F2022
:10106000616E737765720000486F6C6420627574FE
:10107000746F6E20746F2072656A656374008B3ABA
:1010800020532000000000496E636F6D696E672079
:1010900043616C6C000050726573732062757474E8
:1010A0006F6E2074403A205340006F20616E73775A
:1010B00065720000507265737320627574746F6E90
:1010C00020746F20616E73776572B23A20536000AE
:1010D0000000486F6C6420627574746F6E20746FCA
:1010E0002072656A6563740000000043616C6C6582
:1010F000693A205380007220494420576974686817
:10110000656C640000507265737320627574746F4F
:101110006E20746F2061483A2053A0006E7377658B
:10112000720000507265737320627574746F6E2064
:10113000746F20616E73776572000048FA3A20532D
:10114000C0006F6C6420627574746F6E20746F20C1
:1011500072656A65637400002D20494E2043414C3E
:101160004C20F23A2053E000574954483A000050CE
:101170007265737320627574746F6E20746F206D66
:10118000757465206D696300373A20540000005083
:101190007265737320627574746F6E20746F206D46
:1011A000757465206D69630000486F6C6420E53AD2
:1011B00020542000627574746F6E20746F20656E09
:1011C000642063616C6C0000000000005072657365
:1011D00073206275B63A2054400074746F6E2074A8
:1011E0006F2072656469616C0000507265737320D2
:1011F000627574746F6E20746F20073A205460001B
:1012000072656469616C0000486F6C64206275747B
:10121000746F6E20746F2075736520766F696365D7
:10122000D23A2054800020746167000000004361BE
:101230006C6C20456E6465640000000000000000D6
:1012400020000043616C043A2054A0006C20456EDD
:101250006465640000000000000000000044697341
:10126000636F6E6E6563746564202D20403A205470
:10127000C000636865636B2070686F6E6500004432
:101280006973636F6E6E6563746564202D20636897
:101290006563C13A2054E0006B2070686F6E650092
:1012A00000426C7565746F6F746820736875747430
:1012B000696E6720646F776EE33A20550000000086
:1012C0002D20494E2043414C4C205749544820285A
:1012D0004D55544544293A00005072657373D83A0D
:1012E0002055200020627574746F6E20746F206327
:1012F000616E63656C206D75746500005072657376
:1013000073206275473A2055400074746F6E2074E4
:101310006F2063616E63656C206D757465000048B5
:101320006F6C6420627574746F6EDF3A20556000D4
:1013300020746F20656E642063616C6C00002D204A
:10134000494E2043414C4C205749544820284D5584
:10135000AF3A20558000544544293A000043616C5F
:101360006C6572204944205769746868656C640034
:10137000005072657373653A2055A0002062757441
:10138000746F6E20746F2063616E63656C206D7581
:10139000746500005072657373206275C73A2055FA
:1013A000C00074746F6E20746F2063616E63656C2F
:1013B000206D7574650000486F6C642062757474EC
:1013C0006F6E5F3A2055E00020746F20656E6420D8
:1013D00063616C6C00002D20494E2043414C4C2031
:1013E000574954483A000000DF3A205600000050A8
:1013F0007265737320627574746F6E20746F2073DE
:101400007761702063616C6C0000507265738D3A77
:10141000205620007320627574746F6E20746F20E4
:10142000737761702063616C6C0000486F6C64209E
:10143000627574743B3A205640006F6E20746F20C2
:10144000656E642063616C6C0000000043616C6C2D
:10145000205472616E7366657272043A20566000A1
:10146000656400000000000000002D20494E20436C
:10147000414C4C20574954483A000043616C6C2061
:101480000F3A2056800053776170706564000050F9
:101490007265737320627574746F6E20746F20733D
:1014A000776170206361AB3A2056A0006C6C00003D
:1014B000507265737320627574746F6E20746F2040
:1014C000737761702063616C6C000048673A205646
:1014D000C0006F6C6420627574746F6E20746F202E
:1014E000656E642063616C6C0000000043616C6C8D
:1014F0002052CB3A2056E000656A6563746564004B
:10150000000000000000000000566F696365205471
:101510006167204661696C65A33A2057000064004A
:1015200000000000000000000053617920566F6940
:101530006365205461670000566F69636520903AC7
:101540002057200074616773206D75737420626585
:1015500020736574206F6E0000566F696365207498
:10156000616773209C3A205740006D757374206248
:101570006520736574206F6E0000796F757220703E
:10158000686F6E65000000004E6F6A3A2057600079
:101590002050686F6E65205061697265640000506C
:1015A0006C6561736520706169722061206E65777A
:1015B000893A205780002070686F6E650000506C7B
:1015C0006561736520706169722061206E657720A6
:1015D00070686F6E6500843A2057A00000000042DA
:1015E000504D2056455253494F4E3A0000532F5705
:1015F0003A204164616D2042726F776EBC3A205789
:10160000C0000000532F573A204164616D204272A0
:101610006F776E0000482F573A204D7573746166DE
:101620006120E23A2057E0004D75737461666100F5
:101630000048454144455220494E204D45444941CA
:10164000205445585400004C473A20580000494E59
:10165000452031204C494E452031204C494E4520F3
:1016600031204C494E45203100004C494E45683AE6
:10167000205820002032204C494E452032204C4931
:101680004E452032204C494E45203200004C494EF8
:1016900045203320AD3A205840004C494E45203378
:1016A000204C494E452033204C494E452033000004
:1016B0004C494E452034204C494E183A2058600081
:1016C000452034204C494E452034204C494E45207D
:1016D00034000048454144455220494E204D454E76
:1016E000F73A2058800055205445585400004C4982
:1016F0004E452031204C494E452031204C494E4525
:101700002031204C494EA03A2058A00045203100FD
:10171000004C494E452032204C494E452032204C49
:10172000494E452032204C494E4520320A3A205835
:10173000C00000004C494E452033204C494E452006
:1017400033204C494E452033204C494E4520330030
:10175000004C303A2058E000494E452034204C4996
:101760004E452034204C494E452034204C494E45AE
:101770002034000048454144923A20590000455227
:1017800020494E205041495245442050484F4E4533
:10179000204C4953542000312E204954454DA03A45
:1017A00020592000203120494E204C49535400003C
:1017B000322E204954454D203220494E204C495369
:1017C00054000033BC3A205940002E204954454D66
:1017D000203320494E204C4953540000342E2049D8
:1017E00054454D203420494E204C3C3A205960004D
:1017F0004953540000352E204954454D2035204989
:101800004E204C4953540000362E204954454D205B
:101810004A3A205980003620494E204C4953540002
:1018200000372E204954454D203720494E204C4941
:1018300053540000382E3A3A1159A000204954451B
:101840004D203820494E204C49535400003C3A204A
:101850005A00004001480150015801600118012060
:1018600001280130013801F000F8000001080110E2
:1018700001C800593A205A2000D000D800E000E802
:1018800000A000A800B000B800C000780080008868
:101890000090009800CC01D001403A205A4000D47A
:1018A00001D801DC01B801BC01C001C401C801A418
:1018B00001A801AC01B001B401900194019801D6D6
:1018C0003A205A60009C01A0017C018001840188BB
:1018D000018C0168016C017001740178018007E1DD
:1018E00070E0074401163A205A80008207E170E058
:1018F0000744018407E170E00744018607E170E0D6
:101900000744018807E170E0074401E23A205AA049
:10191000008007E130E00744018207E130E007443E
:10192000018407E130E00744018607E130E0074425
:1019300001CA3A205AC0008807E130E0074401801C
:1019400007E110E00744018207E110E00744018449
:1019500007E110E0074401083A205AE0008607E159
:1019600010E00744018807E110E00744018007E127
:1019700000E00744018207E100E0074401263A2025
:101980005B00008407E100E00744018607E100E016
:101990000744018807E100E007440180076100E097
:1019A000074401A33A205B200082076100E007445E
:1019B0000184076100E007440186076100E00744F5
:1019C0000188076100E0074401013A205B40008084
:1019D000072100E007440182072100E00744018459
:1019E000072100E007440186072100E0074401E9E0
:1019F0003A205B600088072100E00744014006FFB1
:101A0000704206FF704406FF704606FF704806FFEE
:101A1000704006FF30373A205B80004206FF3044BA
:101A200006FF304606FF304806FF304006FF1042F2
:101A300006FF104406FF104606FF10BD3A205BA0CB
:101A4000004806FF104006FF004206FF004406FF64
:101A5000004606FF004806FF0040067F0042067F62
:101A6000008F3A205BC00044067F0046067F004896
:101A7000067F0040063F0042063F0044063F004606
:101A8000063F0048063F00B73A205BE0002506000D
:101A900000000024060C400004C5212306A4EFFF2B
:101AA000033E0600C0FF0381FFDE272D069E3A207D
:101AB0005C000040C1FF032C0622EDFF03EC69E946
:101AC000056D070100446AEC69C1FD2D0624EDFF98
:101AD000032C064D3A205C2000A4EFFF03EC69E9DB
:101AE000056D070100446AEC69C1FD2C06005A002F
:101AF00000ECA720002A0600C0273A205C4000FF27
:101B0000032B0600F0FF036A0701004452EB51CAA1
:101B1000FD440EFFFF2137F57F440EFFFF213E49B4
:101B20003A205C6000F87F80FF4ACF80FFBECDE0A6
:101B30000720010000A51D80570FF41E0A41518A9D
:101B40005601004057353A205C80000EF40000003A
:101B50000000000000000000000000000000000085
:101B600000805F0FF41E0A4159405FBF3A205CA01D
:101B7000000EF41E020002E5E5F545205E00F2804D
:101B80006701F2200E7FFF4161406700F2C03756C7
:101B9000F14D3A205CC000806F01F21D0A4169409E
:101BA0006F00F2807701F2200EEFFF41718E761008
:101BB00000407700F2807FFC3A205CE00001F220D8
:101BC0000EDFFF4179407F00F220562EF480872FF0
:101BD000F41B0A41819086040040872EF48E3A203F
:101BE0005D0000808F2FF4170A4189918E08004014
:101BF0008F2EF40392409702F2C4870485C48F04A9
:101C000085209E803A205D20008900409F01F2C01F
:101C1000BF04F2C0B704F20762406756F11E02002B
:101C20000295BD0000E50D805F8A3A205D4000010D
:101C3000F2200E7FFF41598B5E8000405F00F2C0B2
:101C4000B756F100501E020002A5F5C50DC0377D44
:101C50003A205D600056F1805F01F2200E7FFF4167
:101C600059405F00F200501E020002C5F5E52563F1
:101C70003701002337083A205D800001000067002B
:101C8000F2CC661000E0618A0DE05717F20A68A6F0
:101C90006A666F0000B51500500A70643A205DA0B6
:101CA00000C1720E7610F2EE5F01000B78A67A6624
:101CB0007F000042320A8601001050CA006352873A
:101CC000F5F43A205DC00000501F020102A5DD5C62
:101CD0001A630F0100C5352436D484BFFFA4FFC4A6
:101CE000070485C40F0485273A205DE000230F0117
:101CF00000E18F2000230F0500E1872000239F09CA
:101D00000023970D00238F1100238715000D3A2023
:101D10005E0000237F190023771D00236F2100231D
:101D2000672500235F290023572D00234F3100230F
:101D30004735001A3A205E2000233F390023373D03
:101D40000060062000230F0100441AE0074001A0B4
:101D500007210063373D00633FB03A205E40003901
:101D60000063473500634F310063572D00635F29DF
:101D70000063672500636F210063771D00637FBAEE
:101D80003A205E6000190063871500638F110063BD
:101D9000970D00639F0900F00F4000630F0500F1ED
:101DA0000F4000630F8D3A205E80000100F5A5F51D
:101DB0003D0452016A406F0CF84007D0F62E06FB36
:101DC0008F0000607764F0206626F42B3A205EA036
:101DD00000807F27F4170A4179407F26F480872707
:101DE000F4200EEFFF418190861000408726F420FA
:101DF0005E8F3A205EC00046F4808F47F4170A4198
:101E000089918E0800408F46F4809747F4200EEFAA
:101E1000FF419192961000AB3A205EE00040974659
:101E2000F4400766F4209E1800409F06F740575C78
:101E3000F140575EF1405758F140575AF1B23A20FD
:101E40005F00001E02000295C50000D50504524443
:101E50005705851E020002B5FD0000D555C4C70414
:101E600085EA5F553A205F20000000615ACA4D2480
:101E700067D884200EFF03E161FB35246FD88420EE
:101E80000ECC02E169B9252477583A205F4000D88A
:101E900084200EF500E171F90D037A447F0585A4D5
:101EA000870585048F0080F181D205049705856A36
:101EB0003A205F600044970080E50D049A449F0536
:101EC00085A45F058504670080EC59D205046F0581
:101ED00085446F0080053A205F8000E50D01724463
:101EE000770585A47F058504870080F079D20504F5
:101EF0008F0585448F0080E50D0592663A205FA02E
:101F00000044970585A49F0585045F0080EB99D266
:101F1000050467058544670080C4870485A45705C8
:101F200085F83A205FC0001E020002B5AD000080B7
:101F3000073001A05733F4200EBFFF415140573303
:101F4000F4A05F13F4200EF73A205FE000BFFF41DA
:101F5000598B5E4000405F13F4806729F0200EDF4C
:101F6000FF4161406728F0806F09F0200EF73A20AA
:101F7000600000DFFF4169406F08F00A3280FF6EA9
:101F8000A481FF1218003081FF281681FFC4188138
:101F9000FFA019573A206020004407AA9181FFE86A
:101FA0002F80FF940280FF2C0380FFD40380FFC0AA
:101FB0000480FF400580FFA805F73A2060400080BC
:101FC000FFE4054407A791013280FFBE0600308080
:101FD000FF6C0644079F912076FF0044779C91C6D2
:101FE0003A2060600044079D91027A447F9E9144AC
:101FF0007FA2914407A6914407A8914407A99101A3
:10200000824487B091293A206080004407B1910250
:102010003280FFA206C4A7BA91C4AFBA91C417BA5E
:1020200091C40FBA91C49FBA91C487673A2060A047
:1020300000BA91C437BA91C4BFBA91C497BB91C4D6
:102040009FBB91C4A7BB91C4AFBB91C4B7BB91C4A4
:10205000BF6B3A2060C000BB91013280FFD8010005
:102060003080FF621D808F29F0200EDFFF41894004
:102070008F28F0809709F0C63A2060E000200EDF3C
:10208000FF419192962000409708F06407BE80645B
:1020900007B5801E020002BF07D2FE0000AA3A2048
:1020A0006100008007960104570A800467A991EC3B
:1020B00051F2056407B580046FA991446F0A80044A
:1020C000770B80133A20612000047F9C91EF71F21E
:1020D000056407B98004879C9144870B80048FAA0C
:1020E00091E0899A452497BE80973A20614000206C
:1020F0000E7017E191A13D6407BE80049F0C8061C2
:102100009A9A1DA05733F4200EBFFF415140577DCE
:102110003A2061600033F4A06713F4200EBFFF4142
:1021200061406713F444070C80046F0580416A44E2
:102130006F05804407B13A20618000AA91C51DA0B7
:102140007733F4200EBFFF4171407733F4A07F1343
:10215000F4200EBFFF41798F7E40000F3A2061A02E
:1021600000407F13F4018244870C80203664008095
:10217000FFCAA2BFFF16FE80FF82DBD56D6407BEDB
:1021800080013A2061C000A45FA9919545248FB5D4
:1021900080200E204EE189C10D6407B580BFFFF29B
:1021A000FD80FF5EDB04974C3A2061E00005804132
:1021B0009244970580A53D953D249FB5802106401A
:1021C0009C0000E199F1056407B580BFFF6A3A20E1
:1021D000620000CAFD80FF36DBB52DA52D2457B562
:1021E000802106C0D40100E151F1056407B580BF2C
:1021F000FFACFDD83A2062200080FF18DBC51D240B
:1022000067B5802106C0D40100E161F1056407B51E
:1022100080BFFF90FD80FFFCDA163A20624000E5A7
:102220000DD50DC50D0B68666A9B0D4D00BCFFCE2C
:10223000FFCFFFDDFFDEFFECFFFAFF845F9D915CC7
:102240003A206260009515951D247FB9802106A073
:10225000F70300E179F1056407B980BFFF52FD8003
:10226000FFBEDAB50D4B3A20628000A50D0B8064ED
:1022700082FB055000ECFFECFFECFFECFFEDFF1ED6
:10228000020002BF076CFE850D6337753A2062A01D
:1022900000010083370100443707801F02010285D7
:1022A000FDC505A45707801E020002C5FDB54D00FF
:1022B00050F83A2062C000246EA4850A78EF7E248C
:1022C00000CD790F584B0721004B0720004B071F0B
:1022D000000070400E00002F3A2062E000018700ED
:1022E00048E081C225205EFF002C06004800000A5D
:1022F00088F18E2400CD89CE890C90CE91B23A20FF
:10230000630000129F0000519F00000E7E01000F2D
:10231000708E00EB71860D0A80F0862400CD81500E
:1023200007FE008C3A20632000F5050C90CE911238
:102330008F0000E089BAE5205EFF00EB718E0D0A88
:1023400098F39E2400CD99CE99273A2063400053FC
:102350000700000A7E01000F508A006852B6BD1EB9
:10236000020002D5B50000B5550050246EC4866247
:102370003A206360000A78EF7E0401CD790F584B54
:10238000070000CB870201CB8F0201CB970201002F
:1023900070400E0000553A2063800001870748E036
:1023A00081C225205E1A002C06074800000A88F129
:1023B0008E0401CD89CE890C90CE91073A2063A07E
:1023C00000129F0000519F23000E7E01000F708EAF
:1023D00000EB71860D0A80F0860401CD8150073C28
:1023E00000AA3A2063C000F5050C90CE91128F0030
:1023F00000E089BAE5205E1A00EB718E0D0A98F3B1
:102400009E0401CD99CE998B3A2063E000530723B7
:10241000000A78EF7E0401CD794F073E000A86015D
:102420000010508A006A52B6B51E0200028E3A2091
:10243000640000D5AD0000D57500602456409120A1
:102440005E2000207614000A78CC794F5F00000CE3
:10245000860100B53A2064200010608C00EE61F621
:10246000F50060246E55910D88CC89515F00000CF9
:1024700096010012608C006F62423A20644000F7BF
:10248000F50058400E0000019F1948E099B21D2C3C
:1024900006194800000A78CB790C80CB81108F9107
:1024A0003A2064600000004F8F00000B960100127C
:1024B000588B00EE59C60544075391F5050C98CB8F
:1024C0009913870000CA3A20648000E081AAEDEEEB
:1024D00059DE050A78CB794F0700000058400E00FE
:1024E00000018F1048E089B21D2A06C83A2064A076
:1024F00000104800000D90CB910A98CB99138700EB
:1025000000528700000B7E01000F588B006F5AC7E6
:1025100005013A2064C00044076491F5050A88CBA0
:1025200089119F0000E099AAED6F5ADF050D90CB4D
:102530009152070000C487923A2064E0006691C47B
:102540008F66910882448767911E020002B58D0054
:1025500000F53D006820562000205E1400E83A2077
:1025600065000024666C910C70CD714E5700000D13
:102570007E01000F688D00EB69F6F50068400E00E3
:10258000000187883A206520001948E081B21D2AA1
:1025900006194800000C88CD890A90CD91129F0041
:1025A00000519F00000D760100323A206540000E78
:1025B000688D00EB69C60544077F91F5050A78CD63
:1025C000790F870000E081AAEDEB69DE050C909B96
:1025D0003A20656000CD9152070000C487929108AF
:1025E0008A448F93911E02000295C50000C53500F4
:1025F00068400E0000413A2065800001772D48E0D8
:1026000071F21D20561E002B062D48000024661C6A
:10261000910C78CD790B80CD81108FFB3A2065A08D
:102620000000004F8F00000D96010012688D00EA37
:1026300069C60544073991F5050B98CD99137700C4
:1026400000923A2065C000E071AAED20561E00EA13
:1026500069EE0524861C91CD815007000044073B9C
:102660009144073C911E02AE3A2065E0000002C58D
:10267000CDE51D006000582456EC900C68C36ACA72
:1026800069CB694D0700000B7601000E58133A2004
:102690006600008B00665AD6F50C7E01000F608C38
:1026A000006662C6EDC487B291C48FB291C497B27E
:1026B000911E02813A206620000002A5E5C525C4CE
:1026C000879891C48F9891C4979891C49F9891C40A
:1026D000A79891C4AF9891C4B7393A206640009842
:1026E00091C4BF9891C4879991C48F9991C49799C7
:1026F00091C49F9991C4A79991C4AF9991C4BFAC5B
:102700003A206660009991C4879A91C48F9A911E6D
:10271000020002C5DD851D6337010083EF01001D46
:1027200058A50DE50D6F3A20668000BFFFF8FEB595
:102730000D01EA950D83EF0100E505E059F2F56121
:102740005AC2F5F5F544EF3C912402F83A2066A010
:1027500000060285EDC50584573D911E020002C5A5
:10276000FDC505A457B3911E020002C5FD850D638A
:1027700037F03A2066C0000100833701004437B3C8
:10278000911F02010285FD85156337010083370122
:10279000000650CA560100323A2066E000E051C2FD
:1027A00005C43F9991B505C4BF99911F02010285E7
:1027B000F5F505C4FF9991EA5F00000B50E53A205A
:1027C0006700001E02000295FD0000850D633701C1
:1027D00000833701004437B4911F02010285FDC513
:1027E000058457D23A20672000B5911E020002C529
:1027F000FD850D63370100833701004437B6911F13
:1028000002010285FDC50584573A3A20674000B7AA
:10281000911E020002C5FD8515A4570D800A5E01B8
:1028200000445F0D80200E5100E151BA0544079726
:102830003A206760000D80A4570D801E02000285BB
:10284000F5950DE45F0F800B66010064670E800B49
:10285000501E020002AC3A20678000F5F50000A58A
:102860005563370100E3DF010020EEC00000E01BEC
:1028700050A8528A00FD51820D1B60C23A2067A009
:1028800000A8628C00200E7E00E161AA1520367E31
:102890000081FF04130AE01B68A86A8D00AD6E205A
:1028A00000E43A2067C0008D000D3081FFF0120A6D
:1028B000580BE1950D1B70A8728E000E3081FFDE63
:1028C000120A580BE11B78BB3A2067E0008F00EF3B
:1028D000E9F2051B809000200E7E00E181AA152000
:1028E000367E0081FFBE120A580BE11B882E3A206B
:1028F0006800009100B18E20009100113081FFAA84
:10290000120A580BE1850D1B909200123081FF9A3C
:10291000120A588D3A206820000BE11C580B502EEB
:10292000021002E5ADB5152056250044570C85BFB1
:10293000FF12FF44570D854407F13A206840000E0E
:102940008524360C850A3A2046F40181FFBC261EF8
:10295000020002D5ED0000D51D63370100BFFF8ADC
:102960003A20686000CEFF015244571085BFFFE057
:10297000FE44571185016244671285836F0100444C
:102980006F13852436BE3A206880001085003820F9
:1029900046B80B81FF80260A58625A1F020102B511
:1029A000E50000E515BFFF92FF0252633A2068A0E0
:1029B0000044571885BFFFA4FE4457198544071AE1
:1029C000852436188500382046B80B81FF4E260A2C
:1029D000586F3A2068C000625A1E020002A5EDC579
:1029E000356337010083E70100633F050023EF05EE
:1029F00000BFFF52FF0352263A2068E00044571CF4
:102A000085BFFF64FE44571D8564E2A70504E244C8
:102A1000E71E850060E0E19315245E1F856A3A2079
:102A20006900000B68CC691D70CC710E7F00004DF1
:102A30007F00000C86010010608C00FC61B1F52461
:102A4000361C851F3A2069200000382046D00781B7
:102A5000FFE2250A58625A2A020C02C5CDD55563F9
:102A600037010023D70100633F0F3A20694000057A
:102A70000083DF050000E000E82437898081FFE65D
:102A80001681FF2617E0E9AA45845F11800B56D90D
:102A90003A2069600001008A00445710800B3081A1
:102AA000FFE2170A68047F1080637AB305440710B9
:102AB0008000600C80CC3A20698000C2820D88F0D2
:102AC0008F80009100D15E0F00695AEF151C700EC7
:102AD00096010012E09C001A98CE99B13A2069A0A4
:102AE000000B56300053570000247E3481CB790F01
:102AF000300680108F0000418A468F0000FBE1FA0B
:102B000005223A2069C0001A90DC915207000001AA
:102B1000EA950D0C9E010013608C006862C6D5E03A
:102B2000E982C5340216024D3A2069E000B5AD00D5
:102B300000C515BFFF46FE055244572485BFFF5808
:102B4000FD4457258544072685243624856D3A2083
:102B50006A000000382046D00781FF02251E0200CF
:102B600002C5EDC515BFFF1AFE065244572885BFA2
:102B7000FF2CFD4F3A206A20004457298544072A3C
:102B8000852436288500382046D00781FFD6241EAC
:102B9000020002C5EDA5051E027F3A206A40000032
:102BA00002E5FDA5051E020002E5FDC515BFFFDE1D
:102BB000FD095244573485BFFFF0FC4457358583E7
:102BC0003A206A6000440736852436348500382070
:102BD00046D00781FF9A241E020002C5EDD5356359
:102BE00037010083E7673A206A80000100633F05F0
:102BF0000023EF0500BFFFA2FD0A5244573885BFEE
:102C0000FFB4FC44573985200E1000213A206AA0F9
:102C100000E1E1B70520E6100044E73A850060E0F6
:102C2000E19315245E3B850B68CC691D70CC710E59
:102C30007F4E3A206AC00000004D7F00000C8601E4
:102C40000010608C00FC61B1F52436388500382016
:102C500046D00781FF2C24FC3A206AE0002A020CAF
:102C600002B5CD0000C515BFFF42FD0B5244574CC5
:102C700085BFFF54FC44574D8544074E85A13A203B
:102C80006B000024364C8500382046D00781FFFEBB
:102C9000231E020002C5EDC515BFFF16FD0C5244F0
:102CA000575085E73A206B2000BFFF28FC4457515E
:102CB00085440752852436508500382046D0078148
:102CC000FFD2231E020002C5EDF33A206B4000C57F
:102CD00005633701001F020102C5FDC50563370109
:102CE000001F020102C5FDF515BFFFD2FC2056935F
:102CF0003A206B6000270044571485BFFFE2FB4475
:102D0000571585440716852436148500382046104B
:102D10002781FF8C230D3A206B80000A58625A1ECF
:102D200002000295ED0000F515BFFF9EFC20562A1B
:102D30000044575C85BFFFAEFB4457B33A206BA0FD
:102D4000005D8544075E8524365C8500382046D0CA
:102D50000781FF58230A58625A1E02000295ED00AF
:102D600000583A206BC000F515BFFF6AFC20562BB7
:102D70000044576085BFFF7AFB4457618544076272
:102D800085243660850038093A206BE0002046A093
:102D90000F81FF24230A58625A1E02000295ED009B
:102DA00000D515BFFF36FC20562C004457E03A20D2
:102DB0006C00006485BFFF46FB4457658544076689
:102DC000852436648500382046D00781FFF0221E16
:102DD000020002653A206C2000B5ED0000D515BF59
:102DE000FF06FC20562D0044576885BFFF16FB44A4
:102DF00057698544076A852436F13A206C4000689B
:102E00008500382046D00781FFC0221E020002B58F
:102E1000ED0000D515BFFFD6FB205631004457F119
:102E20003A206C60006C85BFFFE6FA44576D85441C
:102E3000076E8524366C8500382046B80B81FF90DC
:102E4000221E020002BA3A206C8000B5ED0000D5C7
:102E50001D633701000058BFFFA0FB20561300443C
:102E6000577085BFFFB0FA44577185023A206CA0B5
:102E700000016244677285836F0100446F7385248B
:102E800036708500382046701781FF50221F0201DE
:102E900002A73A206CC000B5E50000D515BFFF665B
:102EA000FB2056100044577485BFFF76FA445775CF
:102EB00085440776852436943A206CE000748500BA
:102EC000382046D00781FF20221E020002B5ED0007
:102ED00000D515BFFF36FB20562E004457883A20F8
:102EE0006D00007885BFFF46FA4457798544077A1C
:102EF000852436788500382046D00781FFF0211ED2
:102F0000020002163A206D2000B5ED0000D515BF75
:102F1000FF06FB20562F0044577C85BFFF16FA445E
:102F2000577D8544077E852436B43A206D40007C69
:102F30008500382046D00781FFC0211E020002B55F
:102F4000ED0000A5051E020002E5FDD515BFFF42FC
:102F50003A206D6000CEFA20563A0044578485BF6F
:102F6000FFDEF9445785854407868524368485002D
:102F7000382046D0078F3A206D800081FF88211EBF
:102F8000020002B5ED0000D515BFFF9EFA20563CA9
:102F90000044578885BFFFAEF944576C3A206DA0B6
:102FA00000898544078A852436888500382046A014
:102FB0000F81FF58211E020002B5ED0000A5051E7D
:102FC00002303A206DC0000002E5FDE525633701BF
:102FD0000083EF010061EABE0501EAF505200E302D
:102FE00000E1E9B70520EED23A206DE0003000BFE5
:102FF000FF4AFA2056160044579085BFFF5AF944FD
:10300000579185015A445F928544EF9385033A2096
:103010006E00002436908500382046D00781FFFEE0
:103020002024020602A5DDD515BFFF16FA2056188A
:103030000044575F3A206E20009485BFFF26F94474
:10304000579585440796852436948500382046D0C8
:103050000781FFD0201E020002C73A206E4000B553
:10306000ED0000D515BFFFE6F9205619004457982A
:1030700085BFFFF6F84457998544079A8524369909
:103080003A206E6000988500382046A00F81FFA08E
:10309000201E020002B5ED0000D515BFFFB6F920D5
:1030A0005648004457F43A206E80009C85BFFFC606
:1030B000F844579D8544079E8524369C850038201A
:1030C00046D00781FF70201E020002083A206EA041
:1030D00000B5ED0000D515BFFF86F9205649004424
:1030E00057A085BFFF96F84457A1854407A28524C1
:1030F00036B13A206EC000A08500382046D0078146
:10310000FF40201E020002B5ED000080078401632D
:10311000370500833705000A3A206EE00006608517
:10312000150172437703008007660180076201433F
:1031300007030080075A01800756018007F63A20EE
:103140006F00005201205E8100EB61D6F52056FF32
:1031500000EA619FF5206EB500ED61E2E5ED619F4B
:10316000552056A43A206F2000A400EA6182E5EAC7
:1031700061DF2520568400EA61A2DDEA61FF0D20AF
:10318000568200EA61C2D5EA616C3A206F4000CFF6
:1031900005EB6182D5E5D5200E8300E161B2CD95C6
:1031A000D520568600EA61E2C5EA61EF05200EC926
:1031B0003A206F60008500E16182C5E5C5200E8779
:1031C00000E161B2BD95C52056B100EA61E2B5EA01
:1031D000619F1520561B3A206F8000A800EA61828B
:1031E000B5EA61EF05200EA500E161A2AD85B5202D
:1031F0000EAB00E161D2A5B5AD2056803A206FA09C
:1032000000B300EA6182A5EA61EF05200EB200E199
:1032100061A29D85A5200EB400E161D295B59D20E7
:103220005E873A206FC000D200EB618295EB61EFC0
:103230002D2056B900EA61A28DEA61EF152056B73C
:1032400000EA61C285EA61123A206FE0008F0D202A
:103250000EB600E161BA05BF07FAFEA585200EB8DB
:1032600000E161BA05BF07ECFEBF07F6FED73A20C2
:103270007000002056D100EA61BA05BF07DCFEEA03
:1032800061B705BF07E2FE200ED000E161BA05BFBD
:1032900007C8FE473A20702000BF07D2FE205EFE1E
:1032A00000EB61BA05BF07B8FEEB619F0D200EFD74
:1032B00000E161BA05BF07A8FE273A20704000BFB1
:1032C00007B2FEEA61BA05BF079CFEBF07A6FEA3D0
:1032D00057030044063F0084072100BF077CFE74AB
:1032E0003A207060008007AC026337010023E701D9
:1032F0000081FF840E0A58635ABA0580078E02A423
:103300005F11808007133A20708000660281FFAE53
:103310000A0A58200EC000E159CA05056A446F1117
:103320008080076E0281FF960A4457923A2070A06F
:1033300000448184774581200EC000E171DA0505E3
:103340007A447F1180F51584374581BFFF1AFE0A44
:1033500058953A2070C000E059D20D048744815C32
:103360008700009C8F0100648F468106924497116C
:1033700080C505049A449F303A2070E00011808097
:1033800007220281FF4A0A0A585C5F0100BC6F01F4
:103390000024774681CD71CE0064774681263A209D
:1033A000710000077A447F11808007FE0181FF26AB
:1033B0000A0A585C5F02009C870300248F4681D074
:1033C00089D1007B3A20712000648F4681089244A5
:1033D000971180440745818007D6011C9F02000495
:1033E0006F4581ED99832D81FF743A20714000F281
:1033F000094457448104774481200E7E00E171DA4C
:1034000005097A447F1180951DA4874581DC81E000
:103410003A20716000048F4481508F0600A49745C4
:1034200081DC91929F0700246F4681CD99D300647F
:103430009F46810457743A20718000458141528A29
:103440000044574581C5050A724477118080077290
:10345000011C7F020004874581F079C83A2071A0E1
:1034600000832581FF8E090A58A48F4581DC89AB32
:1034700096200051970600A46F4581DC698D9F0757
:1034800000B03A2071C00024774681CE99D3006401
:103490009F4681087A447F1180048745814182904C
:1034A0000044874581C505743A2071E0000A524402
:1034B00057118080071E0181FF460944574481044B
:1034C0008F4481200E7E00E1899A0D81FF9D3A2074
:1034D00072000032090A58AB9620007C970400D590
:1034E00005846F45817C6F04001C6604001C70EE2F
:1034F0009F0500333A20722000C89A7C9F04000C7C
:10350000581C782F870400D08600FF7C8704000BAE
:103510008A448F1180C56581FF1C3A20724000F2F9
:10352000084457448104974481200E7E00E191FABB
:103530000D1CEE040081FFDA080A581D682D77542F
:103540003A207260000000AB9E200013717D77006E
:1035500000B50D1C5E04001C782F870400848F4585
:103560008111817C87313A207280000400249746C3
:103570008132904192D200649746813C57040024E6
:103580006F4681EA69DA050D9A449F923A2072A04B
:10359000001180F50504724477118000E0035AD5CC
:1035A0002DA52D81FF7E080A58200EC000E159FA92
:1035B00005E13A2072C000047A447F1180025A85E6
:1035C00025F505048A448F118000300C5A951DE5BD
:1035D00015048244871180C63A2072E000A5159533
:1035E000150B90040AA1916992FBF55200C9FED512
:1035F000FEFBFE0DFF21FF53FF7DFFA7FFDF3A20FB
:10360000730000F5FFE1FF00E0015A0B5029020BA7
:1036100002BF0756FD00008007100B63370500232B
:10362000E70500623A207320009C6F010080075A72
:10363000091C57060044579C91C40798918007ECD9
:103640000A1C7F0600447F9E91123A20734000C4FA
:103650001798918007DC0A018244879D91D08601EA
:1036600000E081C205C40F9891B505C48F98918F71
:103670003A207360008007C00A1C8F0600448F9FA9
:1036800091C41F98918007B00A1C97060061928A26
:103690000DC4279891643A207380001C9F07004452
:1036A0009FA091B50D1C570600E051FA05C42F9854
:1036B000911C7F0700447FA1918007723A2073A07C
:1036C00000820A1C8706004487A291C4379891841F
:1036D0005FA391A515038A448F6791C51505924490
:1036E00097013A2073C0006791BFFF42F0BFFF2EE1
:1036F000F1C50D069A449F6791850DF505615AE263
:10370000ED625A82F5635A953A2073E000E2F58043
:10371000073E0AC4079A910060025A9C5703006250
:1037200052D345246EC4869C7F0700EF7E083A2062
:103730007400000401CD79CF07FEFF1C80CB8110FF
:103740008F0600E089AA159C970700F2960401CD28
:1037500091CC91173A207420001C98CB99135706EE
:10376000005257FCFE0B7E01000F588B00D5259CA4
:10377000870700F0860401CD81B83A20744000CC60
:10378000811C88CB89119F0600509FFCFE0C96017E
:103790000012608C00200E2200E161960D9C577F84
:1037A0003A207460000700EA560401CD514A071D13
:1037B000FF950D0B7E01000F588B009C8F0300EBD3
:1037C00089FBBD00605D3A207480009C870300EB9C
:1037D00081E33D246EC4869C9F0700F39E0401CDC7
:1037E00099D30FFEFF1C90CB911257D03A2074A0B2
:1037F000000600E051AA159C7F0700EF7E0401CD72
:1038000079CC791C88CB89118706004F871FFF0B65
:103810009E843A2074C000010013588B00E51D9C63
:10382000970700F2960401CD91CC911C50CB510A20
:103830008F0600528F1FFF0B3A2074E0000C7E01B0
:10384000000F608C00200E1A00E161A605950D0B9B
:1038500086010010588B009C9F0300EB99E83A20EA
:10386000750000EBC500609C570300EB51E33D245D
:103870006EC4869C970700F2960401CD91D217FE84
:10388000FF1C887E3A20752000CB89117F0600E05E
:1038900079AA159C870700F0860401CD81CC811C94
:1038A00098CB99135706005057DA3A207540003AE2
:1038B000FF0B96010012588B00E51D9C8F0700F14D
:1038C0008E0401CD89CC891C78CB790F9F06006CC2
:1038D0003A20756000519F3AFF0C86010010608C01
:1038E00000200EC300E161A605950D0B5601000AEC
:1038F000588B009C97513A207580000300EB91EBA8
:10390000C580079A08800796081C7F0600447FA69A
:1039100091C43F989180078608C437973A2075A0D4
:1039200000999100709C8F0300E089B31D206E14F4
:1039300000C4079291ED71C60544077F91A5152437
:103940009E3A3A2075C0006C91CE991C80CE8110B1
:10395000570600535700000E96010012708E009C0F
:103960007F0300EE799BED833A2075E000206E1412
:1039700000ED71EE05248E6C91CE89510700000197
:1039800082448793910070400E0000019F6A3A20A4
:103990007600001948E099D21D2B06194800002432
:1039A0006640910C50CE510B90CE91127F00004A90
:1039B0007F0000E53A207620000E8E010011708E07
:1039C00000ED71C60544075391F5050B80CE8110BB
:1039D0009F0000E099AAEDED71553A20764000EE87
:1039E0000524964091CE91520700008007D4072409
:1039F000EEA4859C570700EA562400DD511C7F3059
:103A00003A2076600002005E7A4A7FFBFF9C5F07E7
:103A1000000B88F18E2400DD89515FFCFF0232BF6C
:103A2000FF42F00132CD3A20768000BFFF50F00017
:103A3000609C870700F0862400DD81B09FFBFFE0DB
:103A400099F31D205E1F00EB61A705033A2076A0C5
:103A500000A51D9C970700F2962400DD91CC911CD7
:103A600050CC510A7F0700527FDCFF0C8E01001101
:103A700060863A2076C0008C009C870700F0862480
:103A800000DD81B09FFBFFEC99DBE59C570700EA66
:103A9000562400DD51CC51C53A2076E0004A07DCBF
:103AA000FF9C970700F2962400DD91017A527FFD7A
:103AB000FF80072C070132BFFFC2EF0132333A20EB
:103AC000770000BFFFD0EF80071C0700609C8F03CA
:103AD00000E089C31D205E1400EB61DA0544075342
:103AE000918007F83A20772000020724864091CC85
:103AF000811C98CC991357060050570000C40766E4
:103B0000910C96010012608C00E53A207740009CF1
:103B10007F0300EC798BEDE061E705248E4091CCCA
:103B200089510700008007CA0600609C9F0300DCE3
:103B30003A20776000E099C31D205E1000EB61DA47
:103B400005440764918007B00624865591CC811CFA
:103B500050CC510A97733A207780000600509700A6
:103B600000C40F66910C7E01000F608C009C8F03D7
:103B700000EC898BED249E5591CC99843A2077A056
:103B8000005307FFFF80077C061C5706004457A719
:103B900091C407999180076C061C87060044873BF7
:103BA00091EE3A2077C0000070016A9C9703006193
:103BB00092C31D205E1E00EB71AA05F5150E600C68
:103BC0007E01000F708E000E3A2077E000248E1CDC
:103BD00091CC891C98CD9913570600515700000DC0
:103BE00086010010688D009C970300ED91563A20E5
:103BF0007800008BED247E1C91CE794F07000001E8
:103C000032BFFF62EE80070E06019A449FAA91D34D
:103C10009E0100FD3A20782000E099C205C40F996A
:103C200091B505C48F99918007F2050060245EABC1
:103C3000911C88CC8911570600D13A207840000B9E
:103C400080CC8110970000F251D205017A447FB0F8
:103C500091F5050C9E010013608C006462D6EDE3C3
:103C60003A207860004407B091C42799918007B842
:103C7000059C8F0700C88AD100D18E00FFD100BCFF
:103C80008707001089BC3A2078800011E81D50ACED
:103C900052CA5E0F00B5550497A991E091820DC4F8
:103CA0001F99914407A9910030BFFFEE3A2078A0F8
:103CB00000D2EDC555047FA991617AA20DC41F9968
:103CC00091019A449FA991C487BA91C48FBA91E592
:103CD00045853A2078C0000487A9916282920DC47C
:103CE0001F9991028A448FA9910030BFFF9CED95E6
:103CF0003D0457A9916352273A2078E000E205C4B9
:103D00001F999103924497A991F52D047FA991657C
:103D10007AE205C41F9991059A449FA9917C3A20A3
:103D2000790000D5250487A9916482E205C41F9912
:103D300091048A448FA991B51D0457A9916652E256
:103D400005C41F4A3A20792000999106924497A908
:103D5000919515E3EF0300E50D0B78687ABB0D4FE5
:103D600000AAFFB6FFC4FFD1FF923A20794000DBE2
:103D7000FF09000900E5FFEFFF1D80A882D05E0F5C
:103D800000D535048FA891E089D205C41799914ACE
:103D90003A207960004407A891953D0457A89161A5
:103DA00052E205C417999101924497A891F52D0408
:103DB0007FA891627A1D3A20798000E205C41799A4
:103DC00091029A449FA891D5250487A8916382E225
:103DD00005C4179991038A448FA8911B3A2079A0B2
:103DE00000B51D0457A8916452E205C417999104C7
:103DF000924497A8919515E3EF0300E50D0B7868C1
:103E00007A3F3A2079C000BB0D4F00C8FFD1FFDBDD
:103E1000FF0900E5FF090009000900EFFF1D80A46C
:103E200082D05E0F00851D873A2079E000048FA7BD
:103E300091E089D205C40799914407A791D515044B
:103E400057A7916152E205C40799910192653A2002
:103E50007A00004497A791B50DA50DE3EF0300F597
:103E600005E05982ED615AF2ED625AF2F51D78A231
:103E70007ACF5E4D3A207A20000300F515049FB1F9
:103E800091E099D205C42F99914407B191A51504E9
:103E900087B1916182E205C42F163A207A400099D9
:103EA00091018A448FB191850DE3EF0300D505E0C0
:103EB0005992ED615A82F5DD5E0300D5150457AEC7
:103EC0003A207A6000A691E051D205C43F9891440F
:103ED00007A69185150497A6916192E205C43F98C3
:103EE00091017A447F693A207A8000A691E505D550
:103EF00005E059B2ED615AA2F580079203C417B2EA
:103F0000911C9F0600619A8A1DC407593A207AA025
:103F100000B2910060245EEC90BC870700C382CBA6
:103F200081CC811C88CC89115708005057F8FF0CB0
:103F300096543A207AC000010012608C00666286B6
:103F4000F5D505C40FB291C497B29180074C031CFC
:103F50007F0600447FA891633A207AE000C4179955
:103F60009180073C03049FA991629ACA050030BF63
:103F7000FFCAEB1C8F0600448FA991C41FCF3A20C3
:103F80007B00009991A45FA991B515D51D0030BFA4
:103F9000FF64EB951D0030BFFF5CEBD515C487BAFD
:103FA00091C48F4B3A207B2000BA918515F50DE521
:103FB0000DD50DC50D0B8066829B0D5000EFFFF3F4
:103FC000FFEBFFEAFFF8FFF9FFAB3A207B4000FA76
:103FD000FF8007DE02A45F0980800708011C9706A6
:103FE00000200E2A00E191BA2D047F6891E0796AE1
:103FF0003A207B60008A0D049F9491E099CA0503E2
:104000008A448F098004876891E081AA0D0457676C
:10401000916552B205183A207B8000C4AFBA910571
:104020009244976791047F9491E079AA0D049F933D
:1040300091659AB205C4AFBA91058A3B3A207BA03C
:1040400000448F93914407689144079491850D1C17
:104050008706004487B7910152445709809555A4BB
:104060005F683A207BC000B79185451C970600E049
:1040700091BA0D047F6791637AB205C4AFBA910318
:104080009A449F6791E50D6B3A207BE0001C8F06F8
:1040900000618AAA0D048767916482B205C4AFBA31
:1040A00091045244576791019244976891043A20D1
:1040B0007C0000D5251C7F0600E079BA0D049F9393
:1040C00091639AB205C4AFBA91038A448F9391E584
:1040D0000D1C87573A207C200006006182AA0D043F
:1040E0005793916452B205C4AFBA91049244979326
:1040F00091017A447F9491E505183A207C4000D5DF
:1041000005615A82C5625AD2DD44070980850DF5E2
:1041100005E059BA05BF07F8FE615A92B544077C1D
:104120003A207C6000A4918007BE01C40F9A918060
:1041300007B6018007B2018007AE018007AA01809F
:1041400007A6012066F73A207C80008100EC699682
:10415000FD205EFF00EB69DFF52076B500EE69BA61
:1041600005BF0722FBEE69B7058007F83A207CA05F
:1041700000E200205EA400EB69BA05BF07E0F8EB9F
:1041800069BF35205E8400EB69BA05BF07AAF6EB6C
:1041900069F83A207CC000DF15205E8200EB69BA26
:1041A00005BF076EF6EB69EF05EC69BA05BF07526C
:1041B000F6E5CD200E8300A63A207CE000E169BA46
:1041C00005BF0764F6F5C5205E8600EB69BA05BF3A
:1041D00007B0F6EB698F0D200E8500E169313A20BA
:1041E0007D0000BA05BF0772F685BD200E8700E18D
:1041F00069BA05BF07D6F695B5205EB100EB69BA7E
:1042000005BF07923A207D2000EAF9EB69FF1520EF
:104210005EA800EB69BA05BF0760F8EB698F0D2057
:104220000EA500E169BA05BF070F3A207D4000BA2C
:10423000F9A59D200EAB00E169BA05BF0752F8B59C
:1042400095205EB300EB69BA05BF074EFAEB694CE7
:104250003A207D60008F0D200EB200E169BA05BFE3
:1042600007F0F9C585200EB400E169BA05BF07D88B
:10427000F8BF07FAFE463A207D80002066D200ECA7
:1042800069BA05BF07BEFDEC69BF35205EB900EB1A
:1042900069BA05BF07FAFCEB699F1D973A207DA01C
:1042A00000205EB700EB69BA05BF078AFAEB699F89
:1042B0000D200EB600E169BA05BF075EFABF07BA66
:1042C000FEA83A207DC000200EB800E169BA05BF03
:1042D00007A4FABF07AAFE205ED100EB69BA05BFAA
:1042E0000710FDEB69B7059D3A207DE000BF0796FA
:1042F000FE200ED000E169BA05BF07ECFCBF0786BF
:10430000FE2066FE00EC69BA05BF0772FE5C3A202B
:104310007E0000EC699F0D200EFD00E169BA05BF2B
:10432000075AFEBF0766FEEB69BA05BF075AFEBF14
:10433000075AFE963A207E20004406FF008407E1DB
:1043400000BF07F0F4850D63370100833701004497
:1043500037B5911F02010285FD943A207E4000C5C9
:1043600005A457B5911E020002C5FD8525C487C06E
:1043700091C48FC091C497C091C49FC091C4A77EBF
:104380003A207E6000C091C4AFC091C437C091C4D0
:10439000BFC091C487C191C48FC191C497C191C45A
:1043A0009FC191C4A7BE3A207E8000C191C4AFC115
:1043B00091C4B7C1911E02000285E5853D2A060021
:1043C000E003008A5F0100200EFC00893A207EA0F5
:1043D00000E159FF250A6700006162B1252D060141
:1043E000E003000D770000200E1F00E171AB1D2AD5
:1043F00006283A207EC00002E003000A7F00002069
:104400000E6A00E17991150A870000200E6F00E125
:1044100081BB0D310618E1143A207EE0000300F163
:104420009701002106FFFF0000E191EA050050D549
:1044300005A3570300A505015242063F00C53A20D7
:104440007F000082072100F5C50000F545BFFF860B
:10445000FF0A58E0599245BFFF5CDDBFFF28FF0A05
:10446000600C58643A207F2000C53581FFB61220C9
:1044700036480081FF42140A58E059BA05BFFF4090
:10448000EF2036480081FFEC13273A207F40000AD6
:10449000600C58F51581FFC610013280FFF0F680E0
:1044A000FF8CF980FF68FA80FF48FF80FF7CFFB631
:1044B0003A207F60000132BFFFCAFEA50D81FFA434
:1044C00010C515E505D505645A92ED655A82FDC5FE
:1044D0000DC50DA50DF33A207F8000BFFF48E0F524
:1044E00005E505E059C2CD615AF2F585FD95C51E79
:1044F00002000295BD0000800776015F3A207FA090
:104500000063370100E3B70100633F0500E3BF0527
:104510000000604407C491016A4407C59102721704
:104520005E483A207FC0000800445FC69103320B0A
:1045300050A8524457C79104E205C2BFFF98E70A4A
:104540005824EEC4911D78DA3A207FE000DC794FE0
:104550005F000018C81986010010C0D800BFFF7C9A
:10456000E70A581D88D9890B90A89251970F3A20D5
:10457000800000000018600C9E010013C0D8001DD0
:1045800078CC7903824F87000018680D5601000A25
:10459000C0D800D73A208020001D88CD8920967091
:1045A000005197000018700E9E010013C0D8001D26
:1045B00078CE794F0700001830DD3A2080400006A1
:1045C00086010010C0D8001D50C6514A07000018CF
:1045D00038078E010011C0D8001D90C79152B779DD
:1045E0003A2080600000001840089E010013C0D8E7
:1045F000001D78C8791680A8824F870000184809E6
:104600005601000AC0603A20808000D8001D88C989
:104610008951BF000018D01A96010012C0D8001DA1
:1046200098DA991778A87A537F0000133A2080A06F
:104630000018D81B86010010C0D8001D50DB514A5D
:1046400007000018E01C8E010011C0D8001D90DC8E
:1046500091363A2080C000520700001798C19A1383
:104660009E1000F3C1CE15205E5E011D78D8794FF3
:10467000070000EBC1A605753A2080E000B50D18D3
:1046800086010010C0D8001750C1520A561000EA27
:10469000C186F564C722931D30023A0142BB3A201D
:1046A00081000081FF6C240A600C88B10011580B56
:1046B000504406FFF38407E1F3BF078AFE00008041
:1046C00007A001CB3A2081200063370100E3DF011E
:1046D00000633F050023E7050063470900E3EF0996
:1046E00000006002524457C491F93A208140000111
:1046F0006A4407C59102721D5E0800445FC69103BB
:10470000320B78A87A447FC79104CA05A2BFFFFA8A
:104710003A208160000EE60A5824D6C4911A80D946
:1047200081505F000014A8158E010011A0D400BFB5
:10473000FFF2E50A60D33A208180001A90D5910CEF
:1047400098A89A529F000014680D7E01000FA0D413
:10475000001A80CD81038A508F0000193A2081A071
:104760000014700E5601000AA0D4001A90CE9120B9
:104770009E7000529F00001430067E01000FA0D4EE
:1047800000E43A2081C0001A80C68150070000145E
:1047900038078E010011A0D4001A50C7514A0700F3
:1047A000001440089601003A3A2081E00012A0D49B
:1047B000001A98C89953DF00001448097E01000FC1
:1047C000A0D4001A80C9811B88A88A508FB53A20CE
:1047D000820000000014B0165601000AA0D4001A8E
:1047E00090D69152EF000014B8179E010013A0D488
:1047F000001A78C23A20822000D7791D80A8824F03
:1048000087000014C0188E010011A0D4001A50D8DF
:10481000514A07000014C81996E23A20824000016C
:104820000012A0D4001A98D999530700000058E04C
:10483000E9F32520365E0114680D7E01000FA07497
:104840003A20826000D4000B80C182DC8110601AA3
:1048500088CD892C5700005157000014700E960126
:104860000012A0D400BD3A208280001A98CE99ECA4
:104870007F0100A87A537F0000E6A1A605F5050B8D
:104880008601001058CB00FD59D1DD703A2082A07E
:104890000064A722931A30023A014281FFC2220A21
:1048A000600C88B10011580B504606FFFF8607E1E7
:1048B000FFA73A2082C000BF0760FE800756016351
:1048C000370100E3AF010000704407C491016A445E
:1048D00007C59102620952933A2082E0004457C60C
:1048E00091035A4407C79104E205B2BFFF7EE40A70
:1048F0005824EEC4911D78DC794F5F00006E3A2099
:1049000083000016B81786010010B0D600BFFF6202
:10491000E40A581D88D7890B90A892519700001679
:10492000600C9E133A20832000010013B0D6001DB6
:1049300078CC7906824F87000016680D5601000A70
:10494000B0D6001D88CD892096483A20834000309B
:10495000005197000016700E9E010013B0D6001D86
:1049600078CE794F07000016300686010010B0742B
:104970003A20836000D6001D50C6514A0700001639
:1049800038078E010011B0D6001D90C79152AF00BC
:10499000001640089ED53A20838000010013B0D64F
:1049A000001D78C8791580A8824F87000016480935
:1049B0005601000AB0D6001D88C989933A2083A009
:1049C000005107000016C01896010012B0D6001D55
:1049D00098D8995307000016C8197E01000FB0D669
:1049E00000BD3A2083C0001D80D981500700001609
:1049F000D01A5601000AB0D6001D88DA8951070086
:104A00000016D81B960100683A2083E00012B0D649
:104A1000001D98DB995307000016E01C7E01000F73
:104A2000B0D6001D80DC815007000064B7D03A206A
:104A300084000022931D30023A014281FF64210A62
:104A4000600C88B10011580B504206FFF78207E155
:104A5000F7BF07FE3A20842000AAFE0000C54D6380
:104A6000370500E3370500045F8894615A9A4504CE
:104A7000678994E061DA3D046F583A208440008CE5
:104A8000940477C891EE69AA35047F8D940487C990
:104A900091F079CA2D048F8E94668ADA250497CA1C
:104AA0003A208460008F94200E3000E191FA1D04BA
:104AB0009F9094E0998A1D045F9194E059CA15066D
:104AC000608C00846F863A208480009394ED61BAF4
:104AD0000D0670A8728E00A47F9394EF71CA050131
:104AE000529515B5050050E50DB505563A2084A040
:104AF000000050B50DB5050050850DB5050050D529
:104B00000503570300A505005044063F0084072114
:104B1000009E3A2084C000B5B50000C54D6337053E
:104B200000E3370500045F8894615A9A4504678959
:104B300094E061DA3D046FF63A2084E0008C94043E
:104B400077C891EE69AA35047F8D940487C991F0E6
:104B500079CA2D048F8E94638ADA2504972D3A2022
:104B60008500008F94200E7000E191FA1D049F9043
:104B700094E0998A1D045F9194E059CA1506608CEF
:104B800000846FA53A208520009394ED61BA0D064C
:104B900070A8728E00A47F9394EF71CA050152959C
:104BA00015B5050050E50DB505B53A208540000066
:104BB00050B50DB5050050850DB5050050D5050360
:104BC000570300A505005044063F0084072100FD5F
:104BD0003A20856000B5B5000080074401633701C5
:104BE00000E3370100633F0500E3B70500634709B1
:104BF00000E3BF09006B3A20858000634F0D00235E
:104C0000C70D00E3CF3500006006508A004457C44A
:104C100091016A0678A87A447FC591EA3A2085A076
:104C2000000272195E0500445FC691033A0B80A82A
:104C3000824487C79104D205DABFFFB4E10A582441
:104C4000EE403A2085C000C4911D88DA89515F008A
:104C5000001BE01C96010012D8DB00BFFF98E10AA0
:104C6000601D98DC990C78CC3A2085E000A87A5336
:104C70007F00001B680D86010010D8DB001D88CD69
:104C80008951B700001B700E96010012D8903A208F
:104C9000860000DB001D50CE511698A89A4A9F004E
:104CA000001B38077E01000FD8DB001D80C7815034
:104CB000BF00008B3A208620001B30068E010011B9
:104CC000D8DB001D90C6911750A852525700000023
:104CD00058E0C9F32520365E01BA3A208640001B11
:104CE000680D9E010013D8DB000B78C17AD8790FCC
:104CF000601D80CD812C8F0000508F00001B7097AD
:104D00003A208660000E96010012D8DB001D50CEBE
:104D100051EC9F0100A89A4A9F0000E6D9A605F52C
:104D2000050B7E01005F3A208680000F58CB00F90A
:104D300059D1DD19860500648722931D30023A019E
:104D40004281FFD61E0A600C88B100753A2086A009
:104D50000011580B504806FFF38807E1F3BF07BC6A
:104D6000FE852D63370100E33701002B06FFFF00AE
:104D7000003C3A2086C000046788946162BA1D0432
:104D80006F8994E069FA1506708E00847F8F94EF26
:104D9000719A150680A882A83A2086E0009000A4A7
:104DA0008F8F94F181AA0DA4979194C892D200D2CA
:104DB0009600FF845F919412590B501F02893A208C
:104DC000870000010285DDE50563370100633F05CB
:104DD0000020020202A5FDC505633701001F020184
:104DE00002C5FDB53A20872000C505633701001FC5
:104DF000020102C5FDC505633701001F020102C59E
:104E0000FDC505633701001F021D3A2087400001E0
:104E100002C5FDC505633701001F020102C5FDE59E
:104E20000563370100633F050020020202A5FD155E
:104E30003A20876000E50563370100633F050020E5
:104E4000020202A5FDF50563370100633F0500017D
:104E50005220020202503A2087800095FD0000F5A2
:104E60000563370100633F050000502002020295F0
:104E7000FD0000E50563370100633FDC3A2087A0B1
:104E800000050020020202A5FDB5156337010023CD
:104E90005F01002B5705000A302B6709000C38EB27
:104EA0006F0A3A2087C0000D000D4080FF94FB0080
:104EB000580B501F020102D5ED0000D51D633701CC
:104EC0000083770100633F6E3A2087E000050023EE
:104ED0006F050063470900E36709000E50EC522498
:104EE0005EE497CA592B7F0100EB870500F93A2051
:104EF000880000D0790F300D380C4080FF50FB2126
:104F0000020302B5E50000A5051E020002E5FDA5AD
:104F1000051E023B3A208820000002E5FDA50D6336
:104F2000370100633F05002036110080FFB27C206E
:104F3000020202E5F5D50D6337D03A208840000122
:104F400000633F05002036220080FF9A7C003080FD
:104F5000FF888120020202B5F50000950D63379F9E
:104F60003A208860000100633F0500015244576801
:104F70008020020202F5F50000A525633701002319
:104F8000370100633F083A2088800005000657007B
:104F90000061528A15036244672C9820365600013E
:104FA0003A80FF16890A58E05902327C3A2088A0DC
:104FB00000003880FF52B4D5052036120080FF383B
:104FC0007C003080FF268120020202E5DD8007F0B0
:104FD00002CF3A2088C0006337050023CF05006365
:104FE0003F0900996F0100B9570100C852CA00CAB1
:104FF0005600FFCA009977603A2088E00003000E4F
:10500000510A600D588007A602210600FF0000E14A
:1050100061B2058007940100E063CF0500C63A2025
:1050200089000080FF408C24EE18801C78C37ADD54
:10503000798F8703001030013A80FFB68A0A58E062
:10504000599A2D863A20892000C4FFAC98E2251C8D
:1050500088C38ADD89F19701001230023A80FFD4BB
:105060002E0A600C58A515951D103A208940008520
:105070001D1C98C39ADD99F37701000E30023A03A4
:105080004280FFDA2DD50DC50DA3E70300950D5B1A
:105090003A208960000B78637AEB054F00EDFFF84A
:1050A000FFEBFFECFF1C8E010011E09C006AE2B6F2
:1050B000C501924397343A20898000020000D02431
:1050C000EE18801A98C39ADD99B3770500D9729EBD
:1050D000720E58E56523CF050083DF433A2089A08F
:1050E0000003001B680D5601000AD89B001A78C304
:1050F0007ADD790F601980CD81EC8F0100A88A508C
:105100008F483A2089C00000001B580B96010012FE
:10511000D89B001998CB992C770000537700001A80
:1051200050C352DD51EA7F653A2089E00001000F4B
:1051300030003880FF222E0A580B80900010E01AB1
:1051400088C38ADD89F19701001230013A683A205C
:105150008A000080FF082E0A580B98C49A13E19C1D
:10516000001A70C372DD71EE7F01000F30023A80C9
:10517000FFEC2D203A208A20000A580B80C58210AF
:10518000E19C001A88C38ADD89F19701001230037F
:105190003A80FFD02D0A600C988E3A208A4000C7D2
:1051A0009A13E19C001B580B7601000ED89B001946
:1051B00078CB794FE7000043DF0200850DA3D77459
:1051C0003A208A60000300D505615AA29D635A8285
:1051D0009D1A86010010D09A006AD2F685838F034B
:1051E00000030A4188863A208A80002397050052EE
:1051F0008F0000D5052036310080FF567A80070EDB
:1052000001210600FF0000E161DA6D413A208AA029
:1052100000005801DA0A525957000000D024EE1855
:10522000801B680D9E010013D89B001A70C372DDAD
:10523000713B3A208AC0000E601978CD79EC870165
:1052400000A8824F8700001B580B96010012D89BC4
:10525000001988CB892C57CB3A208AE000000051F6
:105260005700001A98C39ADD99F37701000E3000B9
:105270003880FF142D0A580B788F000FE0453A2034
:105280008B00001A80C382DD81F09701001230018B
:105290003A80FFFA2C0A580B88C48A11E19C001A44
:1052A00098C39A8E3A208B2000DD99F37701000E87
:1052B00030023A80FFDE2C0A580B78C57A0FE19C49
:1052C000001A80C382DD81F097DD3A208B40000117
:1052D000001230033A80FFC22C0A600C88C78A1182
:1052E000E19C001B580B9E010013D89B0019701FF6
:1052F0003A208B6000CB714EE700001A7E01000F50
:10530000D09A006AD286A543DF0200D50520363147
:105310000080FF6879263A208B80008515203612A0
:105320000080FF5E79B50DA50DE059BA05BF075A9B
:10533000FD615ABA05BF07FCFEA5F5203A208BA0F7
:10534000008337030080FF347E4606FF708607E146
:1053500070BF0710FDA56D6337010023370100639F
:105360003FB13A208BC000050086570100C852CAE1
:105370005600FFCA00A66701000C510A582106001A
:10538000FF0000E159DA4D5B3A208BE00000E02499
:10539000EE18801C68C36ADD690D770300E071CAEE
:1053A0003D1C78C37ADD79EF8701001030373A2051
:1053B0008C00000038004080FF282B1C88C38ADD49
:1053C00089F19701001230013A014280FF142B1C31
:1053D00098C39A9B3A208C2000DD99F36701000C5A
:1053E00030023A004080FF002B1C68C36ADD69ED83
:1053F0007701000E30033A0040EA3A208C400080EA
:10540000FFEC2A44072C981C78C37ADD798F870338
:10541000001030013A80FF56850A58E059E205D95C
:105420003A208C60002036100080FF8078F5051C43
:105430008E010011E09C006AE296BDD5052036126F
:105440000080FF6878A53A208C8000023280FF56E9
:105450007D2A020C02E59580074201633701002393
:10546000EF0100633F05002457A597C43A208CA0A4
:1054700000D3529B526452B20580071C0180FF1872
:10548000780A600C58800700019D5F0100E525A5A2
:10549000354B3A208CC00080FFACAF0A58625ACA24
:1054A00015046A446F2C9820365600013A80FFD6C6
:1054B000840A58E05900304D3A208CE000207701F2
:1054C00007450E010021FEEE8C6E00D50520362228
:1054D0000080FFF077D515C51520361100173A204A
:1054E0008D000080FFE477F50DE50D200E8100E1D1
:1054F0005982DD200E8500E159D2D5200E8700E1CA
:1055000059E2EDEB3A208D2000E5ED855502328021
:10551000FF2AB09D5F0100E50DA51D951D203622D7
:105520000080FFAC77C51520364D3A208D40001124
:105530000080FFA277F50DE50D200E8100E1598274
:10554000F5200E8500E159D2ED200E8700E1597B50
:105550003A208D6000A2EDE5EDF52D023280FFE8E6
:10556000AF9D5F0100E50DA51D2036220080FF6C78
:1055700077D515C515D73A208D80002036110080CB
:10558000FF6077F50DE50D200E8100E15982F520D1
:105590000E8500E159D2ED200E8700613A208DA0E2
:1055A00000E159E2EDE5EDE50D2036110080FF3810
:1055B00077950D850D615A9285625AD2B5645AC2AB
:1055C000D5B33A208DC000C5F5D505203622008020
:1055D000FF1C7725020702BF07C0FED565633705AC
:1055E00000633F090080FFBE3A208DE0008EAE0AC6
:1055F00058625ABA5580FFDC760A58615AEA4D2340
:105600006F05000D7700004377030080FF8E3A207E
:105610008E0000A6AF0A600C58F53D2036210080B0
:10562000FFD876D53DA35F0300E52580FFA43703AF
:105630003280FF8A3A208E200032AF003080FFD0C7
:105640003DC52D80FF9237033280FF20AF003080B0
:10565000FF7A3AB5256407AD80033A208E400003F7
:105660003280FFC242D51D033280FF06AF0030807A
:10567000FFE03EE5152036120080FF8A769515A7DB
:105680003A208E60008515625AB2E5200E1100E1C5
:1056900059E2D5200E3000E159C2E5200EBB00E1F1
:1056A00059E2E5C5EDFA3A208E8000D505C50563BF
:1056B0005A92C5D5C5D5052036220080FF54760103
:1056C0003280FF427B46063F0086075E3A208EA06E
:1056D000002100A59D800778016337010023DF01C9
:1056E00000633F050000E09BEF0100BB5F0100E0AD
:1056F000594B3A208EC000B20580074A0180FFFE58
:10570000750A58615AB2058007320180FFD0AE0A8F
:1057100058635A8A551D58193A208EE000A5451C39
:10572000580B6E01000DE09C001B70CB714EEF001A
:105730000080FF34370A58E059871D1C58703A2002
:105740008F00000B7E01000FE09C001B80CB8120AE
:105750008E6300508F000062EACA05C41F2B98F5C3
:1057600005200E7C3A208F20001100E1E9BA05C423
:105770002F2B9885151C580B96010012E09C001BDE
:1057800098CB99206E6400536FD83A208F40000068
:1057900000C4372B98C4272B98013280FF64AE02D7
:1057A0003280FFFEADA5152036120080FF8875E51A
:1057B0003A208F6000D50DC50D625AE2BD200E1152
:1057C00000E159A2BD200EBB00E159E2B585F5B557
:1057D000451C600C76DE3A208F800001000EE09CB4
:1057E000001B50CC514AEF00001D58E5252B06E068
:1057F000930400247FAD80EB79E105443A208FA02B
:10580000002036220080FF4075E50D1C600C8601EB
:105810000010E09C001B88CC892096640051970002
:10582000007E3A208FC000645FAD80B51D20362217
:105830000080FF1A75E5152036120080FF1075955F
:10584000158515625AC2F52C3A208FE000200E1102
:1058500000E15982F5200E3000E159A2D5200EBB9F
:1058600000E15982EDC5ED013280FFB4AD1B3A2055
:10587000900000D5052036220080FFDE74D505207B
:1058800036120080FFD474023280FFC2792F0211D9
:1058900002BF072C3A209020008AFE0000800742B9
:1058A000026337050023D70500633F090000D88055
:1058B000FF8E740A58615AB205673A209040008002
:1058C000070E0280FF60AD0A600C588007F40120CB
:1058D00036210080FF907443DF03008007F0010C45
:1058E0003A209060009A5F01008007C6011B580BA8
:1058F0007601000ED89B001A78CB791A8700004FEA
:10590000870000C4CF523A209080002B98EA8F0085
:1059100000618ADA55C4F72B98EA9700006192F289
:1059200005C4EF2B98EA9F0000619A973A2090A057
:1059300000CA0D1B580B5601000AD89B001A70CBE9
:1059400071027A4E7F0000A50D1B580B86010010D6
:10595000D8D93A2090C0009B001A88CB8951070003
:105960000000E024EE18801C90C392DD91F29F01AC
:10597000001330023A80FF1E3A2090E000AE280A61
:1059800058635AFA1D01725A7701001B680D7E0197
:10599000000FD89B001C80C382DD811060DF3A209D
:1059A0009100001A88CD89EC970100A892519700C8
:1059B000001B580B9E010013D89B001A50CB512C92
:1059C000770000E53A209120004A7700001C7E0114
:1059D000000FE09C006AE2F6CDD50520362200805B
:1059E000FFAE7343DF030080079B3A20914000FE27
:1059F000001B580B86010010D89B001A88CB891A0F
:105A000097000051970000C4C72B98EA9F0000231D
:105A10003A20916000619ADA55C4E72B98EA570062
:105A2000006152F205C4DF2B98EA7700006172CA68
:105A30000D1B580B7EFF3A2091800001000FD89B70
:105A4000001A80CB81028A508F0000A50D1B580BD5
:105A500096010012D89B001A98CB99993A2091A0F0
:105A6000005307000000E024EE18801C50C352DDF4
:105A700051EA7701000E30023A80FFD4270A5863BA
:105A80005AA73A2091C000FA1D017A5A7F01001BE3
:105A9000680D86010010D89B001C88C38ADD89111F
:105AA000601A90CD91EC9F2E3A2091E0000100A861
:105AB0009A529F00001B580B7601000ED89B001ACB
:105AC00050CB512C7F00004A7F00001C86293A20D1
:105AD000920000010010E09C006AE2F6CDD505209E
:105AE00036220080FFD47243DF0300A51520361153
:105AF0000080FFD63A20922000C67243DF0300B533
:105B00000DA50D625AB28D200E1100E159BA05BFE4
:105B10000732FE85F5850DF5052E3A20924000638B
:105B20005ABA05BF070CFEBF0718FEF5052036223E
:105B30000080FF927243DF0300A337030080FF70F1
:105B40003A209260007A774606FF308607E130BF40
:105B500007BEFD000080072C056337050023DF0525
:105B600000633F09005A3A2092800000E000589BF1
:105B7000570100C852CA00BB7F01000F510AE880DC
:105B8000FF30720A58645AB2058007B33A2092A0D7
:105B900000E6041D688007A00180FF70820A3201C0
:105BA0003A80FFFC7E0A587F5AEA052036100080B2
:105BB000FF273A2092C0002672B52580FF54820C40
:105BC00032013A80FFE07E0A587F5AEA05203610FB
:105BD0000080FF0A72D515FC3A2092E0001C600C90
:105BE00086010010E09C001B88CC891D90A8925172
:105BF0009700001C580B9E010013E09C005F3A20A8
:105C00009300001B78CB794FEF000043E70300803F
:105C10000776040060245E2C980B50CC511B80CC7E
:105C200081108F653A2093200002004A8F00000CFB
:105C300096010012608C006462B6F52036250004DF
:105C40003A80FF747E0A587F5ADB3A20934000EA7C
:105C5000052036100080FF9E71D5151C600C9E013A
:105C60000013E09C001B78CC791D80A8824F87151B
:105C70003A2093600000001C580B8E010011E09C3C
:105C8000001B90CB9152EF000043E7030080070A0E
:105C90000480FFC481843A209380000B32013A8053
:105CA000FF48800A58E059AA3D0068245EAC982459
:105CB000662C980C98CD990B78CD793D3A2093A01D
:105CC000000F8700001B88CD891197020052815375
:105CD0008700000D5601000A688D00616AE6ED0B31
:105CE00032893A2093C000013A80FFEA7D0A587F4A
:105CF0005AEA052036100080FF1471D5151C600C7F
:105D00007E01000FE09C005C3A2093E0001B88CCF1
:105D1000891D90A892519700001C580B9E010013FA
:105D2000E09C001B80CB8150EF0000D505F93A20A4
:105D30009400002036100080FFE07043E7030080ED
:105D40000776032036110080FFD07043E703008000
:105D5000076603A73A209420002036310080FFC058
:105D60007043E70300800756032036120080FFB01F
:105D70007043E7030080074603E53A209440008023
:105D800007420320660002EC69B6F52B06FFFF0010
:105D900000EB69EFED2E0600E40000EE6992DD7B7A
:105DA0003A20946000EE69B7058007F2012B0600E7
:105DB000D10000EB6982D5EB69B7058007D2002BD3
:105DC0000603C900004C3A20948000EB69F2C5EB51
:105DD00069CF2D2B0603910000EB6982C5EB698F1B
:105DE00015205E0202EB69A2BDEB69903A2094A0F7
:105DF00000CF05EC69E2B5D5C5210613820000E1AC
:105E00006982B5F5BD2B0601C90000EB69A2ADEBB7
:105E100069713A2094C0009F0D210600C90000E17D
:105E200069BA05BF07DCFD85B5210602C90000E19E
:105E300069B29DA5AD2B06003A2094E00007C90089
:105E400000EB69D295EB69CF152B0605C90000EB75
:105E500069E28DEB69FF05210604C900009B3A2029
:105E6000950000E169F285E595210606C90000E18B
:105E700069928585952B0609C90000EB69BA05BFB3
:105E800007F4FED13A20952000EB69AF0D210608FA
:105E9000C90000E169BA05BF074EFEBF07FEFE213B
:105EA000060AC90000E169BA05433A20954000BFDF
:105EB00007D0FEBF07ECFE2B0619E20000EB69BA23
:105EC00005BF07BEFEEB698F452B0603D20000D845
:105ED0003A20956000EB69BA05BF07ACFEEB69CFCD
:105EE0001D2B0601D20000EB69BA05BF079AFEEB35
:105EF00069AF0D21067C3A2095800000D20000E1B8
:105F000069BA05BF0788FEBF07A4FE210602D200BA
:105F100000E169BA05BF0776FEBF07383A2095A0B1
:105F20000092FE2B0600E20000EB69BA05BF076491
:105F3000FEEB69AF0D210604D20000E169BA05BF8E
:105F400007F13A2095C00052FEBF076EFE210617EA
:105F5000E20000E169BA05BF0740FEBF075CFE2B07
:105F60000601E30000EB69533A2095E000BA05BF53
:105F7000072EFEEB69CF1D2B0631E20000EB69BA5C
:105F800005BF071CFDEB69AF0D21061AE2113A208F
:105F90009600000000E169BA05BF070AFEBF0726A8
:105FA000FE210600E30000E169BA05BF07F8FDBF66
:105FB0000714FEE33A209620002B0603E30000EBD3
:105FC00069BA05BF07E6FDEB69AF0D210602E300E4
:105FD00000E169BA05BF07D4FD9B3A20964000BF97
:105FE00007F0FD210604E30000E169BA05BF07C21E
:105FF000FDBF07DEFD2C060CE40000EC69BA05E4E9
:106000003A20966000BF07B0FDEC69AF552B06083B
:10601000E40000EB69BA05BF079EFDEB69EF2D2B8D
:106020000606E40000023A20968000EB69BA05BF3C
:10603000078CFDEB69CF1D2B0603E40000EB69BA6A
:1060400005BF077AFDEB69AF0D2106893A2096A0BE
:106050000002E40000E169BA05BF0768FDBF0784DC
:10606000FD210605E40000E169BA05BF0756FDBF42
:1060700007513A2096C00072FD210607E40000E1B6
:1060800069BA05BF0744FDBF0760FD2B060AE4009F
:1060900000EB69BA05BF07DE3A2096E00032FDEB5F
:1060A00069AF0D210609E40000E169BA05BF0720C8
:1060B000FDBF073CFD21060BE40000E169CC3A205E
:1060C000970000BA05BF070EFDBF072AFD2C061278
:1060D000E60000EC69BA05BF07FCFCEC69CF1D2B9C
:1060E0000610E6683A209720000000EB69BA05BF69
:1060F00007EAFCEB69AF0D21060DE40000E169BA87
:1061000005BF07D8FCBF07F4FCE93A2097400021FF
:106110000611E60000E169BA05BF07C6FCBF07E249
:10612000FC2C06F3E60000EC69BA05BF07B4FC21BD
:106130003A20976000EC69AF0D2106F2E60000E11D
:1061400069BA05BF07A2FCBF07BEFCEB69BA05BF71
:1061500007A6FCBF07AB3A20978000B2FCF50520EC
:1061600036220080FF5C6D43E70300A33703008005
:10617000FF44724606FF108607E110493A2097A0B7
:1061800000BF07D4FA80076C1563371D0023E71D95
:1061900000633F2100023200709C6701000C50C870
:1061A000524E3A2097C000CA00BC7F01000F510A2E
:1061B0006800405C670000013A06E81C80108F010F
:1061C000005C8F01000D58F83A2097E0008007B47A
:1061D000111DD81B96010012E89D0080FF7A2E0A3F
:1061E000581C98DB99535F000043EF1B002F3A20A7
:1061F000980000800704151DD81B7E01000FE89D44
:106200000080FF1A2E0A581C80DB81505F0000437B
:10621000EF1B00683A209820008007E4141DD81B6B
:106220008E010011E89D0080FFEA380A581C90DBBF
:1062300091525F000043EF1B005B3A2098400080C2
:1062400007C4141D680D9E010013E89D001C78CD45
:106250007907824F8700001D600C8E010011E896BF
:106260003A209860009D001C50CC5103924A970040
:10627000001D580B9E010013E89D001C78CB79206F
:10628000866C004F87D53A20988000000043EF1BB2
:106290000080077E141D700E8E010011E89D001C09
:1062A00050CE51209638004A970000483A2098A0D6
:1062B000001D680D9E010013E89D001C78CD79201B
:1062C0008652004F8700001D600C8E010011E89D72
:1062D00000893A2098C0001C50CC51209632004AC8
:1062E0009700001D580B9E010013E89D001C78CB01
:1062F00079208639004F87F23A2098E00000004369
:10630000EF1B0080071E141D700E8E010011E89D0A
:10631000001C50CE51209619004A970000673A2081
:106320009900001D680D9E010013E89D001C78CDAA
:10633000790C824F8700001D600C8E010011E89DD2
:10634000001C50263A20992000CC5101924A970017
:10635000001D580B9E010013E89D001C78CB79208E
:106360008612004F87000043EF473A209940001BF8
:10637000008007C2131D600C8E010011E89D001CF7
:1063800050CC514A0700001D580B96010012E8F747
:106390003A209960009D001C98CB99017A537F00A8
:1063A0000043EF1B00800794131D680D8601001049
:1063B000E89D001C88183A20998000CD895107007B
:1063C000001D600C5601000AE89D001C90CC910154
:1063D0009A529F00001D580B7E0100163A2099A08A
:1063E000000FE89D001C80CB81208E2000508F0084
:1063F0000043EF1B00800750131D680D5601000A73
:10640000E86C3A2099C0009D001C90CD9152070085
:10641000001D600C9E010013E89D001C78CC7903E0
:10642000824F8700001D581E3A2099E0000B8E0114
:106430000011E89D001C50CB51209667004A970040
:106440000043EF1B0080070C131D680D9E8E3A2041
:106450009A0000010013E89D001C78CD794F0700D9
:10646000001D600C86010010E89D001C88CC89048A
:10647000525157E13A209A200000001D580B960116
:106480000012E89D001C98CB99037A537F000043CB
:10649000EF1B008007CA121D68DC3A209A40000DED
:1064A00086010010E89D001C88CD89510700001D61
:1064B000600C5601000AE89D001C90CC9152378A6E
:1064C0003A209A600000001D580B9E010013E89DC1
:1064D000001C78CB79208685004F87000043EF1B96
:1064E0000080078812E83A209A80001D680D8E010E
:1064F0000011E89D001C50CD514A0700001D600CA2
:1065000096010012E89D001C98CC99643A209AA04C
:1065100000017A537F00001D580B86010010E89D92
:10652000001C88CB89205641005157000043EF1BC7
:1065300000193A209AC000800744121D680D960188
:106540000012E89D001C98CD99530700001D600CB7
:106550007E01000FE89D00D93A209AE0001C80CC13
:1065600081048A508F00001D580B5601000AE89DD7
:10657000001C90CB91209E2600529F0000CD3A2017
:106580009B000043EF1B00800700121D680D7E0179
:10659000000FE89D001C80CD81008F0407508F0004
:1065A000001D60DA3A209B20000C5601000AE89D8D
:1065B000001C90CC91009F0507529F00001D580BB6
:1065C0007E01000FE89D001C805F3A209B4000CBBD
:1065D00081008F0607508F000043EF1B008007B635
:1065E000111D700E5601000AE89D001C90CE9117F7
:1065F0003A209B6000520700001D680D9E010013A9
:10660000E89D001C78CD794F0700001D600C8601C5
:106610000010E89D00EE3A209B80001C88CC892069
:10662000562700515700001D580B96010012E89D97
:10663000001C98CB99207E8600537FCB3A209BA0EC
:1066400000000043EF1B0080075E111D680D8601EE
:106650000010E89D001C88CD89510700001D600CCA
:1066600056833A209BC00001000AE89D001C90CC94
:1066700091019A529F00001D580B7E01000FE89D6A
:10668000001C80CB81208E373A209BE000310050E7
:106690008F000043EF1B0080071A111D680D560183
:1066A000000AE89D001C90CD91520700007B3A2023
:1066B0009C00001D600C9E010013E89D001C78CC1E
:1066C000794F3700001D580B86010010E89D001C13
:1066D00088CB89913A209C200020567500515700A4
:1066E0000043EF1B008007D8101D680D96010012B3
:1066F000E89D001C98CD995307A13A209C400000CA
:10670000001D600C7E01000FE89D001C80CC810103
:106710008A508F00001D580B5601000AE89D00AFFB
:106720003A209C60001C90CB91209E1000529F004C
:106730000043EF1B00800794101D680D7E01000FC1
:10674000E89D001C80643A209C8000CD81500700A9
:10675000001D600C8E010011E89D001C50CC510101
:10676000924A9700001D580B9E0100553A209CA0AC
:106770000013E89D001C78CB79208613004F87001A
:106780000043EF1B008007501080FF0C680A600C6C
:1067900058B03A209CC000C52D1D580B8E01001129
:1067A000E89D001C90CB91209E8100529F000043E9
:1067B000EF1B00E5251D58E93A209CE0000B7E0107
:1067C000000FE89D001C80CB8120568500505700AB
:1067D0000043EF1B00851D1D580B8E0100BE3A20A3
:1067E0009D000011E89D001C90CB91209E870052D7
:1067F0009F000043EF1B00A50D950D615AC2D562A5
:106800005A82E5593A209D2000645AC2ED43EF1B9D
:10681000008007DC0F1D580B7E01000FE89D001C57
:1068200080CB81205638005057273A209D400000E9
:10683000001D600C8E010011E89D001C90CC912081
:106840009E5200529F00001D680D7E01000FE8431C
:106850003A209D60009D001C80CD81205632005062
:106860005700001D700E8E010011E89D001C90CE97
:1068700091209E39004B3A209D8000529F00001DC0
:1068800030067E01000FE89D001C80C68120562D39
:1068900000505700001D38078E0100543A209DA07B
:1068A0000011E89D001C90C791209E3100529F006E
:1068B000001D40087E01000FE89D001C80C881205B
:1068C00056563A209DC0003400505700001D48091C
:1068D0008E010011E89D001C90C991209E44005239
:1068E0009F00001DD81B7E8E3A209DE00001000F06
:1068F000E89D001C80DB8120563500505700001DAC
:10690000D01A8E010011E89D001C90DA91413A20C6
:106910009E0000209E3000529F00001DC8197E017D
:10692000000FE89D001C80D9812056390050570087
:10693000001DC0293A209E2000188E010011E89DFC
:10694000001C90D891209E2D00529F00001DB8176A
:106950007E01000FE89D001C80593A209E4000D720
:106960008120564100505700001DB0168E010011C5
:10697000E89D001C90D691209E4100529F0000414E
:106980003A209E60001DA8157E01000FE89D001CA6
:1069900080D581500700001DA0145601000AE89D13
:1069A000001C88D489F43A209E80005107000043DF
:1069B000EF1A001D96010012E89D00839F1B00DC6A
:1069C000995307000043EF19001D7EE13A209EA075
:1069D0000001000FE89D00A3871900DC815007002B
:1069E0000043EF18001D5601000AE89D00838F192F
:1069F000009E3A209EC000DC895107000043EF173B
:106A0000001D96010012E89D00A39F1700DC99531A
:106A100007000043EF1600C13A209EE0001D7E01F2
:106A2000000FE89D0083871700DC815007000043BA
:106A3000EF15001D5601000AE89D00A38FE13A20E2
:106A40009F00001500DC895107000043EF14001D72
:106A500096010012E89D00839F1500DC9953070002
:106A60000043EFA63A209F200013001D7E01000F77
:106A7000E89D00A3871300DC815007000043EF1B53
:106A8000008007CC0D1D580B566A3A209F4000012C
:106A9000000AE89D001C88CB892096380051970099
:106AA000001D600C9E010013E89D001C78CC790A43
:106AB0003A209F6000208652004F8700001D680D1D
:106AC0005601000AE89D001C88CD892096320051AD
:106AD0009700001D70443A209F80000E9E01001315
:106AE000E89D001C78CE79208639004F8700001D74
:106AF00030065601000AE89D001C880F3A209FA02E
:106B000000C68920962D00519700001D38079E0170
:106B10000013E89D001C78C779208631004F87005C
:106B200000733A209FC0001D40085601000AE89DEE
:106B3000001C88C88920963400519700001D480920
:106B40009E010013E89D00CA3A209FE0001C78C90E
:106B500079208644004F8700001DD81B5601000A8B
:106B6000E89D001C88DB89209635005197FA3A2071
:106B7000A0000000001DD01A9E010013E89D001C1B
:106B800078DA79208631004F8700001DC819560138
:106B9000000AE8273A20A020009D001C88D98920FF
:106BA000963100519700001DC0189E010013E89D0A
:106BB000001C78D87920862D00CA3A20A040004FCA
:106BC0008700001DB8175601000AE89D001C88D7F1
:106BD0008920964100519700001DB0169E0100F3D8
:106BE0003A20A0600013E89D001C78D679208642E8
:106BF000004F8700001DA8155601000AE89D001CE3
:106C000088D58951078D3A20A0800000001DA0146E
:106C100096010012E89D001C98D499530700004388
:106C2000EF12001D7E01000FE89D00D23A20A0A0C7
:106C30000083871300DC815007000043EF11001D23
:106C40005601000AE89D00A38F1100DC895107005E
:106C500000893A20A0C00043EF10001D96010012E9
:106C6000E89D00839F1100DC995307000043EF0F5C
:106C7000001D7E01000FE81D3A20A0E0009D00A34A
:106C8000870F00DC815007000043EF0E001D560106
:106C9000000AE89D00838F0F00DC895107B53A2078
:106CA000A10000000043EF0D001D96010012E89DB9
:106CB00000A39F0D00DC995307000043EF0C001D5B
:106CC0007E0100BD3A20A120000FE89D0083870DC2
:106CD00000DC815007000043EF0B001D5601000A45
:106CE000E89D00A38F0B00DC89DE3A20A140005113
:106CF00007000043EF1B008007BC0B1D580B9601DB
:106D00000012E89D001C98CB99207E3800537F9E8E
:106D10003A20A1600000001D600C86010010E89D73
:106D2000001C50CC51208E52004A8F00001D680D6F
:106D300096010012E8B53A20A180009D001C98CD74
:106D400099207E3200537F00001D700E86010010D6
:106D5000E89D001C50CE51208E39003D3A20A1A064
:106D6000004A8F00001D300696010012E89D001CAD
:106D700098C699207E2D00537F00001D380786019C
:106D800000B23A20A1C00010E89D001C50C751205D
:106D90008E31004A8F00001D400896010012E89DC8
:106DA000001C98C899207E683A20A1E00034005366
:106DB0007F00001D480986010010E89D001C50C995
:106DC00051208E44004A8F00001DD81B96D83A20CF
:106DD000A20000010012E89D001C98DB99207E357E
:106DE00000537F00001DD01A86010010E89D001C92
:106DF00050DA511F3A20A22000208E31004A8F0025
:106E0000001DC81996010012E89D001C98D9992010
:106E10007E3200537F00001DC0953A20A24000182A
:106E200086010010E89D001C50D851208E2D004A8C
:106E30008F00001DB81796010012E89D001C98B342
:106E40003A20A26000D799207E4100537F00001DA8
:106E5000B01686010010E89D001C50D651208E41CE
:106E6000004A8F0000633A20A280001DA8159601F9
:106E70000012E89D001C98D599530700001DA0142E
:106E80007E01000FE89D001C80D481653A20A2A0FD
:106E9000005007000043EF0A001D5601000AE89D5C
:106EA00000838F0B00DC895107000043EF09001DB0
:106EB00096403A20A2C000010012E89D00A39F095D
:106EC00000DC995307000043EF08001D7E01000F0E
:106ED000E89D00838709004F3A20A2E000DC815042
:106EE00007000043EF07001D5601000AE89D00A3BC
:106EF0008F0700DC895107000043EF0600403A206D
:106F0000A300001D96010012E89D00839F0700DC8E
:106F1000995307000043EF05001D7E01000FE89D17
:106F200000A387693A20A320000500DC81500700F8
:106F30000043EF04001D5601000AE89D00838F0501
:106F400000DC895107000043EF253A20A3400003ED
:106F5000001D96010012E89D00A39F0300DC9953D9
:106F600007000043EF1B008007AC091D580B7E147F
:106F70003A20A3600001000FE89D001C80CB810E29
:106F8000525057000043EF1B00800790091D580B1B
:106F90008E010011E8E43A20A380009D001C90CBF4
:106FA000910C9A529F000043EF1B008007740980E8
:106FB000FFAC711D680D7E01000FE88C3A20A3A084
:106FC000009D001C80CD81500700001D600C560103
:106FD000000AE89D001C88CC89510700001D580B51
:106FE00096E93A20A3C000010012E89D001C98CB4E
:106FF000995307000020362900013A80FFF86F0AF4
:1070000058E0598A1D0068293A20A3E000245EACAC
:10701000981D600C7E01000FE89D001C80CC810B48
:1070200088CD8911970000509700000D9EEF3A20FF
:10703000A40000010013688D00616AE6EDD505200B
:1070400036100080FFD46043EF1B008007EC0880FF
:10705000FF2471C63A20A4200020362A00043A807A
:10706000FFA66F0A58E0598A1D0068245EAC981D7F
:10707000600C7E01000FE89D00BE3A20A440001C79
:1070800088CC890B80CD8110970000519700000DAE
:107090009E010013688D00646AE6EDD50520361662
:1070A0003A20A46000100080FF826043EF1B008044
:1070B000079A0880FFD27020362E00043A80FF54D1
:1070C0006F0A58E059953A20A480008A1D00682470
:1070D0005EAC981D600C7E01000FE89D001C80CC0A
:1070E000810B88CD89119700005097EA3A20A4A01F
:1070F0000000000D9E010013688D00646AE6EDD566
:10710000052036100080FF306043EF1B00800748E9
:1071100008D43A20A4C00080FF80702036320004DA
:107120003A80FF026F0A58E0598A1D0068245EAC5D
:10713000981D600C7E0100DF3A20A4E0000FE89D5E
:10714000001C88CC890B80CD8110970000519700DE
:10715000000D9E010013688D00646AE6ED123A206E
:10716000A50000D5052036100080FFDE5F43EF1B31
:10717000008007F60780FF2E7020363600043A8024
:10718000FFB06EEA3A20A520000A58E0598A1D0097
:1071900068245EAC981D600C7E01000FE89D001C09
:1071A00080CC810B88CD891197953A20A5400000AD
:1071B00000509700000D9E010013688D00646AE680
:1071C000EDD5052036100080FF8C5F43EF1B00C813
:1071D0003A20A560008007A40780FFDC6F203625D9
:1071E00000043A80FF5E6E0A58E0598A1D00682448
:1071F0005EAC981D60EE3A20A580000C7E01000F69
:10720000E89D001C88CC890B80CD8110970000512F
:107210009700000D9E010013688D00873A20A5A0FD
:1072200000646AE6EDD5052036100080FF3A5F4322
:10723000EF1B008007520780FF8A6F1D680D560103
:1072400000143A20A5C0000AE89D001C78CD794FB3
:107250000700001D600C86010010E89D001C88CC12
:1072600089510700001D58513A20A5E0000B9601F6
:107270000012E89D001C98CB995307000020363A75
:1072800000013A80FFD66D0A58E0598A1DE13A2084
:10729000A600000068245EAC981D600C7E01000F03
:1072A000E89D001C80CC810B88CD8911970000508F
:1072B0009700000F3A20A620000D9E010013688D54
:1072C00000616AE6EDD5052036100080FFB25E430E
:1072D000EF1B008007CA0680FFD63A20A6400002B6
:1072E0006F20363B00043A80FF846D0A58E0598ACB
:1072F0001D0068245EAC981D600C7E01000FE8DB69
:107300003A20A660009D001C88CC890B80CD81109E
:10731000970000519700000D9E010013688D0064D6
:107320006AE6EDD505AD3A20A68000203610008033
:10733000FF605E43EF1B008007780680FFB06E2081
:10734000363F00043A80FF326D0A58D53A20A6A095
:1073500000E0598A1D0068245EAC981D600C7E0117
:10736000000FE89D001C80CC810B88CD891197000F
:1073700000763A20A6C000509700000D9E01001331
:10738000688D00646AE6EDD5052036100080FF0E9A
:107390005E43EF1B0080073F3A20A6E000260680F0
:1073A000FF5E6E20364300043A80FFE06C0A58E02E
:1073B000598A1D0068245EAC981D600C7ECA3A2074
:1073C000A7000001000FE89D001C88CC890B80CD30
:1073D0008110970000519700000D9E010013688DE9
:1073E00000646AC13A20A72000E6EDD505203610DA
:1073F0000080FFBC5D43EF1B008007D40580FF0CBD
:107400006E20364700043A80FF6E3A20A740008E77
:107410006C0A58E0598A1D0068245EAC981D600C07
:107420007E01000FE89D001C80CC810B88CD892156
:107430003A20A7600011970000509700000D9E01B0
:107440000013688D00646AE6EDD5052036100080D3
:10745000FF6A5D43EF3D3A20A780001B0080078252
:107460000580FFBA6D0A32013A80FF3E6C0A58E08F
:1074700059AA3D006024DEAC981D58AD3A20A7A063
:10748000000B7E01000FE89D001C88CB891B80CC7F
:107490008110970000519700000C9E010013608C32
:1074A00000623A20A7C0006162E6ED80FF7C6D0CAF
:1074B00032013A80FF006C0A58E059EA1500601D5D
:1074C000580B7E01000FE8273A20A7E0009D001C22
:1074D00080CB811B88CC8911970000509700000C4D
:1074E0009E010013608C006162E6EDD505333A2001
:1074F000A800002036100080FFE05CD50520361083
:107500000080FFD65C43EF1B008007EE041DD81BF4
:10751000560100F93A20A820000AE89D0080FFC427
:10752000E60A581C78DB794F5F000043EF1B0080B0
:1075300007CE041DD81B8E0100233A20A84000115D
:10754000E89D0080FF74D60A581C80DB81505F00E4
:107550000043EF1B008007AE041DD81B960100639B
:107560003A20A8600012E89D0080FF8CD60A581CC3
:1075700098DB99535F000043EF1B0080078E041DCA
:10758000D81B7E01002F3A20A880000FE89D0080C4
:10759000FFBC950A581C88DB89515F000043EF1B34
:1075A0000080076E041D580B860100ED3A20A8A04C
:1075B0000010E89D001C90CB91049FA791529F0062
:1075C0000043EF1B00800750041D580B7E01000F85
:1075D000E8113A20A8C0009D001C50CB51048FA98F
:1075E000914A8F000043EF1B00800732041D580BA7
:1075F00086010010E89D00073A20A8E0001C90CB0F
:1076000091049FA691529F000043EF1B0080071436
:10761000041DD81B7E01000FE89D0080FFF73A2073
:10762000A90000A2290A581C88DB89515F00004389
:10763000EF1B008007F4031D580B86010010E89D26
:10764000001C903F3A20A92000CB91049F9E9152AC
:107650009F000043EF1B008007D6031DD81B7E014F
:10766000000FE89D0080FF6894AD3A20A940000A11
:10767000581C88DB89515F000043EF1B008007B670
:10768000031D580B86010010E89D001C90CB91ACA7
:107690003A20A96000049F0880529F000043EF1B1E
:1076A00000800798032036310080FF705B43EF1B9A
:1076B00000800788031C3A20A98000203612008031
:1076C000FF605B43EF1B0080077803800774032093
:1076D000660002EC59B6F52D06FFFF1F3A20A9A05F
:1076E000000000ED59EFED2E0600E40000EE59BA5F
:1076F00005BF07C4EFEE59B705800720022D06002D
:10770000D12E3A20A9C0000000ED59BA05BF07F2FA
:10771000F2ED59B7058007FC002D0603C90000ED06
:1077200059BA05BF077EFEFD3A20A9E000ED59EFEA
:10773000352D0603910000ED59B2B5ED59EF152036
:107740006E0202ED59BA05BF070AEEED59943A20D0
:10775000AA0000EF05EC59BA05BF07DEEDB5BD2163
:107760000613820000E159BA05BF070EEEB5B52C2D
:107770000601C95E3A20AA20000000EC59BA05BFF4
:1077800007F4FDEC599F0D210600C90000E159BA2C
:1077900005BF074EFDA5A52106FF3A20AA4000021D
:1077A000C90000E159BA05BF07F2FDA59D2C0607E7
:1077B000C90000EC59BA05BF077EFEEC59BF1DD2C7
:1077C0003A20AA60002C0605C90000EC59BA05BF92
:1077D0000730FEEC599F0D210604C90000E159BA9B
:1077E00005BF07FEFD3F3A20AA80008585210606D9
:1077F000C90000E159BA05BF072CFEBF07F0FE2CF7
:107800000609C90000EC59BA05BF074B3A20AAA0E7
:107810000076FEEC59AF0D210608C90000E159BA07
:1078200005BF0744FEBF07CCFE21060AC90000E1E0
:1078300059643A20AAC000BA05BF0770FEBF07BA54
:10784000FE2C0619E20000EC59BA05BF0772EEECF7
:10785000598F452C0603D28E3A20AAE0000000EC96
:1078600059BA05BF07DAF9EC59CF1D2C0601D20031
:1078700000EC59BA05BF0724F9EC59AF0D9B3A202B
:10788000AB0000210600D20000E159BA05BF078A0B
:10789000F8BF0772FE210602D20000E159BA05BF07
:1078A0000752F9C03A20AB2000BF0760FE2C06004B
:1078B000E20000EC59BA05BF0716EDEC59AF0D21F7
:1078C0000604D20000E159BA05193A20AB4000BFC6
:1078D00007D2F9BF073CFE210617E20000E159BAC2
:1078E00005BF0798EDBF072AFE2C0601E30000FC48
:1078F0003A20AB6000EC59BA05BF07DAFAEC59CF71
:107900001D2C0631E20000EC59BA05BF07EEF9EC78
:1079100059AF0D2106E83A20AB80001AE20000E1E1
:1079200059BA05BF0702EDBF07F4FD210600E300C9
:1079300000E159BA05BF071CFABF07AF3A20ABA058
:1079400000E2FD2C0603E30000EC59BA05BF073640
:10795000FBEC59AF0D210602E30000E159BA05BF67
:1079600007D73A20ABC000D2FABF07BEFD210604FC
:10797000E30000E159BA05BF0764FBBF07ACFD2C6B
:10798000060CE40000EC59263A20ABE000BA05BF33
:10799000074EF0EC59AF552C0608E40000EC59BA3C
:1079A00005BF0714EFEC59EF2D2C0606E4E13A2051
:1079B000AC00000000EC59BA05BF077AEEEC59CFD5
:1079C0001D2C0603E40000EC59BA05BF07E4EDECFA
:1079D00059AF0D1C3A20AC2000210602E40000E162
:1079E00059BA05BF078EEDBF0752FD210605E40019
:1079F00000E159BA05BF0702EEF93A20AC4000BFDA
:107A00000740FD210607E40000E159BA05BF0776EB
:107A1000EEBF072EFD2C060AE40000EC59BA05A7BC
:107A20003A20AC6000BF074AEFEC59AF0D210609C0
:107A3000E40000E159BA05BF07E0EEBF070AFD21E7
:107A4000060BE40000503A20AC8000E159BA05BFB3
:107A5000076AEFBF07F8FC2C0612E60000EC59BAE3
:107A600005BF07B6F4EC59CF1D2C06E13A20ACA0B7
:107A70000010E60000EC59BA05BF0784F0EC59AFDE
:107A80000D21060DE40000E159BA05BF07BAEFBFAA
:107A900007193A20ACC000C2FC210611E60000E143
:107AA00059BA05BF0770F2BF07B0FC2C06F3E60019
:107AB00000EC59BA05BF07303A20ACE0009AF6EC6A
:107AC00059AF0D2106F2E60000E159BA05BF076C77
:107AD000F6BF078CFCED59BA05BF0774FC1A3A20B3
:107AE000AD0000BF0780FCA3371B0080FFD05C52B5
:107AF00006FFFF9207E1FFBF0794EAE50563370140
:107B000000633F173A20AD2000050020020202A5C5
:107B1000FDD50D63370100633F050020362200804C
:107B2000FFAE57003080FF9C5C7F3A20AD400020C4
:107B3000020202B5F50000D50D63370100633F0571
:107B4000002036220080FF8E57003080FF7C5C9C36
:107B50003A20AD600020020202B5F50000D50D63A9
:107B6000370100633F05002036220080FF6E57007A
:107B70003080FF5C5CBC3A20AD800020020202B580
:107B8000F5000080079C016337050023CF050063E3
:107B90003F090000D00068006000588E3A20ADA078
:107BA0000080FF24570A58645AB205800762019981
:107BB0005F010080074E0124771580E071B20580D7
:107BC000074A3A20ADC0002401003080FFC0200ADF
:107BD00058E059EA350068205E110024662C980CA4
:107BE00078CD791980CD810F3A20ADE000108F015A
:107BF000004F8F00000D96010012688D00EB69B6F2
:107C0000F520362900203E110080FFB063AB3A20FA
:107C1000AE00000A58E059DA151A580B9E010013FD
:107C2000D09A001970CB71198700004E87000001AF
:107C30003280FF233A20AE2000122080FFCA1600B7
:107C40003080FFDC22D5052036100080FFB256D5EB
:107C500055005824DE2C9820E6BF3A20AE40001193
:107C6000001B78CB791988CB89119701004F9700B9
:107C7000000B9E010013588B00FC59B6F520EED87E
:107C80003A20AE6000110020363A001D3880FF44D3
:107C9000630A58E059CA35003080FFBC1F00581BEA
:107CA00070CB711980DA3A20AE8000CB81108F0141
:107CB000004E8F00000B7E01000F588B00FC59B660
:107CC000F5203629001D3880FF1063A73A20AEA0AA
:107CD000000A58E059DA151A580B96010012D09A8A
:107CE000001998CB99198700005387000001328052
:107CF000FF373A20AEC000721F80FF2A1600308086
:107D0000FF3C22D5052036100080FF1256D50520F5
:107D100036100080FF0856D13A20AEE000D505208D
:107D200036330080FFFE5543D70300E50D203612A1
:107D30000080FFF05543D70300F505E505E13A2043
:107D4000AF0000E059BA05BF07B2FEC5F5F5052042
:107D500036220080FFD45543D70300A337030080A9
:107D6000FFBC5A603A20AF20004606FF708607E14C
:107D700070BF0764FED54D6337050023E705006338
:107D80003F0900006001EA1C501E3A20AF40000A83
:107D90007F00005C7F00009C5F0100C53580FFF222
:107DA0006520362900203E110080FF72640A581CAD
:107DB0003A20AF6000E059AA1D0070205E11002437
:107DC00066AC981D680D86010010E89D001C88CDEA
:107DD000890C90CE91613A20AF8000129F00005133
:107DE0009F00000E7E01000F708E00EB71E6EDD556
:107DF000052036100080FF4A5543EFB73A20AFA068
:107E0000000300C50D2036120080FF3C5543EF03F0
:107E100000D505C505E059C2CDE5F5A337030080BF
:107E2000FF6D3A20AFC0001A5A4606FF008607E1F0
:107E300000A5B5A52D6337050023370500633F096D
:107E400000866F01000060193A20AFE00001524344
:107E5000570300466F00000D58F50D023280FF6099
:107E60008D8515093280FF588DC50D2036443A2086
:107E7000B00000120080FFE254F505E505615A925A
:107E8000F5625AB2F5E5F5A337030080FFC0594605
:107E9000063F00063A20B0200086072100D5D50015
:107EA00000C505633701001F020102C5FDE505633A
:107EB000370100633F050020021F3A20B040000256
:107EC00002A5FDA5051E020002E5FDA5051E020096
:107ED00002E5FDA5051E020002E5FDA51544073BD0
:107EE0003A20B06000688001524457698080FF3CAE
:107EF0008D0A58635AC205013280FFDC8C0162642E
:107F00006715801E02E63A20B080000002E5EDA56C
:107F1000051E020002E5FDD50D63370100633F0534
:107F2000002036110080FF4A540030563A20B0A09D
:107F30000080FF385920020202B5F500008007DEFC
:107F40000263370D0023EF0D00633F110080FF082F
:107F500054F53A20B0C0000A58645AB2058007B2FE
:107F6000021D7F0000E079BA0580079602DDC70098
:107F700000B20580071A028D3A20B0E00004874A5B
:107F80008143870200048F4981438F03000497488F
:107F90008143970400209E6100439F0500B43A206E
:107FA000B100002056420043570600207E2B0043BC
:107FB0007F07002086540043870800208E6400431A
:107FC0008F09008C3A20B1200024971598400E00AC
:107FD000FF41912106A941C50001916497159800C0
:107FE0004000582336020006601F3A20B14000C806
:107FF000618C6F0100CD9E0100C4C71498EA570040
:10800000002A9913700C380D78A17A477F0000F68A
:108010003A20B1600024871598C882888281822422
:108020008F15982106FFFFFF004181400E00FF41A0
:10803000891089648F373A20B180001598249715EC
:1080400098CE560100D7522106FFFF7FFF41910ACB
:108050009164971598DC929F92C4FF323A20B1A0A8
:10806000001698EA9F00003391247F1598D296015C
:1080700000C392170A41791279647F1598DA7A9FC2
:108080007A233A20B1C000C4FF1698EA8700003076
:1080900079248F1598CF7E0100C57A200EDFFF412D
:1080A000890F89648F1598E93A20B1E000D38A9F3F
:1080B0008AC4FF1698EA5700002A89249F1598D190
:1080C0008E0100CC8A200EFFEF419911999E3A2033
:1080D000B20000649F1598D09A9F9AC4FF1698EA40
:1080E000970000329924871598D39E0100CF9A21DA
:1080F00006FF7F463A20B22000FFFF4181138164D2
:10810000871598CB829F82C4FF1698EA7F00002FC4
:1081100081D0860100E081C205AB3A20B24000C4A4
:10812000271698B505C4A716980B5601000A588B58
:1081300000685ABE05BF07E8FE088E01009100DA0C
:108140003A20B2600011406842BE05BF07D2FE244B
:10815000971598D4929C92C492D296F000249F15C1
:1081600098D89A9C9AB83A20B28000139112682449
:108170007F1598D07A9C7AC47ACF7EF00024871538
:1081800098C8829C8210790F602457323A20B2A09E
:10819000001598DC529C52C452CA56F000248F1528
:1081A00098CC8A9C8A11510A58BD9F0100ED99CA4A
:1081B000153D3A20B2C0009D970300EC918A15BD91
:1081C000870300EB81CA0D640715801D780F8F00AF
:1081D000005D8F000001323F3A20B2E00080FFF8DE
:1081E00056850D2036350080FFFA51033280FFE8B6
:1081F00056953D24571580E0518A151D98413A2027
:10820000B30000139700005D9700005D0701005D5B
:108210000702005D070300043280FFC256E5258097
:10822000FFB4CF843A20B320000A580B809000445A
:10823000874A810B78887A8F00447F49810B889028
:108240008A9100448F48811D98CA3A20B340001398
:108250009700005D97000004574A815D57010004B4
:108260008749815D870200047F48815D7F03000E9E
:108270003A20B36000043280FF7656850D20361216
:108280000080FF7851003080FF6656850D20362231
:108290000080FF68515D3A20B38000003080FF56B7
:1082A000564A067F008A076100BF0722FD00008052
:1082B0000754033D06429300001D30693A20B3A0E5
:1082C000000038004080FF88031D30013A014280E1
:1082D000FF7E031D30023A004080FF74031D30030F
:1082E0003AF73A20B3C000004080FF6A033D0656CB
:1082F000C200001D300038004080FF5A031D3001CD
:108300003A014280FF5003A83A20B3E0001D30023A
:108310003A004080FF46031D30033A004080FF3C96
:10832000033D0684C100001D3000380040E73A20BC
:10833000B4000080FF2C031D30013A014280FF226F
:10834000031D30023A004080FF18031D30033A003D
:108350004080FF633A20B420000E033D06189300CE
:10836000001D300038004080FFFE021D30013A0140
:108370004280FFF4021D30023A003A20B44000006F
:108380004080FFEA021D30033A004080FFE0023DDA
:1083900006389000001D300038004080FFD002F504
:1083A0003A20B460001D30013A014280FFC6021D30
:1083B00030023A004080FFBC021D30033A0040808A
:1083C000FFB20220EEA93A20B480002F061D300033
:1083D00038004080FFA4021D30013A014280FF9A1C
:1083E000021D30023A004080FF9002CD3A20B4A036
:1083F000001D30033A004080FF86023D0607A200C0
:10840000001D300038004080FF76021D30013A0127
:1084100042483A20B4C00080FF6C021D30023A008E
:108420004080FF62021D30033A004080FF58022066
:10843000DE84671B300038C43A20B4E0000040807E
:10844000FF4A021B30013A014280FF40021B30020A
:108450003A004080FF36021B30033A0040713A2058
:10846000B5000080FF2C023C0677A400001C300001
:1084700038004080FF1C021C30013A014280FF128C
:10848000021C30173A20B52000023A004080FF0855
:10849000021C30033A004080FFFE013D0600A900A7
:1084A000001D300038004080FF8F3A20B54000EEBC
:1084B000011D30013A014280FFE4011D30023A0003
:1084C0004080FFDA011D30033A004080FFD0019068
:1084D0003A20B5600000D080FFDE5F24EE18801ADD
:1084E00068C36ADD698D7703000E30013A80FF545E
:1084F0005E0A58E059543A20B58000EA0DC4FFAC3A
:1085000098B20D1A78C37ADD79EF87010010300236
:108510003A014280FF94011A8E0100D63A20B5A09C
:108520000011D09A006AD2E6DD80FF901A0A58E066
:1085300059AA151C3080FF740D0A58E059FA051C21
:10854000305C3A20B5C000023A034280FF6801E582
:10855000051C30023A024280FF5C011C30003800EA
:108560004080FF52011C308E3A20B5E000013A00F5
:108570004080FF48011C30033A004080FF3E012646
:108580000600C0FF032706FFEFFF0380FFF73A2036
:10859000B60000621A0A58E059B72D1B3080FF1E42
:1085A0000D0A58E059EA051B30023A034280FF12D7
:1085B000011B30073A20B62000023A80FFE6010A8C
:1085C000600C588515F515E5151B30023A024280FE
:1085D000FFF60085151B30023A9B3A20B640000397
:1085E0004280FFEA00A50D950D0B906392EB0552BA
:1085F00000EFFFF5FFEDFFEEFFF51D1B30023AC265
:108600003A20B6600080FFA8010A600C5885151B4F
:1086100030023A004080FFBC00A5151B30023A0131
:108620004280FFB000853A20B68000C50DB50DA58B
:108630000D950D0B68636AEB054D00F9FFFAFFED30
:10864000FFF3FF20EE84671D300038F83A20B6A013
:1086500000004080FF8A001D30013A004080FF800A
:10866000001D30033A004080FF7600C4871C98C488
:108670008F693A20B6C0001C98C4971C98C49F1CF0
:1086800098C4872B98C48F2B98C4972B98C49F2B82
:1086900098C4A72B98C4AF873A20B6E0002B98C4A3
:1086A000B72B9832021402BF07AEFC0000B51D6361
:1086B000370100E33701000058245618809D3A2006
:1086C000B700000B60C362CA61EC6F0100E669DAB3
:1086D000050B70AE000E50850D0B7E01000F588B00
:1086E000006A5A8B3A20B7200086F51F521F0201FC
:1086F00002D5E500008007D60063370500E3670573
:1087000000633F090063470D00923A20B7400083A1
:10871000EF0D0000580C30BFFFA8FF0A680D708EE7
:10872000000E5883670900C5450B78C37A24664755
:108730003A20B760001880CF61AC870500DD8E0F4E
:1087400000100A418111814C870500D53D0B90C373
:108750009224661880E53A20B78000D261AC9F056C
:1087600000DD560100C452200EEFFF41990A994CDA
:108770009F0500C52D0B70C3722466273A20B7A051
:10878000001880CE61AC7F0500DD8E0300C58A2015
:108790000E9FFF417911794C7F0500B51D0B80C3F9
:1087A00082533A20B7C00024661880D061AC970588
:1087B00000DD560100C752200E7FFF41910A914C07
:1087C000970500A50D950D2C3A20B7E0000C986395
:1087D0009AEB055300B9FFC8FFD9FFEAFF015AD54C
:1087E00005035F0300A5051F5A0B504806BF3A203A
:1087F000B800007F0088076100D59595556337055F
:1088000000E35F0500633F09000B30BFFFD8FE0A9D
:10881000680D70163A20B820008E000E60835F0944
:1088200000A5350C78C37A24861880CF81B08F05D7
:1088300000DC8A9C8A1158B535D13A20B84000E551
:108840002D0C90C392249E1880D299D3E70500EA9C
:108850005700000A58F525A5250C70C372247E87A1
:108860003A20B860001880CE79AF870500D9829E83
:10887000821058B51DE5150C88C38A24961880D13E
:1088800091D2FF0500943A20B88000EA9F000013BF
:1088900058F50DA50D950D0B506352EB054A00CB15
:1088A000FFD7FFE3FFEFFF035F03003F3A20B8A0CD
:1088B00000A5051F5A0B5046063F0086072100E51C
:1088C000AD8007D60063370500E3670500633F0905
:1088D00000493A20B8C00063470D0083EF0D000047
:1088E000580C30BFFF24FE0A680D708E000E5883AE
:1088F000670900C5450B785B3A20B8E000C37A24CD
:10890000661880CF618C870500DD8E0F00100A414C
:108910008111814C870400D53D0B90C392E03A2031
:10892000B9000024661880D2618C9F0500DD5601D5
:1089300000C452200EEFFF41990A994C9F0400C5D4
:108940002D0B70633A20B92000C37224661880CEC4
:10895000618C7F0500DD8E0300C58A200E9FFF41DC
:108960007911794C7F0400B51D033A20B940000B02
:1089700080C38224661880D0618C970500DD560183
:1089800000C752200E7FFF41910A914C9704004F7F
:108990003A20B96000A50D950D0C98639AEB05532C
:1089A00000B9FFC8FFD9FFEAFF015AD505035F03ED
:1089B00000A5051F5A923A20B980000B5048067F47
:1089C0000088076100D595955563370500E35F057D
:1089D00000633F09000B30BFFF54FD603A20B9A08F
:1089E000000A680D708E000E60835F0900A5350CCB
:1089F00078C37A24861880CF81908F0500DC8A9C0A
:108A00008AD43A20B9C0001158B535E52D0C90C371
:108A100092249E1880D299D3E70400EA5700000AF6
:108A200058F525A5250C708B3A20B9E000C37224B7
:108A30007E1880CE798F870500D9829E821058B526
:108A40001DE5150C88C38A24961880D191323A20EE
:108A5000BA0000D2FF0400EA9F00001358F50DA5EC
:108A60000D950D0B506352EB054A00CBFFD7FFE38A
:108A7000FFEFFF4D3A20BA2000035F0300A5051F5A
:108A80005A0B5046063F0086072100E5AD8007EAF5
:108A90000863370500E3EF0500693A20BA40001D7E
:108AA00030BFFFAEFC0A58E059BE058007CA081D5A
:108AB00068800712083D06429300001D300038B759
:108AC0003A20BA60000040BFFFCAFC1D30013A00E6
:108AD00040BFFFC0FC1D30033A0040BFFFB6FC049E
:108AE0007F0480200E513A20BA80001400E179E121
:108AF0002D1D30023ABFFF7EFD0A600C588515F52A
:108B000015E5151D30023A0242BFFF713A20BAA0A6
:108B1000008EFC85151D30023A0342BFFF82FCA582
:108B20000D950D0B806382EB055000EFFFF5FFED17
:108B3000FF863A20BAC000EEFF0432003880FF2ED4
:108B4000824407048004970580419292004497056F
:108B500080015A80073C08023A20BAE000049F05D1
:108B600080639A8135440705801D3080FF3A080AEA
:108B700058E0599A0D1D30023A0342BFFFBF3A2018
:108B8000BB00002EFC003080FFB4161D30023ABF3F
:108B9000FFFCFC0A600C588515F515E5151D300223
:108BA0003A02420A3A20BB2000BFFF0CFC85151D8B
:108BB00030023A0342BFFF00FCA50D950D0B786310
:108BC0007AEB054F00EFFFF5FF483A20BB4000ED80
:108BD000FFEEFFF51D1D30023ABFFFBEFC0A600C20
:108BE0005885151D30023A0040BFFFD2FBA5158302
:108BF0003A20BB60001D30023A0142BFFFC6FBC5F0
:108C00000DB50DA50D950D0B88638AEB055100F987
:108C1000FFFAFFEDFFF43A20BB8000F3FFC4CF9AC8
:108C200091EA9F0000619ACA45C48F9A91047F0619
:108C300080417A8F00447F06800487BD3A20BBA024
:108C4000000680200E1400E181D135440706803DE6
:108C500006429300001D3080FF72070A58E0599ABF
:108C60000DE53A20BBC0001D30023A0342BFFF664B
:108C7000FB033280FFEC151D30023ABFFF34FC0AC3
:108C8000600C588515F515DA3A20BBE000E5151D96
:108C900030023A0242BFFF44FB85151D30023A0301
:108CA00042BFFF38FBA50D950D0B88638A543A200F
:108CB000BC0000EB055100EFFFF5FFEDFFEEFF01FB
:108CC0005A80070A07A5253D06429300001D300281
:108CD0003ABFFF0C3A20BC2000EAFB0A600C588522
:108CE000151D30023A0040BFFFFEFAA5151D3002E7
:108CF0003A0142BFFFF2FAC50D363A20BC4000B53A
:108D00000DA50D950D0B98639AEB055300F9FFFA2D
:108D1000FFEDFFF3FF20362F06023ABFFFACFBF05A
:108D20003A20BC60000A58635A9A353D06429300C7
:108D3000001D30023ABFFF98FB0A600C58C51DB5F4
:108D400025A5251D30433A20BC800080FFA8060AD7
:108D500058E059FA051D30023A0342BFFF9CFAE57C
:108D6000051D30023A0242BFFF90FABC3A20BCA077
:108D70000085151D30023A0342BFFF84FAA50D9508
:108D80000D0B806382EB055000E3FFF5FFE1FFE28E
:108D9000FF453A20BCC000015A80075606005880A3
:108DA000075006800744063D0656C200001D3000ED
:108DB000380040BFFF50FAF83A20BCE0001D3001F7
:108DC0003A0040BFFF46FA1D30033A0040BFFF3C67
:108DD000FAC4DF2E99F205245E2E99C49FB33A207F
:108DE000BD00002E996407249824972498200E88AB
:108DF00013E191E1151D3080FF14060A58E059FA7D
:108E0000051D30C03A20BD2000023A0342BFFF08D2
:108E1000FAE5051D30023A0242BFFFFCF9015A8013
:108E200007E205A5251D30023A3C3A20BD4000BFAF
:108E3000FFC8FA0A600C5885151D30023A0040BF81
:108E4000FFDCF9A5151D30023A0142BFFFD0F992AF
:108E50003A20BD6000C50DB50DA50D950D0B9863AD
:108E60009AEB055300F9FFFAFFEDFFF3FF0058807E
:108E7000079E058007203A20BD800092053D0684AC
:108E8000C100001D3000380040BFFF9EF91D3001B9
:108E90003A0040BFFF94F91D30033ACD3A20BDA0FF
:108EA000000040BFFF8AF9C4D72E99F205245E2E38
:108EB00099C4972E996407229824872298200E88B7
:108EC00013EB3A20BDC000E181E1151D3080FF6247
:108ED000050A58E059FA051D30023A0342BFFF5611
:108EE000F9E5051D30023AF03A20BDE0000242BF2C
:108EF000FF4AF9015A80073005A5251D30023ABF07
:108F0000FF16FA0A600C5885151D30023AD53A2032
:108F1000BE00000040BFFF2AF9A5151D30023A012E
:108F200042BFFF1EF9C50DB50DA50D950D0B88634C
:108F30008AEB054E3A20BE20005100F9FFFAFFED02
:108F4000FFF3FF00588007EC048007E0043D06189B
:108F50009300001D3000380040F53A20BE4000BFAD
:108F6000FFECF81D30013A0040BFFFE2F81D30036E
:108F70003A0040BFFFD8F880FF147E0A600C58A961
:108F80003A20BE6000A55D249F3099200E1027E195
:108F9000998115207E1027647F30991D3080FFB0A5
:108FA000040A58E059233A20BE8000EA051D300229
:108FB0003A0342BFFFA4F81D30023ABFFF78F90A16
:108FC000600C588515F515E5151D301A3A20BEA020
:108FD00000023A0242BFFF88F885151D30023A03AD
:108FE00042BFFF7CF8A50D950D0B806382EB055009
:108FF00000263A20BEC000EFFFF5FFEDFFEEFF01B7
:109000005A80074E04E5251D30023ABFFF34F90AA5
:10901000600C5885151D30403A20BEE000023A0031
:1090200040BFFF48F8A5151D30023A0142BFFF3C82
:10903000F8C50DB50DA50D950D0B906392D83A208E
:10904000BF0000EB055200F9FFFAFFEDFFF3FF64EC
:10905000073099D505C505635AE2A5C5DD005880DE
:1090600007FC03743A20BF20008007F0033D063858
:109070009000001D3000380040BFFFFCF71D30019C
:109080003A0040BFFFF2F71D304A3A20BF400003CC
:109090003A0040BFFFE8F7BFFFD09F0A600C58A519
:1090A0005D247F9680200E1027E179811520861699
:1090B0003A20BF60001027648796801D3080FFC073
:1090C000030A58E059EA051D30023A0342BFFFB4D3
:1090D000F71D30023AB03A20BF8000BFFF88F80A7F
:1090E000600C588515F515E5151D30023A0242BF92
:1090F000FF98F785151D30023A0342753A20BFA04C
:1091000000BFFF8CF7A50D950D0B88638AEB055109
:1091100000EFFFF5FFEDFFEEFF015A80075E03E56C
:109120002D1B3A20BFC0001D30023ABFFF44F80A91
:10913000600C5885151D30023A0040BFFF58F7A556
:10914000151D30023A01421A3A20BFE000BFFF4C21
:10915000F7C50DB50DA50D950D0B98639AEB05534D
:1091600000F9FFFAFFEDFFF3FF64079680253A2030
:10917000C00000D50DC50D0B80010AA1816482FBE2
:10918000055000A1FFA1FFA1FFD8FFA1FF0058805B
:1091900007FC024A3A20C020008007F00220EE843B
:1091A000671D3000380040BFFFFEF61D30013A0059
:1091B00040BFFFF4F61D30033A1D3A20C0400000C6
:1091C00040BFFFEAF600588007D0028007C40220A3
:1091D000EE2F061D3000380040BFFFD2F61D3029AB
:1091E0003A20C06000013A0040BFFFC8F61D3003BE
:1091F0003A0040BFFFBEF6049774806192FA1544AE
:109200000774801D30703A20C0800080FFA8020AD9
:1092100058E059FA051D30023A0342BFFF9CF6E5BB
:10922000051D30023A0242BFFF90F6C43A20C0A0AA
:1092300000015A8007760200588007700280076498
:10924000023D0607A200001D3000380040BFFF703D
:10925000F6133A20C0C0001D30013A0040BFFF663F
:10926000F61D30033A0040BFFF5CF600588007420D
:1092700002800736023D067F3A20C0E00077A40056
:10928000001D3000380040BFFF42F61D30013A009B
:1092900040BFFF38F61D30033A0040BFFF2E3A2092
:1092A000C100002EF680FF360F0A58E059BA251D7E
:1092B00030023ABFFFF8F60A600C588515F515E53F
:1092C000151D30CF3A20C12000023A0242BFFF08EC
:1092D000F685151D30023A0342BFFFFCF5A50D953A
:1092E0000D0B98639AEB055300753A20C14000EFCF
:1092F000FFF5FFEDFFEEFF015A8007CE01F51D1DC2
:1093000030023ABFFFB4F60A600C5885151D30BB19
:109310003A20C16000023A0040BFFFC8F5A5151D04
:1093200030023A0142BFFFBCF5C50DB50DA50D9544
:109330000D0B8063827B3A20C18000EB055000F961
:10934000FFFAFFEDFFF3FF005880078A0180077ED8
:10935000013D0600A900001D300038AF3A20C1A031
:10936000000040BFFF8AF51D30013A0040BFFF807A
:10937000F51D30033A0040BFFF76F580FF5E0F0A0F
:1093800058C63A20C1C000625AFA2D1D30023ABFB9
:10939000FF40F60A600C58C51DB525A5251D308077
:1093A000FF50010A58E059F33A20C1E000FA051DC8
:1093B00030023A0342BFFF44F5E5051D30023A0290
:1093C00042BFFF38F585151D30023A0342713A203D
:1093D000C20000BFFF2CF5A50D950D0B906392EB1D
:1093E000055200E3FFF5FFE1FFE2FF015A8007FEAF
:1093F000009525E83A20C220001D30023ABFFFE464
:10940000F50A600C5885151D30023A0040BFFFF880
:10941000F4A5151D30023A01427D3A20C24000BF3A
:10942000FFECF4C50DB50DA50D950D0B78637AEB2A
:10943000054F00F9FFFAFFEDFFF3FF0058D55D601F
:109440003A20C26000855DF55520662F06EC69B6AE
:10945000552B0656C20000EB69EF4D2E0677A4008F
:1094600000EE69BA05393A20C28000BF075EFEEE01
:10947000698F352B0618930000EB69BA05BF07A268
:10948000FBEB69EF15205E8467EB69FA3A20C2A016
:1094900000BA05BF0782FDEB69EF05EC69BA05BFAD
:1094A00007A2FDF52D210638900000E169BA05BF3D
:1094B00007D93A20C2C00066FCF5252B0607A2009A
:1094C00000EB69BA05BF07E2FDEB69EF1D2106421B
:1094D000930000E169BA05EB3A20C2E000BF0776CD
:1094E000F7E5152C0684C10000EC69BA05BF0792A8
:1094F000FAEC699F0D210600A90000E169193A20E4
:10950000C30000BA05BF0794FED505EB69BA05BFD5
:1095100007C4F9035F0300A5051F5A0B5044067FDB
:109520000084075F3A20C320006100BF0716F700E0
:1095300000955563370100E3EF010080FF727A0A5E
:1095400058695AD24580FF687A693A20C340000AB8
:1095500058625A824580FF26790A58625AE20521EC
:109560000618930000E1E9EA351D30BFFF94F38847
:109570003A20C360000A580BE0E059D62D24EE18BB
:10958000801C60C362DD618C6F03000D30013A8086
:10959000FF52500A58B23A20C38000E059CA1D84D5
:1095A00077AD98200E8000E171BA050058A51D2006
:1095B0007E8000447F2C981C80C382DE3A20C3A0AA
:1095C00000DD81908F03001130013A80FF024E0AC6
:1095D00058E059B2051F5A850DB5051F5AD505B576
:1095E000058E3A20C3C0001F5AA50500580B50290C
:1095F000020B02F5AD00008007160180FFD0790A4A
:1096000058695ABA058007DC3A20C3E000060126F3
:109610000642930000BFFF4CF60A58E0592467A5A4
:1096200097D3629B620C58B50D260656C2373A2076
:10963000C400000000BFFF32F60A58E059850DF55E
:1096400005E505625AD2F5645AB2F5A5FD246FA569
:1096500097D36A8F3A20C420009B6A0D58B50D2617
:109660000684C10000BFFF08F60A58E059850DF5D1
:1096700005E505625AD2F5645A513A20C44000B259
:10968000F5A5FD2477A597D3729B720E58D50D26AC
:109690000618930000BFFFDEF50A58E059A50D6DCE
:1096A0003A20C4600064073099F505E505625AB2B6
:1096B000F5645A92F585FD247FA597D37A9B7A0F9E
:1096C00058D50D2606C43A20C4800038900000BF4B
:1096D000FFB0F50A58E059A50D64079680F505E539
:1096E00005625AB2F5645A92F585FD953A20C4A0F8
:1096F000002487A597D3829B821058A50D20362F72
:1097000006BFFF84F50A58E059850DF505E50562A9
:109710005A7A3A20C4C000E2F5645AC2F5A5FD2683
:109720000607A20000BFFF66F50A58E059260600AA
:10973000A90000BFFF58F5053A20C4E0000A58E030
:10974000591E020002BF07ECFEC53D80FF7E770A6E
:1097500058625ACA353D0677A400001D30913A2060
:10976000C50000BFFFF0F10A600C58E061862D448F
:10977000072C980B68C36A24761880CD718E7F03FE
:10978000000F304C3A20C52000013A80FF8A4C0A75
:1097900058E059B2051F5A951D1D3000380040BFD2
:1097A000FFF6F11D30013A0142B93A20C54000BF31
:1097B000FFECF11D30023A0040BFFFE2F11D300323
:1097C0003A0040BFFFD8F1B5051F5AA50500586003
:1097D0003A20C560000B5023020502C5C5852D63E4
:1097E000370100E3EF010080FFFA760A58625AE27F
:1097F0000521061893C43A20C580000000E1E9FA6B
:10980000151D30BFFF68F10A600C58E061E60D0BD2
:1098100068C36A24761880CD71EE7FDF3A20C5A038
:109820000001000F30023A0342BFFF08F3B5051FE5
:109830005AA50500580B502402060285DDB53500F7
:10984000E0173A20C5C00024EE18801C50C352DD3A
:1098500051EA5F01000B3000380040BFFFDCF21C12
:1098600060C362DD61EC6F3F3A20C5E00001000D8E
:1098700030013A0142BFFFC8F21C70C372DD71EEC5
:109880007F01000F30023A0040BFFFB4F26B3A2074
:10989000C600001C80C382DD81F08F0100113003FF
:1098A0003A0040BFFFA0F21C96010012E09C006A43
:1098B000E296D5553A20C6200028020A02D5CD00EE
:1098C00000E51D00E000E81D50C35224661880CA60
:1098D00061EC6F01000D30023AB43A20C64000BF7F
:1098E000FF4CF30A58635ADA051C7601000EE09C1F
:1098F000001D7E01000FE89D006AEA96ED1C5847A6
:109900003A20C660000B5028020A02A5E595250002
:10991000E000E81D50C35224661880CA618C6F03B2
:10992000000D30013AD83A20C6800080FF4C4D0A25
:1099300058E0598A0DC4FFAC98D2051C7601000E80
:10994000E09C001D7E01000FE89D00253A20C6A086
:10995000006AEAE6E51C580B5028020A02F5DD0011
:1099600000E54563370500E35F05000B30BFFF34BA
:10997000F0573A20C6C0000A580BE0E059F63524EB
:10998000EE18801C60C362DD618C6F03000D300136
:109990003A80FFF24C0A588B3A20C6E000E059AA00
:1099A00025845FAD98AB008477AD98AE00AE00CE55
:1099B000768000200E8000E171CA150B7E973A2058
:1099C000C7000001008F00447F2C981C80C382DDFB
:1099D00081908F03001130013A80FF964A0A58E0C7
:1099E00059B205743A20C720001F5AA50DB5051FAE
:1099F0005AF5050058D505035F0300A5051F5A0B4E
:109A0000504406FF008407E100D73A20C740009584
:109A1000BD00008007C60000E024EE18801C50C383
:109A200052DD510A670300E061FA251C68C36A7CB5
:109A30003A20C76000DD698D7703000E30013A805F
:109A4000FF624C0A58E0599A1D845FAD98C4FFAC80
:109A500098B2150B7EF53A20C780000100447F2C98
:109A6000981C80C382DD81908F03001130013A8001
:109A7000FF184A0A58E059B2051F5A883A20C7A071
:109A800000B535B5051F5A85351C96010012E09CBE
:109A9000006AE2E6CD20365600013A80FF124C0AF9
:109AA000583C3A20C7C000E0599A25845FAD98B56C
:109AB0001580FF420844072C980A32013A80FFD6ED
:109AC00049D51580FF04080D3A20C7E00002328016
:109AD000FFEE0A0A58F50DD50DC50D0B98010AA128
:109AE00099649AFB055300F1FFE8FFF3FF743A20F5
:109AF000C80000F3FFF3FF00580B5028020A02E5EC
:109B00009D0000A52D63370100E35F01000B30BF0E
:109B1000FFD4EE5E3A20C820000A600C58E061C60F
:109B20001D0B68C36A24761880CD718E7F03000FE9
:109B300030013A80FF924B0A58AE3A20C84000E00C
:109B400059CA0D845FAD98C4FFAC98C205015A850F
:109B50000DB5050058D505B5051F5AA5051F5AA313
:109B60003A20C860000B501F020102E5D5A525630D
:109B7000370100E35F01000B30BFFF7CEE0A600C91
:109B800058E061C6158A3A20C880000B68C36A2471
:109B9000761880CD71EE7F01000F30023ABFFFFAD8
:109BA000F00A58635ACA05015AD505D43A20C8A00C
:109BB00000B5050058A5051F5A0B501F020102E50C
:109BC000DD80073C0363370100833701000658E559
:109BD000158E3A20C8C00044076A80025244572AB2
:109BE00098BFFFF2FCC49F2B98C4A72B9803328028
:109BF000FF2C086407AD80F23A20C8E000C4072BB0
:109C000098F505E505D505E059A2ED615AB2FD8448
:109C10005F6B8080077202A45FA791C52DC43A20B4
:109C2000C90000A45FA991B51D20362B0080FF62FA
:109C3000CA0A58E059BA05BFFFACA2C51DB51DA59B
:109C40001D80FF813A20C92000EEC6016A446F6A78
:109C5000806407A480C497BA918515F50DE50DD5EC
:109C60000DC50D0B7066729B0DC93A20C940004EA0
:109C700000EDFFEEFFECFFE2FFF8FFF9FFFAFFF562
:109C800005E505D505E059D2FD615AA2D580077DCD
:109C90003A20C9600022023D06389000001D30BF06
:109CA000FFCAF00A58E059C7051D30BFFFF2FB1D7F
:109CB00030003800409F3A20C98000BFFF30EF1DC0
:109CC00030013A0040BFFF26EF1D30033A0040BF8D
:109CD000FF1CEF3D06189300001D30513A20C9A02B
:109CE00000BFFF94F00A58E059C7051D30BFFFBC04
:109CF000FB1D3000380040BFFFFAEE1D30013A0076
:109D000040D93A20C9C000BFFFF0EE1D30033A0031
:109D100040BFFFE6EE260600C0FF032706FFEFFF69
:109D20000380FF86060A58E73A20C9E000E059D7C9
:109D30000520368467BFFF80FB20EE84671D30005E
:109D4000380040BFFFBAEE1D30013A0040BC3A2057
:109D5000CA0000BFFFB0EE1D30033A0040BFFFA6AF
:109D6000EE80FF2A060A58E059EA05260677A40085
:109D700000BFFF603A20CA20004AFB3D0677A400DE
:109D8000001D3000380040BFFF82EE1D30013A0058
:109D900040BFFF78EE1D30033AEA3A20CA40000087
:109DA00040BFFF6EEEBFFF9E9B0A32BFFF78A3024B
:109DB0003280FFDA07028244876A806407A4801435
:109DC0003A20CA6000800720012036160080FFC0BC
:109DD000C80A600C58C51D44076A80048F698061F9
:109DE0008AFA054407053A20CA800069800132805A
:109DF000FFCC72C505023280FFC47280FF24C50209
:109E00003280FF220780075001950D4C3A20CAA0EE
:109E10000080FF14C5E505D505645AB2FD655AA258
:109E2000E5C4C7B291EA9700001258955544076AF5
:109E300080CF3A20CAC000049F6980619AFA054425
:109E4000076980013280FF8272C505023280FF7A85
:109E500072206EFF00446F4D3A20CAE000088095E2
:109E600045E477A580CE76FFFFE071FE0DC17281DB
:109E7000720E3081FFDA170670407E004F5E3A2086
:109E8000CB00000F300E3881FF4C180670D5050E40
:109E90003081FFC2170670300600C05A4610300EDF
:109EA00038E547073A20CB2000400081FFE218E662
:109EB0002F2000F11544076A80048F6980618AFAB7
:109EC0000544076980013280FF7F3A20CB400012B1
:109ED00072C505023280FF0A726407A480023280D4
:109EE000FF680644070880E505D505E059B2C5615D
:109EF0003A20CB6000615AD2ADE50DD50DE059BADC
:109F000005BF078EFD615ABA05BF07EEFD625ABA5A
:109F100005BF07E8FE0C3A20CB8000E457A580CAB5
:109F200056FFFFE051FE0DC15281520A3081FF3EC3
:109F30001706504096004F12300A38E73A20CBA05F
:109F40000081FFB0170650D5050A3081FF2617069D
:109F500050330600C05A4613300A38E547400081A6
:109F6000FFA73A20CBC0004618E62F2000A11544D9
:109F7000076A80046F6980616AFA05440769800195
:109F80003280FF7671C5051A3A20CBE0000232809C
:109F9000FF6E716407A48024020602BF07C6FC009E
:109FA000008007340163370100833701004C3A20F9
:109FB000CC00000658A5152056110044572A98C415
:109FC000AF2B98C4B72B98C40F2B98BFFFA4F98070
:109FD000070A01213A20CC2000F505E505D505E06A
:109FE00059E2ED615AB2FD3D06389000001D30BFC8
:109FF000FFFEED0A58E059C7055C3A20CC40001D31
:10A0000030BFFF26F91D3000380040BFFF64EC1D53
:10A0100030013A0040BFFF5AEC1D30033A00404186
:10A020003A20CC6000BFFF50EC3D06189300001DA5
:10A0300030BFFFC8ED0A58E059C7051D30BFFFF01B
:10A04000F81D3000382D3A20CC80000040BFFF2E94
:10A05000EC1D30013A0040BFFF24EC1D30033A00F4
:10A0600040BFFF1AEC80FF9E030A58D63A20CCA0CE
:10A0700000E059EA05260677A40000BFFFBEF83DC0
:10A080000677A400001D3000380040BFFFF6EB1D2E
:10A0900030823A20CCC000013A0040BFFFECEB1DFB
:10A0A00030033A0040BFFFE2EB260600C0FF032763
:10A0B00006FFEFFF0380FF653A20CCE00082030A31
:10A0C00058E059D70520368467BFFF7CF820EE841E
:10A0D000671D3000380040BFFFB6EB1D305B3A20F3
:10A0E000CD0000013A0040BFFFACEB1D30033A0049
:10A0F00040BFFFA2EB023280FF3C70A06713F42048
:10A100000EEFFFA53A20CD20004161406713F424F3
:10A11000020602BF07CEFE00008007FC0063370185
:10A1200000833701000658C50DDA3A20CD400044BF
:10A13000076B802056BB0044572A988007DE00F545
:10A1400005E505D505E059C2F5615AB2FDA45F8F5A
:10A150003A20CD60006B80D535A06713F4200EEF58
:10A16000FF41618C661000406713F4806F31F41E6C
:10A170000A4169406FAD3A20CD800030F4807711FC
:10A18000F41E0A4171407710F4013280FFE855BF98
:10A19000FF3492017A447F6B806407D73A20CDA0C8
:10A1A00000A480B51DA45FA791B50D028244876B02
:10A1B000806407A480950D6407A480E505D505E0BB
:10A1C00059893A20CDC000B2FD615AB2F5950D858E
:10A1D0000DF505E059B2CD615A92ED625A92FD2417
:10A1E0008FA480200E8813373A20CDE000E189C18A
:10A1F0002544076B80049769806192FA05440769DA
:10A2000080013280FF5A6FC505023280FF0B3A2071
:10A21000CE0000526FA09F13F4200EEFFF41994033
:10A220009F13F4805731F41E0A41518A56010040B1
:10A230005730F4DD3A20CE2000003080FF5655C460
:10A24000172B981F020102B585852D633701008306
:10A250003701000658D515C487013A20CE400018B2
:10A2600098C51DC4071898951DC48F1898E515C486
:10A270000F1898B515C49718988515C4171898998C
:10A280003A20CE6000D50DC50DB50D0B506552CBF3
:10A29000FD4A00E8FFEEFFF4FFEBFFF1FFF7FF8060
:10A2A000FFDE001F02033A20CE8000010285DDB5EB
:10A2B0002D6337050080FF5600835F0500A51DC490
:10A2C000C71898EA57000043570300153A20CEA05C
:10A2D00000951D851DC4CF1898EA670000436703E9
:10A2E0000095158515C4D71898EA6F0000436F03D1
:10A2F00000403A20CEC000950D850DF505E059E2ED
:10A30000E5615AC2ED625AA2F5A357030044063F25
:10A310000084072100C5D59B3A20CEE000953D2062
:10A32000365500013A80FFE4440A58E0598A3584E2
:10A33000EFAD981D30003880FFA6B00A58053A20CE
:10A34000CF00000B60CC660100E061C205C40718B5
:10A3500098B505C48718981D30013A80FF88B00A67
:10A36000580B68273A20CF2000CD6E0100E069C26B
:10A3700005C40F1898B505C48F18981D30023A808F
:10A38000FF6AB00A580B70CE76223A20CF40000107
:10A3900000E071C205C4171898B505C49718982332
:10A3A000020502F5C50000954543070300C4C7D068
:10A3B0003A20CF60001898EA57000061528A0D23B6
:10A3C000EE03001D30003880FF66B0F50523EE0374
:10A3D000001D300038B53A20CF800080FF84B0C423
:10A3E000CF1898EA6700006162EA051D30013A80E3
:10A3F000FF44B0D5051D30013A80FFBC3A20CFA004
:10A400000066B0C4D71898EA6F0000616AEA051DBB
:10A4100030023A80FF26B0D5051D30023A80FF4851
:10A42000B0453A20CFC0000377030044772C982032
:10A43000365500013A80FFDE410A580B5042067F34
:10A440000082076100E5BDC13A20CFE000C5150AD2
:10A4500032013A80FFE6430A58E059CA0D846FADD5
:10A46000980D6601000C5844672C980A320B3A206C
:10A47000D00000013A80FFAA411E020002C5EDC5CE
:10A48000150C32013A80FFBA430A58E059CA0D84CC
:10A490006FAD981E3A20D020000D6601000C584484
:10A4A000672C980C32013A80FF7E411E020002C5E3
:10A4B000EDA5150030BFFF48FE303A20D040000A1D
:10A4C00058615AF2050132BFFF3CFE0A58615ABA80
:10A4D000050058A505015A0B501E020002E5ED09C2
:10A4E0003A20D06000F5356337010023370100635F
:10A4F0003F0500233F05000058E00760010670E7B4
:10A5000031DB252056DE3A20D080005500206655EC
:10A51000008E6F01004E6700008E7F0100EA79E235
:10A52000050B8601001058CB00F50D8E3A20D0A007
:10A5300000208EAA004E8F00008E970100200EAAE8
:10A5400000E191D2050B9E01001358CB004E6F0025
:10A5500000573A20D0C0004172E77193E5E0876070
:10A56000010B502002020295CD0000C505C4071C56
:10A57000981E020002C5FDF53A20D0E000C505C4D2
:10A580000F1C981E020002C5FDC505C4171C981EAD
:10A59000020002C5FDC505C41F1C981E023D3A20DD
:10A5A000D100000002C5FD850D633701008337012E
:10A5B00000443729981F02010285FDD54DA45F296B
:10A5C00098D53D893A20D12000C4DF2C99822D24D2
:10A5D0005E2C99C49F2C992336030080FF8A570074
:10A5E00030BFFF4CFD0A58E059DB3A20D14000AAA9
:10A5F0001D20363200083A80FF84420A58E059AAEA
:10A600001523360300243EAC98084280FF88B09C96
:10A610003A20D160000A58E059DA050132BFFF9CA8
:10A62000FFC5050232BFFF94FFA51D951D851D24A2
:10A6300067AD802106653A20D18000E0930400E1F7
:10A6400061E10580FF90010030BFFF76FFB50DA5E9
:10A650000D950D0B68636ACBFD4D00123A20D1A019
:10A6600000C0FFEBFFECFFEDFFA45F29980B504605
:10A67000063F0086072100A5B5F535633705004381
:10A68000072A3A20D1C000030080FFDE00435703B1
:10A6900000835F0500A51D23360300003880FF02FC
:10A6A000AEC51D23360300A83A20D1E000013A8050
:10A6B000FFF6ADE51523360300023A80FFEAAD85CB
:10A6C0001523360300033A80FFDEADA50D3B3A208B
:10A6D000D20000950D0B606362EB054C00E3FFE9CF
:10A6E000FFEFFFF5FF0377030044772C980B32014F
:10A6F0003A80FF613A20D220008E3F44063F00841A
:10A7000007210085CDF53563370500430703008039
:10A71000FF6A0043570300835F1C3A20D2400005C4
:10A7200000A51D23360300003880FFBAADC51D23E8
:10A73000360300013A80FFAEADE51523360300E491
:10A740003A20D26000023A80FFA2AD85152336037D
:10A7500000033A80FF96ADA50D950D0B606362EB8B
:10A76000054C00E3FF0D3A20D28000E9FFEFFFF532
:10A77000FF0377030044772C980B32013A80FF1ACD
:10A780003F44063F008407210085CDF13A20D2A046
:10A7900000C51580FF9E420B32013A80FF22410A1C
:10A7A00058E059FA05845FAD98D505A35F0300A56D
:10A7B00005903A20D2C00000580B5042063F00825C
:10A7C000072100B5ED000085256337050083E70507
:10A7D000004407AC9820EE733A20D2E00056001DEA
:10A7E00030013A80FFE6408467AD98FC61C20D44B9
:10A7F000E72C981D30013A80FFB23E0A58073A20F4
:10A80000D30000D505035F0300A50500580B504495
:10A8100006FF008407E100F5DD0000C52D00308053
:10A82000FF9052673A20D32000003080FFC25200D0
:10A830003080FFF452003080FF2653003080FF58F4
:10A8400053003080FF8A530030F73A20D340008015
:10A85000FFBC53003080FFEE53003080FF7C51007E
:10A860003080FFE651013280FFA851053280FF8C15
:10A870003A20D3600062E40A3280FF5CE40F328049
:10A88000FF56E41E020002C5D58007EA01A45FA9B5
:10A89000918007CA01B53A20D38000003080FF2A9A
:10A8A00052003080FF5C52003080FF8E52003080BA
:10A8B000FFC052003080FFF2520030923A20D3A005
:10A8C0000080FF2453003080FF5653003080FF8803
:10A8D00053003080FF16518007A601013280FF0C23
:10A8E00051423A20D3C000BFFFE4920A58E535A494
:10A8F0005F3B91A525013280FF6453C52D01328055
:10A90000FF2453852D01329B3A20D3E00080FFE4E1
:10A9100052C525013280FFA4528525013280FF6493
:10A9200052C51D013280FF2452851D0132F53A20A7
:10A93000D4000080FFE451C515013280FFA4518589
:10A9400015F50D0B68010AA169676AAB0D4D00D9B9
:10A95000FFDDFF293A20D42000E1FFE5FFE9FFED0C
:10A96000FFF1FFF5FFF505E505D505E059D2FD61DD
:10A970005A82CD800722010030C63A20D4400080A0
:10A98000FF6C51003080FF9E51003080FFD051009D
:10A990003080FF0252003080FF3452003080FF3B95
:10A9A0003A20D460006652003080FF985200308018
:10A9B000FFCA52BFFFCE920A600C58A545247FA65D
:10A9C00080200EBC02053A20D48000E179B30D242A
:10A9D00087A680200E7805E181D905013280FF36F7
:10A9E00050C50D248FA680200E7805283A20D4A0CB
:10A9F00000E189E105003080FF22506407A680E570
:10AA00002D2497A680200EBC02E191B30D249FA6B1
:10AA100080703A20D4C000200E7805E199D9050154
:10AA20003280FFFE4FC50D246FA680200E7805E111
:10AA300069E105003080FF353A20D4E000EA4F6438
:10AA400007A680A515013280FFDE4FE50D0030809E
:10AA5000FFD64FA50D950D0B706372EB056F3A2075
:10AA6000D500004E00F7FFF3FFBBFFD7FF952D0089
:10AA70003080FF9E50003080FFD050003080FF02B9
:10AA8000510030E53A20D5200080FF34510030805D
:10AA9000FF6651003080FF9851003080FFCA51009E
:10AAA0003080FFFC51003080FF743A20D540008A8E
:10AAB0004FD50DC50D0B78667A9B0D4F0019FFDF42
:10AAC000FF78FF36FF36FF36FF36FF1E0200028199
:10AAD0003A20D56000BF0718FED5356337010083E3
:10AAE0003701000658A52DE007600180FF3656BFEC
:10AAF000FFF686BFFFF43A20D58000068980FF323A
:10AB00002B80FF4E2BE087600180FFFA870030002A
:10AB1000380040024A80FF5E2BBFFFA63A20D5A036
:10AB2000000A87BFFF9A87BFFFCA8680FF3A3AF5BF
:10AB30000D80FF0088BFFFA88780FF4C56E00760AC
:10AB4000019B3A20D5C000E505D505E059D2F56155
:10AB50005AC2D51F020102B5CD0000F55D63370171
:10AB600000833701000650913A20D5E000C55520FA
:10AB70005613F4A05F13F4200E7FFF41598B5E80C3
:10AB800000405F13F4806711F41D0A4161843A208C
:10AB9000D600008C660200406710F4A06F33F420EA
:10ABA0000EBFFF4169406F33F4A07713F4200EBF4E
:10ABB000FF41710D3A20D620008E76400040771379
:10ABC000F4A07F13F4200EDFFF41798F7E20004038
:10ABD0007F13F4B52D808711F41B3A20D640001D59
:10ABE0000A4181408710F4A08F33F4200EBFFF414B
:10ABF00089408F33F4205613F4A09713F4200E2BC2
:10AC00003A20D66000BFFF4191409713F4A09F13F4
:10AC1000F4200EDFFF4199409F13F4A05F13F4204E
:10AC20000E7FFF4159DE3A20D68000405F13F4E5E5
:10AC300005D505E05192DD6152A2AD1F02010295DA
:10AC4000A50000B56D205EFF0020560B3A20D6A06F
:10AC500000FE002066F700406720F4405F22F440C9
:10AC60005F26F4206EFD00406F27F42076F9004047
:10AC7000772B3A20D6C00028F4405F2AF4207EF1DA
:10AC800000407F2CF4405F2DF440572EF4405F2F9E
:10AC9000F4405732F40F827A3A20D6E000408733EE
:10ACA000F4405F38F4405F2EF0405F2CF0208EDFE0
:10ACB00000408F28F0405F2AF0405F24F0193A20CE
:10ACC000D70000405F25F0400740F4400742F420E1
:10ACD000961B00409746F4400747F4400748F4406D
:10ACE000074AF4F13A20D7200040074CF440074DC2
:10ACF000F4400750F4039A409F52F4400753F44045
:10AD0000074CF0400748F04007B63A20D740004AC9
:10AD1000F0400744F0400745F0806711F41D0A41F8
:10AD2000618C660200406710F4A06F13F4200E00DF
:10AD30003A20D76000DFFF41698D6E2000406F131D
:10AD4000F41E020002D5950000D505013280FF886F
:10AD50004D1E020002413A20D78000B5FD0000A53B
:10AD6000051E020002E5FDE515633701002457B515
:10AD700097D8529852845F7380EA59A03A20D7A09E
:10AD800000B20D2467B597D862986244677280C498
:10AD9000A7BA91C4AFBA911F020102A5EDF54D63A8
:10ADA00037FC3A20D7C000010083EF010084576DC3
:10ADB00080FD51E245003080FF684D003080FF2A61
:10ADC0004D0F3280FF84DFEB3A20D7E0000A32805B
:10ADD000FF7EDF053280FF78DFC4A7BA91C4AFBA27
:10ADE00091C48FBB9164078C806407F880973A20E8
:10ADF000D800001D58B51DE525D525016244676DB5
:10AE000080952585250030BFFFA88E0132BFFFB693
:10AE10008E951D533A20D8200044077080E51544D4
:10AE2000076E8044076F809515851583EF0100D567
:10AE30000D0B68676AAB0D4D005E3A20D84000E20A
:10AE4000FFE3FFE4FFE8FFE9FFF0FFF3FFF8FF4453
:10AE5000EF6C8064078E802402060295B500006BBB
:10AE60003A20D86000C50584576D801E020002C5D7
:10AE7000FD8007F60A2457B597D85298528A000ADF
:10AE800030BFFF10FF3F3A20D88000246FB597D81D
:10AE90006A986A0D588007CC0AA45FA991955D80D5
:10AEA0007731F41E0A41718E760100793A20D8A0DC
:10AEB00000407730F4003080FFD24A003080FFE459
:10AEC0004BD555807F31F41E0A41798F7E010040B9
:10AED0007FE73A20D8C00030F4003080FFB44A0049
:10AEE0003080FFC64BE545808731F41E0A41814022
:10AEF0008730F4808F11F4783A20D8E0001E0A41A0
:10AF000089408F10F4003080FF8E4A013280FFA00C
:10AF10004BB5350497A6916192CA15809F923A204D
:10AF2000D9000031F41E0A4199409F30F480571136
:10AF3000F41E0A4151405710F4013280FF604A006C
:10AF40003080FFA13A20D92000724BF50D806F317F
:10AF5000F41E0A41698D6E0100406F30F4003080AC
:10AF6000FF424A003080FF544BEA3A20D94000D5D6
:10AF70000DC50D0B7066729B0D4E00A4FFA4FFA4BF
:10AF8000FFB3FFC2FFC2FFD5FF2487C197DD8277E1
:10AF90003A20D960009D8210588007C8090132BF4D
:10AFA000FF52FE8007D8090232BFFF48FEA45F6D42
:10AFB000808007C603A73A20D98000C4879891C42F
:10AFC000A79991A45FA991D52D00302706FFFF0016
:10AFD0000080FF6ADE028A448F6D80D13A20D9A0BA
:10AFE0000080FF6CB6852DC4CFBB91EA970000E0CE
:10AFF000919A0DC40FBB9106322706FFFF00008017
:10B00000FF9B3A20D9C00042DE951D20362B0080E0
:10B01000FFA4B90A58E0599A0D00302706FFFF0037
:10B020000080FF26DEBFFF3A3A20D9E000E291958A
:10B030000D850DE059B2D5615A92D5625AB2DD95AF
:10B04000ED20362B0080FF30B90A600C581A3A20E8
:10B05000DA0000850DC497BA91950D80FFACB5E577
:10B0600005D505645A82FD655A92FD80074403A404
:10B070005FA991F23A20DA2000D56520362B0080B6
:10B08000FF02B90A600C58850D80FF84B5950D80CC
:10B09000FF7EB5E505D505645A033A20DA40008203
:10B0A000FD655A92FD023280FF24B90A58E059BA70
:10B0B00005BFFF468E023280FFD0B80A600C58747C
:10B0C0003A20DA6000E505950D80FF50B5E505D51D
:10B0D00005645AA2FD655A92FDC4C79891EA9F0083
:10B0E00000619AAA2D183A20DA8000C487989184CA
:10B0F0005F9D91C51DC525B525A5259525023280E5
:10B10000FF94B80A600C58850D80FFF93A20DAA048
:10B110000016B5950D80FF10B5E505D505645A827A
:10B12000FD655A92FD44076D8080FF54B5B50DA5AD
:10B130000D323A20DAC0000B68646AFB054D00E16D
:10B14000FFE2FFE5FFE3FFE4FF9515057A447F6D1D
:10B150008080FF32B56407A43A20DAE0008E80BF19
:10B16000FF92FCF505E505E059B29D615A929D9567
:10B17000F580076802A45FA991F5250132713A2094
:10B18000DB000080FF6CB80A58E059DA1580FF0236
:10B19000B52436AB91043ABFFF208EC4A799910421
:10B1A00032243E353A20DB2000AB91BFFFA68DC490
:10B1B00087989120363C00BFFF2A8D951506824462
:10B1C000876D8080FFD2B46407E33A20DB40008EB5
:10B1D00080BFFF32FCF505E505E05992DD615AF2CA
:10B1E000D595F5033280FFD2B70A600C58F50D26CD
:10B1F0003A20DB600080FF54B48515068A448F6DC9
:10B200008080FFA0B464078E80BFFF00FCE505D5F9
:10B2100005645A92F5253A20DB8000655AA2F5C4F0
:10B22000E79991EA9700006192DA35845FB191D590
:10B230002D013280FF90B70A600C58E93A20DBA05C
:10B2400000E51580FF12B4079A449F6D80C4A7994A
:10B2500091A515066A446F6D8080FFFCB364078E6C
:10B2600080AF3A20DBC000C4A79991BFFFB0FBE5D7
:10B2700005D505645AA2ED655A82F5A515067244F6
:10B28000776D8080FFD8B31C3A20DBE000C4A7991B
:10B2900091BFFF90FB850DF505E505E059B2D5613D
:10B2A0005A92F5A5FD80076401A45FA991043A2094
:10B2B000DC0000950DD50D057A447F6D80BFFF6AD7
:10B2C000FBF505E505E059F2F5615AD2F5D5F5C46F
:10B2D000C798912A3A20DC2000EA8700006182AA00
:10B2E0003DC4879891845F9D91C52D038A448F6DDD
:10B2F0008064078E80BFFF38FB7B3A20DC4000D59E
:10B300002D049244976D8064078E80BFFF28FBD583
:10B3100025059A449F6D8064078E80BFFF18FB57F8
:10B320003A20DC6000D51D066A446F6D8064078E8C
:10B3300080BFFF08FBD51501322706FFFF00008004
:10B34000FF86DB0872C63A20DC800044776D80B54A
:10B350000DA50D0B506452FB054A00D1FFD9FFE14A
:10B36000FFE9FFF1FF9565A45FA991763A20DCA083
:10B3700000B515D51DC51DB51D038244876D800020
:10B3800030BFFF0C8A64078E80BFFFBCFA8515F5BD
:10B390000DAA3A20DCC000E50DD50DC50D0B886661
:10B3A0008A9B0D5100EAFFEBFFECFFEDFFFAFFF97E
:10B3B000FFF8FF845F9D917F3A20DCE000E52503E4
:10B3C0009A449F6D800030BFFFD28964078E80BF92
:10B3D000FF82FAC525046A446F6D8064074E3A20E7
:10B3E000DD00008E80BFFF72FAC51D057244776DC7
:10B3F0008064078E80BFFF62FAC515065244576D00
:10B40000806407123A20DD20008E80BFFF52FAC50B
:10B410000DB50DA50D0B78647AFB054F00D7FFE243
:10B42000FFEAFFF2FFFAFFF50D493A20DD4000E5A3
:10B430000D0B88688ABB0D5100D7FE1BFE69FE0903
:10B440000009000900090059FFA9FF8007EA054427
:10B450003A20DD60000332BFFF5AFAA45F6D808599
:10B460005502322706FFFF000080FF8CDA0A9A445B
:10B470009F6D8064076F3A20DD80008E80B5550394
:10B48000322706FFFF000080FF74DA0A6A446F6DFE
:10B490008064078E80F54504322706143A20DDA02B
:10B4A00000FFFF000080FF5CDA0A7244776D806461
:10B4B000078E80B53D05322706FFFF000080FF4460
:10B4C000DA223A20DDC0000A5244576D8064078EAC
:10B4D00080F52D247F8E80200E581BE179B105BFA9
:10B4E000FF9CF9E52524875A3A20DDE0008E802074
:10B4F0000ED007E181B105BFFF8AF9D51D053227BE
:10B5000006FFFF000080FF08DA0A8A448F9B3A207A
:10B51000DE00006D8064078E80951585150B900305
:10B520000AA1916892FBED5200ABFFB7FFC3FFCFBA
:10B53000FFEDFF6E3A20DE2000EDFFEDFFDBFFE4C4
:10B54000FF80071E050432BFFF8EF964078E80441A
:10B55000076E80BFFF76880A60503A20DE40000CFC
:10B5600058C52520363C0080FF24B50A58E059EA2A
:10B5700005BFFF3A8F0132BFFF7888D51DBFFFD8C6
:10B580003A20DE60005E8420363C0080FFC2B40AB0
:10B59000600C58850D80FF44B1950D80FF3EB1E5EC
:10B5A00005D505645AD33A20DE800082FD655A92A3
:10B5B000FD850DF505E059C2DD615AF2E5625AF2EA
:10B5C000E5C4FF6697C20D046F7180393A20DEA092
:10B5D00000616AF2050172447771800132BFFF2475
:10B5E00088C56DC4F76697C20D047F7180627AF2D8
:10B5F00005E43A20DEC0000282448771800132BF38
:10B60000FF0888E55DC4EF6697C20D048F71806303
:10B610008AF20503924497E83A20DEE00071800147
:10B6200032BFFFEC878555C4E76697C20D049F7152
:10B6300080649AF205046A446F71800132AE3A2048
:10B64000DF0000BFFFD087A545C4DF6697C20D04A9
:10B650007771806572F205057A447F71800132BF8F
:10B66000FFB487FA3A20DF2000C535C4D76697C2F9
:10B670000D048771806682F205068A448F7180010D
:10B6800032BFFF9887E525C4CF243A20DF4000660B
:10B6900097C20D049771806792F205079A449F71D3
:10B6A000800132BFFF7C87851DC4C76697C20D1716
:10B6B0003A20DF6000046F7180686AF20508724406
:10B6C0007771800132BFFF6087A50D047F7180E034
:10B6D00079C2050132FD3A20DF8000BFFF50874468
:10B6E000077180BFFF6C870A58615AAA0D0030BFEE
:10B6F000FF3C8707322706FFFF0000163A20DFA035
:10B700000080FF60D820363C0080FF80B30A600CC8
:10B7100058E505950D80FF00B0E505D505645AA2F2
:10B72000FDBC3A20DFC000655A92FD800782030508
:10B7300032BFFFF2F70132BFFF0087845F71808064
:10B74000071A026407A2808D3A20DFE000018244DC
:10B7500087708008322706FFFF000080FF12D82480
:10B760008FA280200EB036E189E1050592453A208E
:10B77000E000004497708080070402BFFFA8860A9B
:10B7800058615AEA05059A449F70808007F0016469
:10B79000078E804D3A20E02000A45FA991952D806E
:10B7A000FFE6AF026A446F708020362B0080FFF402
:10B7B000B20A600C58A50DC4973D3A20E04000BA8B
:10B7C0009180FF72AF950D80FF6CAFE505D50564E4
:10B7D0005AE2F5655A92FD6407A280851D20366DF8
:10B7E0003A20E060002B0080FF0AB30A58E059BA03
:10B7F00005BFFF548BE50DD50DC50D0B706672CBE3
:10B80000FD4E00D4FF603A20E08000D4FFFAFFF044
:10B81000FFF0FFF0FFF0FF80077C0164078E8020BF
:10B8200036130080FF90B20A600C58833A20E0A0E3
:10B8300000B50D80FF12AFC50D0582448770808072
:10B84000FF06AFE505D505645AD2F5655AE2F5A4C1
:10B850005F343A20E0C000A991A555038A448F7057
:10B86000800030BFFF5C866407A28080FF38AFB5E0
:10B870004D2036130080FF0F3A20E0E0008EB20A20
:10B8800058E059EA3DC4FFC197D2050132BFFF9489
:10B890008BF535C4F7C197D2050232BFFF163A20A7
:10B8A000E10000868B8535C4EFC197D2050332BF16
:10B8B000FF788B952DC4E7C197D2050432BFFF6A8C
:10B8C0008BA5250D3A20E12000C4DFC197D20505E4
:10B8D00032BFFF5C8BB51DC4D7C197D2050632BFFE
:10B8E000FF4E8BC515C4CFC197013A20E14000D26D
:10B8F000050732BFFF408BD50DC4C7C197D20508DD
:10B9000032BFFF328BE50505924497708080FF0AB5
:10B910003A20E16000AEAEE505D505615A92BD6200
:10B920005AC2ADD54D64078E80A45FA991C50D059F
:10B930009A449F70802E3A20E18000C515046A4425
:10B940006F70806407A280E50DD50D0B70010AA110
:10B950007165728B0D4E00EFFF0600EA3A20E1A000
:10B9600000F3FFF3FFF3FFF3FF853509322706FFEE
:10B97000FF000080FF4ED680FFFEADC407BA916481
:10B9800007293A20E1C0008E8006824487708064D7
:10B9900007A280E51D0A322706FFFF000080FF2A6C
:10B9A000D664078E80068A703A20E1E000448F70EA
:10B9B000806407A28085156407A280D50DC50D0B94
:10B9C0009066929B0D5200F1FEFCFE4BFF343A2034
:10B9D000E20000BBFFD8FFEAFFF8FF246FA280203F
:10B9E0000EB036E169C105057244777080247F8E00
:10B9F00080200EB33A20E22000581BE179B105BF48
:10BA0000FF4EF580071C010632BFFF8CF5A45F6F67
:10BA10008085650132BFFF94845A3A20E2400004D9
:10BA2000876E80E081AA0D018A448F6E800B3227D9
:10BA300006FFFF000080FFAAD5C4EFB297CA05B089
:10BA40003A20E26000019244976F80F54D20363233
:10BA50000080FF44010A600C58E515203631008053
:10BA6000FFF2B00A58E13A20E28000E059CA0D80A6
:10BA7000FF88ADBFFFCC8964078E80C437BA9102BE
:10BA80009A449F6F80B50DA50D950D643A20E2A0F4
:10BA900000200E3400E15982ED200E3500E159F20C
:10BAA000F5A52D2036310080FF72B00A600C58F5E4
:10BAB00015FD3A20E2C00064078E800132BFFFF618
:10BAC000830030BFFF3C84BFFFEC7F0C322706FFB2
:10BAD000FF000080FF24D5A33A20E2E000C497BA1B
:10BAE0009180FFD0ACE505D505645A92ED655AF218
:10BAF000E5850DF505E05982A5615AD2B5B83A2021
:10BB0000E30000625A82DD246F8E80200E581BE114
:10BB100069B105BFFF64F4951D0732BFFFA4F4D5DA
:10BB20001500302F3A20E32000BFFF9CF4BFFF50E8
:10BB3000F4F50DE50D0B70010AA1716672DBF54E8F
:10BB40000018FB1DFB14FD7AFD583A20E340004825
:10BB5000FE7BFFEFFFD50D0030BFFF72F4BFFF2665
:10BB6000F4F505E505E059BA05BF0734F5D5F56CE0
:10BB70003A20E360001E020002BF070CF5A5254431
:10BB8000073499440735994407369944073799444F
:10BB900007389944071D3A20E38000399944073A51
:10BBA0009944073B9964073C9964073E99640740B0
:10BBB0009964074299640744996407AF3A20E3A067
:10BBC0000046996407489964074A991E020002E5F5
:10BBD000DD80078C06633701008337010006608033
:10BBE00007A43A20E3C0000C0684573599E54DC4FC
:10BBF000EFB297E205016A446F349964073C99D526
:10BC000055C4EFB2978A157D3A20E3E0004407342B
:10BC10009924773C99200EDC05E171890D207E3452
:10BC200000447F34990F50800740062487653A20EE
:10BC3000E400003C99200EDC05E181D115248F3C05
:10BC400099200E3075E189F90D84573599A50D209D
:10BC5000963500BF3A20E420004497349912508072
:10BC6000071406C505B5056152E2F5852DC4EFB28E
:10BC700097EA054407349900501E3A20E4400080BA
:10BC800007FA05249F3C99200E3075E199810D201B
:10BC90006E3600446F34990D508007E005A515FC01
:10BCA0003A20E460009515E051A2B5615292BD20A2
:10BCB0000E3400E151A2E5200E3500E151E2DD2015
:10BCC0000E3600E151633A20E48000A2DD8007B621
:10BCD0000584573799B54DC4C7B197E20501724441
:10BCE00077369964074099B555C4C77E3A20E4A0D9
:10BCF00000B197FA0D44073699247F4099200EDC55
:10BD000005E179F9050A8244873699105080077E4B
:10BD100005803A20E4C000248F4099200EDC05E124
:10BD200089C11524974099200E3075E191E90D8461
:10BD3000573799950D0B9AA03A20E4E000449F36BE
:10BD400099135080075405C505B5056152F2F58574
:10BD50002DC4C7B197EA054407369900502B3A2005
:10BD6000E5000080073A05246F4099200E3075E108
:10BD700069F1050C72447736990E5080072205B59B
:10BD800015A5151E3A20E520000A786C7AFB0D4FA8
:10BD900000B2FFBBFF0D000D000D000D000D000DEA
:10BDA000000D000D00E6FFE6FF7F3A20E54000E6CB
:10BDB000FF8007F604A4573799E54DC4CFB197E249
:10BDC00005018A448F379964074299D555C4CF65D8
:10BDD0003A20E56000B1978A1544073799249742C5
:10BDE00099200EDC05E191890D209E1000449F37BB
:10BDF0009913508007813A20E58000BC04246F42EB
:10BE000099200EDC05E169D11524774299200E3086
:10BE100075E171F90DA4573799A50DF03A20E5A009
:10BE200000207E1100447F37990F5080079004C591
:10BE300005B5056152E2F5852DC4CFB197EA0544F9
:10BE400007CA3A20E5C000379900508007760424DD
:10BE5000874299200E3075E181810D208E120044B9
:10BE60008F379911508007863A20E5E0005C04A5E1
:10BE7000159515E051A2B5615292BD200E1000E15A
:10BE800051A2E5200E1100E151E2DD200E783A20AA
:10BE9000E600001200E151A2DD8007320484573928
:10BEA00099E54DC4D7B197E205019244973899645A
:10BEB0000744994A3A20E62000D555C4D7B1978A5D
:10BEC0001544073899249F4499200EDC05E199898F
:10BED0000D206E1600446F38992B3A20E640000D75
:10BEE000508007F80324774499200EDC05E171D1D6
:10BEF00015247F4499200E3075E179F90D84578E11
:10BF00003A20E660003999A50D208617004487384D
:10BF10009910508007CC03C505B5056152E2F5853F
:10BF20002DC4D7B197643A20E68000EA054407386B
:10BF30009900508007B203248F4499200E3075E198
:10BF400089810D20961800449738990E3A20E6A072
:10BF500000125080079803A5159515E051A2B56110
:10BF60005292BD200E1600E151A2E5200E1700E10D
:10BF700051743A20E6C000E2DD200E1800E151A223
:10BF8000DD80076E03A4573999E54DC4DFB197E210
:10BF900005019A449F39996B3A20E6E00064074610
:10BFA00099D555C4DFB1978A1544073999246F464E
:10BFB00099200EDC05E169890D20761C00EC3A2001
:10BFC000E70000447739990E5080073403247F46F8
:10BFD00099200EDC05E179D11524874699200E3091
:10BFE00075E181C03A20E72000F90DA4573999A5E1
:10BFF0000D208E1D00448F3999115080070803C50C
:10C0000005B5056152E2F5852D313A20E74000C4BF
:10C01000DFB197EA054407399900508007EE022402
:10C02000974699200E3075E191810D209E1E00B239
:10C030003A20E76000449F399913508007D402A545
:10C04000159515E051A2B5615292BD200E1C00E17C
:10C0500051A2E5200E053A20E780001D00E151E2E3
:10C06000DD200E1E00E151A2DD8007AA0284573BAD
:10C0700099E54DC4E7B197E205016A153A20E7A0BA
:10C0800000446F3A9964074899D555C4E7B1978A37
:10C090001544073A9924774899200EDC05E1718907
:10C0A0000D3A3A20E7C000207E2200447F3A990FE3
:10C0B000508007700224874899200EDC05E181D169
:10C0C00015248F4899200EE63A20E7E0003075E10C
:10C0D00089F90D84573B99A50D2096230044973A82
:10C0E00099125080074402C505B5056152B63A2041
:10C0F000E80000E2F5852DC4E7B197EA0544073A68
:10C1000099005080072A02249F4899200E3075E13B
:10C1100099810DED3A20E82000206E2400446F3A0A
:10C12000990D5080071002A5159515E051A2B56133
:10C130005292BD200E2200E1513A3A20E84000A27E
:10C14000E5200E2300E151E2DD200E2400E151A2A2
:10C15000DD8007E601A4573B99E54DC4EFB1978216
:10C160003A20E86000E205017244773B9964074A8F
:10C1700099D555C4EFB1978A1544073B99247F4A56
:10C1800099200EDC05E93A20E88000E179890D204C
:10C1900086280044873B9910508007AC01248F4AC1
:10C1A00099200EDC05E189D1152497D73A20E8A023
:10C1B000004A99200E3075E191F90DA4573B99A5DD
:10C1C0000D209E2900449F3B99135080078001C594
:10C1D00005D63A20E8C000B5056152E2F5852DC4C8
:10C1E000EFB197EA0544073B9900508007660124A8
:10C1F0006F4A99200E3075B23A20E8E000E169817B
:10C200000D20762A0044773B990E5080074C01A5FB
:10C21000159515E051A2B5615292BD200EA33A20AA
:10C22000E900002800E151A2E5200E2900E151E2D9
:10C23000DD200E2A00E151A2DD80072201A457353E
:10C2400099954D703A20E92000C4EFBE97E20501B0
:10C250007A447F359964073E99B54DC4EFBE97FA8D
:10C260000D4407359924873E99EE3A20E940002095
:10C270000EDC05E181F905048A448F35991150805F
:10C2800007EA0024973E99200EDC05E191C1155E76
:10C290003A20E96000249F3E99200E3075E199E92B
:10C2A0000DA4573599950D056A446F35990D508049
:10C2B00007C000C505F13A20E98000B5056152F2DA
:10C2C000F58525C4EFBE97DA05440735990050B5CA
:10C2D0005524773E99200E3075E171883A20E9A007
:10C2E00000E105067A447F35990F50854DD50DC57F
:10C2F0000D0A8066829B0D5000B4FFBDFF0700074A
:10C3000000943A20E9C000E8FFE8FFE8FF953D858A
:10C310003D6262E635205E3200EB61AF3520561A91
:10C3200000EA61BA05BF07CF3A20E9E000F0FCEA75
:10C3300061FF156E62BA05BF075CFB6E62AF0D68E8
:10C3400062BA05BF0790FA6862EF1D6262213A2067
:10C35000EA0000D28DB51D200E1400E161BA05BFC0
:10C3600007FEFBC51520562600EA61BA05BF073C4B
:10C37000FEEA61F83A20EA20008F0D200E2000E14D
:10C3800061BA05BF0768FDD505EB61BA05BF078E29
:10C39000F900501F020102BF07543A20EA4000761C
:10C3A000F90000C50580FF0E141E020002C5FD5CE9
:10C3B0001A630F0100E5552A0658C0FE03016A21E1
:10C3C0003A20EA60006A6F0000E08760013D066481
:10C3D000C0FE03FD670100CC760200E0718A15CC37
:10C3E0007E00FFA87A893A20EA80000F580B8090DF
:10C3F00000103080FFE00EFD670100CC8E0200E0EF
:10C4000089A2F5E0076001230F01000B3A20EAA0A2
:10C4100000E18F2000230F0500E1872000230F0992
:10C4200000E10F2000230F0D00E1072000239F11E2
:10C4300000A23A20EAC00023971500238F19002399
:10C44000871D00237F210023772500236F290023E8
:10C45000672D00235F31002E3A20EAE00023573594
:10C4600000234F390023473D00233F410023374538
:10C470000064066000230F0100441AE007913A208F
:10C48000EB00004001A407610063374500633F41B2
:10C490000063473D00634F390063573500635F31E8
:10C4A000006367683A20EB20002D00636F2900636A
:10C4B000772500637F210063871D00638F19006368
:10C4C000971500639F1100E00F883A20EB40004071
:10C4D00000630F0D00E10F4000630F0900F00F40F3
:10C4E00000630F0500F10F4000630F0100BF071C40
:10C4F0003A20EB6000FAFE00005C1A630F0100D5E1
:10C50000652A0658C0FE0302626A670000E0876081
:10C51000013C0660C0D23A20EB8000FE03FC5F01C4
:10C5200000CB6E0200E069FA1D20EE1E00CB760003
:10C53000FFA8720ED8FDD9FE051B78A53A20EBA006
:10C54000008F000F3080FFD80BB50D1B80900010BE
:10C550003080FFB4021B889100113080FFF20AFC8A
:10C560005F783A20EBC0000100CB960200E091D248
:10C57000E5E0076001230F0100E18F2000230F0594
:10C5800000E1872000230FAD3A20EBE0000900E135
:10C590000F2000230F0D00E1072000239F1100232F
:10C5A000971500238F190023871D00237FDF3A2072
:10C5B000EC0000210023772500236F290023672D3D
:10C5C00000235F310023573500234F390023473DB7
:10C5D00000233F8C3A20EC200041002337450064C3
:10C5E00006E010230F0100441AE0074001A407E110
:10C5F0001063374500633F4100833A20EC400063FD
:10C60000473D00634F390063573500635F31006376
:10C61000672D00636F290063772500637F21000C7D
:10C620003A20EC600063871D00638F190063971543
:10C6300000639F1100E00F4000630F0D00E10F4009
:10C6400000630F0900073A20EC8000F00F40006300
:10C650000F0500F10F4000630F0100BF07DCFE5C17
:10C660001A630F0100E53580FFB4092C3A20ECA0D5
:10C6700000230F0100E18F2000230F0500E1872038
:10C6800000230F0900E10F2000230F0D00E1072018
:10C6900000403A20ECC000239F110023971500238F
:10C6A0008F190023871D00237F2100237725002376
:10C6B0006F290023672D000C3A20ECE000235F3146
:10C6C0000023573500234F390023473D00233F41C6
:10C6D000002337450064062000230F0100613A2043
:10C6E000ED0000441AE0074001A40721006337452C
:10C6F00000633F410063473D00634F390063573596
:10C7000000635F5C3A20ED2000310063672D006319
:10C710006F290063772500637F210063871D006315
:10C720008F190063971500639F8B3A20ED4000112D
:10C7300000E00F4000630F0D00E10F4000630F09A0
:10C7400000F00F4000630F0500F10F4000630FE1A0
:10C750003A20ED60000100D59D5C1A630F0100E5F1
:10C76000452A0658C0FE032A5F0000CB5E2000E089
:10C7700059A20DBFFF4C3A20ED8000C6FC2C065894
:10C78000C0FE03206E20006C6F0000230F0100E14B
:10C790008F2000230F0500E18720005B3A20EDA0E9
:10C7A00000230F0900E10F2000230F0D00E10720F7
:10C7B00000239F110023971500238F190023871D45
:10C7C000008D3A20EDC000237F2100237725002330
:10C7D0006F290023672D00235F3100235735002385
:10C7E0004F390023473D008B3A20EDE000233F41C5
:10C7F000002337450064062000230F0100441AE09F
:10C80000074001A407210063374500633F413A20F8
:10C81000EE0000410063473D00634F390063573528
:10C8200000635F310063672D00636F290063772524
:10C8300000637F2A3A20EE2000210063871D0063F9
:10C840008F190063971500639F1100E00F4000638C
:10C850000F0D00E10F4000630F2D3A20EE4000095C
:10C8600000F00F4000630F0500F10F4000630F015F
:10C8700000D58DD505E55740007F001E020002E778
:10C880003A20EE6000B5FD0000853D63370100836E
:10C8900037010000602A0600C1FE03245E4C810BB4
:10C8A00068CC690670093A20EE8000C572CA71CC66
:10C8B000710E7F00004D7F000041626862C6F50680
:10C8C00050C5524A0EFF03018708C12A3A20EEA044
:10C8D00000448754814A0EFF03218F0AC1648F569A
:10C8E000814A0EFF0321970CC1649758814A0EFFBD
:10C8F00003063A20EEC000219F0EC1649F5A8104B6
:10C90000724A0EFF0361770EC11F02010285CD80BE
:10C9100007DC0363370100D73A20EEE00023C701AC
:10C92000002B0600C0FE0300C800D064C76D812B39
:10C93000570000CA5601006152E20D2F060A3A2044
:10C94000EF000002C0FE03400E00000187E04A4FE6
:10C95000870000208E00016B8F00003D0650C0FE56
:10C96000033D97873A20EF20000000D2961800E0A0
:10C9700091E21D3D9F0000D39E1800200E1800E19B
:10C9800099DA05205610007D57833A20EF400000C9
:10C99000003D7F0000CF7E0800687ACA0508827DCE
:10C9A0008700001D580B8831970000D2961800119F
:10C9B0003A20EF60006B9700003D9F0000D39E0778
:10C9C00000E099821507527D5700003D7F0000CF9F
:10C9D0007E0700E079953A20EF8000F2053D870060
:10C9E00000D0860700E081BAFD1858C15A3106BC54
:10C9F0004A0000CB89319700003306243A20EFA08B
:10CA0000005AC0FE03539700002A06BE4A0000CB1E
:10CA1000512A7F000030065CC0FE03707F000031A9
:10CA200006D63A20EFC00056C0FE03400E0000219B
:10CA30009FBA4A719F000024964C816497699900BF
:10CA4000D81BE0045788813D3A20EFE000CA560425
:10CA500000E051D20D1C80C182247E9881D079EFF4
:10CA60005F01006C5ACE050B3080FF742BB93A2061
:10CA7000F000001C88C18A249E9881D1993206FF5B
:10CA8000FF0000739700001B58C55A02524B0EFF5F
:10CA9000036157833A20F020000EC14B0EFF0321A3
:10CAA000870EC1D0860100E08182151B58C55A014E
:10CAB0007A4B0EFF03617F0EC1C93A20F040004B54
:10CAC0000EFF03218F0EC1D18E0100E089AAF51B54
:10CAD00058C55A209E1C004B0EFF03619F0EC1D803
:10CAE0003A20F0600001924B0EFF03419709C120EC
:10CAF0005600084B0EFF0361570EC11B8601001044
:10CB0000D89B0061DA403A20F08000D6AD01620C7B
:10CB100078C57A4F0EFF03218F0EC1D18E0100E040
:10CB20008982150C58C55A019A4B0E123A20F0A072
:10CB300000FF03619F0EC14B0EFF0321970EC1D270
:10CB4000960100E091AAF5203E1E000C58C55A4BF4
:10CB50000ECC3A20F0C000FF03613F0EC14B0EFF28
:10CB600003410709C10C5601000A608C00200E1514
:10CB700000E161C6D5205E5B3A20F0E00015000BB5
:10CB800086EBFF1068CD000B78C57A4F0EFF0321AE
:10CB90008F0EC1D18E0100E08982150B60D03A2042
:10CBA000F10000C562019A4C0EFF03619F0EC14C5B
:10CBB0000EFF0321970EC1D2960100E091AAF52045
:10CBC000360009473A20F120000B60C5624C0EFF89
:10CBD00003613F0EC109524C0EFF03415709C10DBD
:10CBE00080C1822F06F8480000143A20F14000D09E
:10CBF000792F8F00004C0EFF03618F0CC14C0EFF8C
:10CC00000361370EC10B9E010013588B00200EFEEE
:10CC10003A20F160001E00E159F6BD205E1E000BB7
:10CC200090C592520EFF0321570EC1CA560100E073
:10CC30005182150B60F93A20F18000C56201824CE7
:10CC40000EFF0361870EC14C0EFF03217F0EC1CF83
:10CC50007E0100E079AAF50B60C5620F3A20F1A0D1
:10CC6000004C0EFF03613F0EC1198E02009100C3FC
:10CC70008A918E01004C0EFF03418F09C11868C3D1
:10CC80006A3A3A20F1C0001A70C1723306D84A00DD
:10CC900000CD99CE99339700004C0EFF0361970A9F
:10CCA000C12A06D04A0000173A20F1E000CD51CE4B
:10CCB000512A8700004C0EFF0361870CC14C0EFF08
:10CCC0000361370EC141CA41D20B7E0100A53A2053
:10CCD000F200000F588B00200E2000E15986B51895
:10CCE00068C36A2C06C84A0000CD612C8F0000334F
:10CCF0000640C0263A20F22000FE03738F00002B6E
:10CD000006C04A0000CD592B9700002A0642C0FEFB
:10CD1000036A9700002C870200BF3A20F240002FE0
:10CD20000644C0FE036F8700002B9F0200310646B9
:10CD3000C0FE03719F00002C570400320648C09DBE
:10CD40003A20F26000FE03725700002B7F0400308F
:10CD5000064AC0FE03707F00002C8F060033064C8D
:10CD6000C0FE03738FDD3A20F2800000002B97068F
:10CD7000002A064EC0FE036A970000300658C0FE27
:10CD80000310782F9F0000709F0000B23A20F2A09D
:10CD900000208E20007D8F0000205606017D570068
:10CDA000004206FFF08207E1F0BF0724FCE52D44B6
:10CDB000074F3A20F2C00080810060245E64990B26
:10CDC00050CC514A07000041626162A6FD00602418
:10CDD0005E60990B68CC69F93A20F2E0004D0700DB
:10CDE0000041626162A6FD4407888164074D996431
:10CDF000077D814407968180FF22000030703A2031
:10CE0000F30000BFFFD8FB245E88810B700E7F000B
:10CE1000008F7E05004B7F00001E020002A5D58515
:10CE20002544075C3A20F32000958100E8045788E8
:10CE300081CA560400E051B20D245E8981DD590B90
:10CE4000670000E061C2051D30CE3A20F34000804B
:10CE5000FF3028246E8981DD694D0700001D7601B1
:10CE6000000EE8DD006CEAE6E52302050285E582B6
:10CE70003A20F36000A53D63370100E3E701006C51
:10CE8000E2BE35BFFFE8FA0AE8E0076001245E89E8
:10CE9000810B60DC61F63A20F380000C6F0000E04B
:10CEA00069E20D047795815F728E00447795810B5E
:10CEB00078DC794F0700001C3080FF003A20F3A097
:10CEC00000D2270058E4879981F0E1EA0D0B88C170
:10CED0008A24969881D1913306FEFF0000729F004C
:10CEE00000553A20F3C0001C3080FFAE27DD5620ED
:10CEF00000E051BA05E087600129020B02E5C58018
:10CF0000072A0163370100533A20F3E000E3DF0111
:10CF10000004578881CA560100E051CA05006080AC
:10CF2000070C012E06D4480000DB710E7FA83A20C2
:10CF3000F400000000848797815079E079B20502FF
:10CF400062857D310653C0FE0311970000D2961012
:10CF500000E091AE3A20F42000EA5F0000615ABA86
:10CF6000050060A56D00E000E8BFFF26FA0A68E052
:10CF7000076001049F8881D39E1A3A20F440000183
:10CF800000E0999A0DCD762000E071BA05E0876047
:10CF9000010060D555246698812B06FFFF0000F440
:10CFA0003A20F460001D80C182CC81F07F0100EB4B
:10CFB00079C21D245E89810B88DB8911970000E00E
:10CFC00091CA0D0B50DE3A20F48000DB51019A4AE1
:10CFD0009F00000477958141728E0044779581CD42
:10CFE000862000E081BA05E0876001BE3A20F4A007
:10CFF000000162E52D1D78C17ACC79EF8F0100EB3D
:10D0000089BA0D1C90C592520EFF0321570EC1CA5A
:10D01000563C3A20F4C0000300E051920DCD9E2012
:10D0200000E099BA05E08760010060D5151D70C168
:10D0300072CC716EDF00003A3A20F4E000CD862019
:10D0400000E081BA05E08760011C301B3880FF18C2
:10D05000000A58655AAA0500580B600C508C3A20FB
:10D06000F500002E021002BF07D8FE8007420163C0
:10D0700037010083D70100633F0500E3DF05001A95
:10D08000E02A06B53A20F5200053C0FE030A7700D7
:10D0900000CE761000E071EA5F0000615AEA0D1AD6
:10D0A00078C17A24869881CF81B63A20F540003144
:10D0B00006FFFF0000708F000000588007FA001A7A
:10D0C00058C55A1B90C192330650480000D299D3DC
:10D0D0003A20F56000335700004B0EFF0361570CF8
:10D0E000C12E0668480000DB710E7F00004B0EFF6A
:10D0F00003417F08C1803A20F580001B80C2823145
:10D100000674480000D08931EF0100E0E9D21DBF6C
:10D11000FFC2F80A68E00760010060D53A20F5A078
:10D12000002B0600C1FE031A90C592CB91CC911D35
:10D1300098CC99137700005277000041626862C171
:10D14000F50E3A20F5C000CD7E2000E079BA05E06A
:10D15000876001BFFF8AF80A68E0076001245E98D3
:10D16000811C80C182CB81203A20F5E000F08F0144
:10D1700000F1D9FA15049F8881D39E0100E09992AD
:10D18000151A58C55A209600014B0EFF03D13A20BC
:10D19000F6000061970EC1207600024B0EFF03617E
:10D1A000770EC10162B5151C78C17ACB79EF5701B2
:10D1B00000EAD93F3A20F62000E2870000E582101D
:10D1C000601C88C18ACB893306FFFF0000719F0075
:10D1D00000CD962000E091BA054D3A20F64000E0DF
:10D1E0008760010C580B5034021602BF07C0FEC501
:10D1F0002D2B0658C0FE032B570000CA561C0057A3
:10D200003A20F66000E051A2252B670000CC66189A
:10D2100000E061D205206E18006B6F00002B7700D4
:10D2200000CE760400343A20F68000E071C2050496
:10D230007A6B7F0000300653C0FE03108F0000D1D0
:10D240008E1000E089EA5F0000E059A73A20F6A0BE
:10D2500000B20580FFDE351E020002C5D5D565632C
:10D260003709002B06FFFF000024664C9924564C1A
:10D2700081833A20F6C00064575199645755992D1F
:10D2800006FFFF0000646F5899247751994C722E65
:10D290007F0000CF7E00802A3A20F6E000D07AE0BE
:10D2A00079A205E5452C8705004C82308F0000D11E
:10D2B0008EFC1F1158CB00CB9603FE200E133A2094
:10D2C000F700000014E191BA0DCB9EFC01A29A4C2C
:10D2D0009F0E000C3080FFBE360A58D52D1FEAB5D0
:10D2E00015E367D13A20F72000070023EF01002B58
:10D2F00006F84800001D68C16ACB69ED770100EEB1
:10D3000061AA05C5055FEAE0E91B3A20F74000EE97
:10D31000F5E0E9F6151D78C17A30060A490000CF1C
:10D3200081F0EF01001D88D100113080FFB0008333
:10D330003A20F760000A58615AFA051D90D200128F
:10D340003080FF8401950546067F0086076100A5B1
:10D350009DE54563374F3A20F78000010083E701E0
:10D3600000245E4C991C50C552210600C1FE03C129
:10D3700051645751996457559924673F3A20F7A053
:10D380000051994C622C6F0000CD6E0080D06AE095
:10D3900069A205B5251C76EBFF0E58CB000B78C1B2
:10D3A0007AEC3A20F7C00030060A490000CF81F03D
:10D3B000EF01002106FFFF0000E1E9A2151D30800A
:10D3C000FF34000A58615AAD3A20F7E000CA0D1C3C
:10D3D00088C58A0492510EFF0361970EC11D3080EB
:10D3E000FFFE00850D1C98C59A0462530E4B3A202F
:10D3F000F80000FF0361670EC129020B02A5BD857D
:10D400007563370100E3D701003C061C4900002486
:10D41000DE4C99D73A20F8200064D758991C50DA8E
:10D42000518A6F01002477519948728E7F0100EF75
:10D4300069B7050058E5551B30CD3A20F84000800B
:10D44000FF6C230A58615AB2050058E54D2B064C73
:10D450004900001A80C282CB81308F0100E089230D
:10D460003A20F86000B21564D75C991B301A90C25C
:10D4700092CB91329F0100450E010021FE7CF87392
:10D48000000A60E061153A20F88000BA050058A54E
:10D49000353D06284900001A70C272DD712E6F01F9
:10D4A00000E069F225BFFFBCF50A60E03A20F8A071
:10D4B00000E007600100581C78DA790F870000E06F
:10D4C00081D3151A88C28ADD8931970100CB913B3F
:10D4D0009F8F3A20F8C0000900CB991377000052C3
:10D4E000770000415A1C68DA698D570100EB51DB67
:10D4F000EDCC7E2000E0795A3A20F8E000BA05E051
:10D50000876001015A0B50330215028595A53D63D2
:10D51000370100E3EF0100BFFF5CF50A609C3A2091
:10D52000F90000E00760012D0694490000DD698DD7
:10D53000770100245E6499CE592F069D490000DDD5
:10D54000790F87973A20F9200000000B8F00001117
:10D55000814B870000CC962000E091BA05E08760FF
:10D56000012B06704900001D98B03A20F94000C216
:10D570009ACB9933570100E051C20D1D301D68C28E
:10D580006ACB692D770100450E010021FE62F9B7D3
:10D590003A20F960006E0024020602E5C580078685
:10D5A000016337010083CF010019D01950C5524AD9
:10D5B0000EFF03216FF23A20F980000EC1CD6E01FB
:10D5C00000E06982151958C55A01724B0EFF0361BC
:10D5D000770EC14B0EFF03217F0EC1AD3A20F9A09B
:10D5E00000CF7E0100E079AAF524E698811A80C177
:10D5F00082DC81F0EF01002106FFFF0000E1E9BAC3
:10D6000005163A20F9C00080072C012106FEFF0014
:10D6100000E1E9D235BFFF88F40A60E0076001311C
:10D6200006E0480000DD89CD3A20F9E0009197013D
:10D6300000245E6099D2593306EC480000DD99134E
:10D640006F00000B7700000E694B6F0000203A203E
:10D65000FA0000CC7E2000E079BA05E08760012B5B
:10D6600006A44800001D80C282CB8130570100E033
:10D6700051C20DCA3A20FA20001D301D88C28ACB43
:10D680008931970100450E010021FE36FA7200BF74
:10D69000FF20F40A58E0076001DA3A20FA4000045B
:10D6A0009F9581E099D245CB762000E071BA05E0E4
:10D6B0008760010BDA24EE89811D68DB690D7FCE5E
:10D6C0003A20FA60000000E079E22DBFFFF0F30A93
:10D6D00058E007600104879581E081B20D1D88DB69
:10D6E0008951070000B13A20FA8000049795815FC4
:10D6F00092920044979581CB9E2000E099BA05E074
:10D700008760011A70C172DC716EDF613A20FAA085
:10D7100000000019301B68CD000D38BFFF5EFA0A0B
:10D7200058655AEA051B78CF000F3080FFB620F508
:10D7300015423A20FAC0005FDAE0D9BECDBFFF90B3
:10D74000F30A58E00760011A80C182DC813106FFCC
:10D75000FF0000708F0000503A20FAE000CB9620C6
:10D7600000E091BA05E087600138021A02BF077C29
:10D77000FEE515BFFF60F30A60E00760013A3A205A
:10D78000FB0000245E88810B680D7700008E760117
:10D79000004B770000CC7E2000E079BA05E087607E
:10D7A000011E02323A20FB20000002A5ED851DBFBC
:10D7B000FF30F30A60E0076001245E88810B680D8A
:10D7C000770000CE76FE004B77763A20FB400000D3
:10D7D00000CC7E2000E079BA05E0876001BFFFCE73
:10D7E000F71E02000285ED951D63370100BFFF396A
:10D7F0003A20FB6000F8F20A60E0076001245E96C0
:10D8000081046F9681837701000E698D00446F96C5
:10D8100081CC7E2000933A20FB8000E079BA05E0BD
:10D820008760011F020102F5E50000951D633701C5
:10D8300000BFFFC0F20A60E0076001183A20FBA0B9
:10D8400000245E9681046F9681837701004E698D76
:10D8500000446F9681CC7E2000E079BA05E08760B5
:10D8600001CF3A20FBC0001F020102F5E50000C510
:10D8700005845797811E020002C5FD850D045F884F
:10D8800081CB5E01000B50033A20FBE0008A001EB2
:10D8900002000285FDF52D2D0600C0FE032C0600BA
:10D8A0008000002D770000CE760080EE61583A208F
:10D8B000FC0000EA0D205600082B0650C0FE036B4A
:10D8C0005700002D7F0000CF7E0080EF6192FD3079
:10D8D0000658C0C53A20FC2000FE03308F0000D15E
:10D8E0008E0300E089920D320650C0FE03089A7242
:10D8F0009F00000058A505015A413A20FC40000055
:10D90000000B501E02000295D50000A50D2C0650FC
:10D91000C0FE03086A6C6F0000015A0B501E02A57E
:10D920003A20FC60000002E5F5953D2A0650C0FE55
:10D93000032A670000CC661800E061E21D2A6F0030
:10D9400000CD6E18008E3A20FC8000200E1800E1F9
:10D9500069DA05207610006A7700002A7F0000CF80
:10D960007E0800687ACA0508826A87443A20FCA0CB
:10D970000000000A580B8831970000D29618006BFF
:10D98000970000079A6A9F00002A670000CC66078C
:10D9900000913A20FCC000E061F2052A6F0000CD42
:10D9A0006E0700E069BAFD015A0B501E020002F535
:10D9B000C50000950D2437823A20FCE0006D81BF40
:10D9C000FFF6F101620C580B501E020002F5F50043
:10D9D00000A51504578081E0518A0DBFFFA73A20AA
:10D9E000FD000058F10A58E0076001645F8581047A
:10D9F0006780814162446780811E020002E5EDD5A7
:10DA000015045F2B3A20FD200080815F5A445F801F
:10DA10008104678081E061BA0D24578581246F8578
:10DA200081CD6E2000E069BA05743A20FD4000E027
:10DA30008760011E020002B5ED0000D545BFFF085A
:10DA4000F163570D00E0076001245F7D81E0597D9F
:10DA50003A20FD6000CA2DBFFFF4F063570900E0D3
:10DA6000076001206704F1CC66F0006367000000E6
:10DA7000682D7704F1763A20FD80008E76F0006004
:10DA80007704F1237F0900CF7E2000E079BA05E01A
:10DA900087600124867081238E00005F3A20FDA0FC
:10DAA000003197010070970100319F0500709F05BC
:10DAB00000315F0900705F090024577D8141526485
:10DAC00057513A20FDC0007D8123670D00CC6620B0
:10DAD00000E061BA05E087600148063F0088072141
:10DAE00000A5BDB535BFFF2D3A20FDE00078F063FD
:10DAF000570100E0076001245F7D815F5A645F7D0C
:10DB00008124677D81E061AA1DBFFF5AF0043A209D
:10DB1000FE000064577981E007600100682D7704FA
:10DB2000F1CE760FFFCE00247F70810F71607704F5
:10DB3000F12487393A20FE20007981D0862000E048
:10DB400081BA05E0876001238F0100D18E2000E0BB
:10DB500089BA05E08760014206003A20FE40003F96
:10DB60000082072100C5CDC50580FFF2051E020019
:10DB700002C5FDA5158457A381200EFF00E151EBDE
:10DB80003A20FE6000BA0D015A445FA58104676E19
:10DB900099E061CA05026A446F6E991E020002E5AF
:10DBA000EDF50D4407AE3A20FE8000A48104579F96
:10DBB0008161528A0D80FFBA05BFFFBEFD0A58443D
:10DBC000079F811E02000295F50000483A20FEA042
:10DBD00000F51DBFFF52FEBFFF42FD4457A3810465
:10DBE0005FA381E059A20D4407A48180FF9A0544F8
:10DBF000071E3A20FEC0006D99016244679F81A410
:10DC000037A38180FFF4944457A48144076E99BFE1
:10DC1000FF44FE1E020002B43A20FEE00095E5003B
:10DC20000080071E01BFFF0CFE0457A0816152B2A5
:10DC300005800708018467A381200EFF00683A2051
:10DC4000FF0000E161B22D246F9C81E069EA058448
:10DC500037A38180FFC4040A5804776D99E071BA34
:10DC600015400E613A20FF20000000C1C7F04AE2D3
:10DC70000D00300038400E0000A147F14A014A80F3
:10DC8000FFC201207EF501647F333A20FF40009CF3
:10DC900081028244876D99208EFF00448FA28144C7
:10DCA0008FA5814407A481A497A181200EFF00992C
:10DCB0003A20FF6000E191C20D019A449F6D99A442
:10DCC00037A18180FFBA042066FF004467A1810468
:10DCD0006FA581616ACC3A20FF8000AA2504576DA8
:10DCE00099E051AA1D017244776D9980FF84044028
:10DCF0000E0000C1C7F04AE20D0030CF3A20FFA06D
:10DD0000000038400E0000A147F14A014A80FF4C54
:10DD100001207EF501647F9C814407A4812086FF59
:10DD200000D83A20FFC0004487A581048FA481E079
:10DD300089B205BFFFD4FE24979C81E091B21524DF
:10DD40009F9C815F9A649FDC3A20FFE0009C8124C5
:10DD5000679C81E061AA0D00300038400E0000A1F0
:10DD600047F14A014A80FF8801BFFF20FD3D3A028A
:10DD70000000040001F93A200000001E020002BF6A
:10DD800007E4FEB5552066FF004467A5814407A45B
:10DD90008101524457A38102724477053A20002042
:10DDA000006D99017A447FA08144076F9944079FD1
:10DDB00081400E0000A16FF14A400E0000A187F1E2
:10DDC0004A533A20004000400E0000818FF34AF190
:10DDD000819F15245E6C990B90CD91520700000D28
:10DDE0009E010013688D00523A20006000400E0032
:10DDF000008157F34AEA69B7F54467A2814467A1F5
:10DE00008164079C81400E0000C1C7F04AEB3A20B4
:10DE1000008000E20D00300038400E0000A147F104
:10DE20004A014A80FF68002076F50164779C8144AE
:10DE3000076E99903A2000A000047F9E81617ABA13
:10DE40000580FF44021E020002D5AD0000D50D443E
:10DE5000079E81BFFF8EFDBFFF483A2000C0004AE9
:10DE6000FF80FFFA01015244579E811E020002B555
:10DE7000F50000C50580FF3E021E020002C5FD1729
:10DE80003A2000E000C50580FF3A021E020002C5EC
:10DE9000FDC505A4576D991E020002C5FD95456399
:10DEA000370100633FD13A200100000500634709B4
:10DEB0000083E70900634F0D0083EF0D00BFFFE211
:10DEC000FB245E6C9900680B50DC51643A20012001
:10DED000000A7700005D71E071EA25846F6D990B8F
:10DEE00060DC610C780F8700001D814C870000E02A
:10DEF000699B3A20014000AA1D048F6D99E089CAF0
:10DF00000D2096FF004497A581049F6E99E099CA61
:10DF100005035244576E99603A200160002076FF55
:10DF2000004477A5814477A181837F0500447FA2C7
:10DF300081BFFFA8FB2C020E02F5BD0000EE3A20C7
:10DF4000018000C53D63370100633F050063470959
:10DF50000083E70900634F0D0083EF0D00BFFF5AF8
:10DF6000FB245E223A2001A0006C9900680B50DC73
:10DF7000510A7700005D71E07192250B60DC610C45
:10DF8000780F8700003D889100DB3A2001C00051E6
:10DF9000814C870000846F6D99E069BA158497A35E
:10DFA00081200EFF00E191EA05839F0500449F92C6
:10DFB0003A2001E000A181C50504576D99E0512088
:10DFC00076FF004477A281BFFF2AFB2C020E02C518
:10DFD000C5D5050152363A200200004457A0811EE3
:10DFE000020002B5FD0000C5054407A0811E020025
:10DFF00002C5FDC505BFFF86FC1E020A3A200220AD
:10E00000000002C5FDA5051E020002E5FDC5058054
:10E01000FF7E011E020002C5FDC505BFFF42FC1EBA
:10E0200002BA3A200240000002C5FDC50580FF7A11
:10E03000011E020002C5FDF52504576D99E0518AC5
:10E0400025016244676D99C33A20026000003000E8
:10E0500038400E0000A147F14A014ABFFF8AFE2066
:10E060006EF501646F9C8104776E99E071CD3A2062
:10E07000028000CA05027A447F6E998437A38180AA
:10E08000FF48010A58023280FF841A80FFD8001E20
:10E09000020002763A2002A00095DD0000C505804E
:10E0A000FFEE001E020002C5FDC50580FFC6001E72
:10E0B000020002C5FDD5154407893A2002C000A818
:10E0C00081BFFFFAEF80FF2A13013280FF4C1A0153
:10E0D0003280FFFA2C025244576D9980FF445E8CC7
:10E0E0003A2002E00080FF58031E020002B5ED0056
:10E0F00000A5150030BFFFE8EB80FFFC1201328065
:10E10000FF1E1A01323B3A2003000080FFCC2C0294
:10E110005244576D9980FF46911E020002E5EDA51D
:10E12000051E020002E5FDA5051E02AF3A200320F0
:10E13000000002E5FDE51D80FFB21680FFE21580BC
:10E14000FF561D80FF567080FF5271BFFFAAFB80F3
:10E15000FFBF3A200340005E030457A881E051EA64
:10E160000580FF4A2D025A445FA8810467A8815F99
:10E17000624467A8811E02313A200360000002A5B4
:10E18000E5C50580FFF2901E020002C5FDA5051E33
:10E19000020002E5FDB50D015244576F99DC3A20AB
:10E1A00003800080FFC89080FF0C1480FFA4131E22
:10E1B000020002D5F50000A50D80FF9A1480FF72C1
:10E1C000144407963A2003A0006F9980FF8E901E9A
:10E1D000020002E5F5850D80FFC61480FFA21480C1
:10E1E000FF82901E02000285FD473A2003C0008591
:10E1F0000D80FF1A1580FFCE1480FF76901E02005E
:10E200000285FDE51D633701000058BFFF10FD9337
:10E210003A2003E0000A58E0598A1504676E9963B2
:10E2200062DA05043280FF2819850D046F6E996249
:10E230006ACA050232DC3A2004000080FF18190186
:10E240003280FF2A3200580B501F020102A5E585DB
:10E250000D023280FF0019013280FFAD3A20042008
:10E260000012321E02000285FDF505633701000031
:10E270003080FF00321F02010295FD0000A5051E3F
:10E2800002DE3A200440000002E5FDD5050132809F
:10E29000FF34351E020002B5FD0000D505023280B4
:10E2A000FF24351E020002E73A20046000B5FD009D
:10E2B00000F505C0D700F4EA5F00000B501E020015
:10E2C0000295FD0000F5156337010023E73E3A2073
:10E2D000048000010000E8E0E1F30DBFFFE8570013
:10E2E00060205EC3090C6E01000D60CC00EB61B6CE
:10E2F000FD41EA2D3A2004A000FCE9B1F529020B0A
:10E300000295ED0000C505245681991E020002C544
:10E31000FDC505E45779991E027E3A2004C000002D
:10E3200002C5FDC505A4577B991E020002C5FD85E7
:10E330000DBFFF22F8C4B77599BFFF42F81E0290C7
:10E340003A2004E000000285FDC50D63370100831B
:10E3500037010004577A99E051BA0544377A991F7A
:10E36000020102C5F5863A2005000080073201E46B
:10E37000DF7999E0D9CA0DC4B775992056110044C8
:10E38000577A99003080FFBE048007063A200520A6
:10E3900000120124E6809904678099CC5EC000C514
:10E3A0001D9C6F01002E069C4C0000CD710E7F005D
:10E3B00000423A20054000447F7199851D9C8701E9
:10E3C000003106DC4C0000D089119780FF44977122
:10E3D00099D50D209EFF00A53A20056000449F714D
:10E3E00099850DE059C2E5200E8000E159B2EDD5C6
:10E3F000F5A4577199200EFF00E1519A0DC03A2003
:10E400000580002066110044677A99003080FF4E35
:10E41000049555C4CF7C99920D206E1200446F7AFA
:10E420009900303E3A2005A00080FF3804E5453DC4
:10E4300006F84A00000477719944777499A47F71B3
:10E4400099EF7E1400DD792F87CA3A2005C00005B8
:10E4500000DD829D82A48F7B995181E0819A0D20FD
:10E4600096220044977A99003080FFFE03952D3F55
:10E470003A2005E000A49F7199F39E1400DD9933C2
:10E480005F0900E059E20D450E010021FEFC056B1D
:10E490000004577A99833A20060000E051D2050023
:10E4A0003080FFD203B5151C3601001B66FFFFCC80
:10E4B000000C38A46F7199ED6E1400163A200620F6
:10E4C00000DD692D770D00450E010021FE30066E3E
:10E4D000002D020F02BF07D0FEC50580FF0A001EF7
:10E4E00002653A200640000002C5FD952D6407CA6A
:10E4F000996407C8996407C699C49F7C99C48775B5
:10E5000099C48F7599C497233A20066000759924A1
:10E51000577599200EFFE7415164577599C4AF753F
:10E5200099C4377599205EFF00445F7499BD3A2005
:10E530000680006407789944077A99C48F7C9944CF
:10E5400007709980FFCC041E020002F5D500008000
:10E55000075401AD3A2006A000C4EF7599821DBF93
:10E56000FF4EF6C4AF7599BFFF6EF684577599EAF2
:10E570005614002C06F84A0000843A2006C000CA4F
:10E58000612C5F1100E059E205450E010021FED427
:10E59000066B00BFFF20F6246FCA99E069C215918F
:10E5A0003A2006E0002477CA995F726477CA9924FA
:10E5B0007FCA99E0798A0DBFFF2AF680FFD204C492
:10E5C000977599B505A13A20070000BFFF1CF6B565
:10E5D00005BFFF16F62487C699E081F215BFFFE25A
:10E5E000F5248FC6995F8A648FC699313A20072037
:10E5F00000BFFFFCF52497C699E091AA0D6407C8F7
:10E60000996407C699BFFF10FFBFFF0CA9955D2451
:10E610009F3D3A20074000C899E0999235BFFFAE70
:10E62000F52457C8995F526457C899BFFFC8F524AD
:10E6300067C899E061CA25573A20076000206E7FBD
:10E6400000446FC299047780994477C399207E78FB
:10E6500000447FC499C41F7C990030243EF33A20C3
:10E66000078000C299034280FF4C640A58E059EACF
:10E6700005208690016487C899850D248FC899412B
:10E680008A648F193A2007A000C899C49F7C99C456
:10E69000CF7599C20D003080FF6E01BFFF42F5C4F7
:10E6A0008F7599BFFF62F5BFFFA93A2007C00042EE
:10E6B000FDC4C77599C2150030243E8099E447799E
:10E6C0009980FFFE630A58E0598A0DBFFF18F5A52F
:10E6D0003A2007E000C4877599BFFF38F5B5056497
:10E6E00007C0991E020002BF07AEFE0000D52563D9
:10E6F000370100633F6C3A200800000500835F0586
:10E7000000C4DF7C99C205C49F7C99851DC4C77C69
:10E7100099A215E059BA0D05526457EA3A2008202B
:10E7200000C899206675176467C699C42F7599D576
:10E7300005C4877C99C4977599C5050B3080FFE0A7
:10E7400001123A2008400020020202B5DD0000A5B7
:10E750003D63370100236F0100C4DF7C99D20D2D8A
:10E760005705000A302D77D23A2008600009000EC4
:10E7700038034280FF22DC0A580058D5250060ED9E
:10E780007F0D00E079F315245E80992D872A3A20C9
:10E790000880000500CC81E48FC199CC89D100CBE1
:10E7A0008911970000509700000C9E01001360CC67
:10E7B00000ED77E23A2008A0000D00EC71DBED2DB2
:10E7C000570C00247FC099CA79CF00647FC099009C
:10E7D000580B501F020102E5C5AB3A2008C0008566
:10E7E0000D63370100633F0500C41FD0992002026A
:10E7F0000285FDF50D63370100633F0500835F2A45
:10E800003A2008E00005000B3080FFD406C48F7C5E
:10E8100099C49775992002020295F5000085156349
:10E820003701008367BF3A200900000100633F05FC
:10E8300000835F05000C300B38BFFFEAFE00580B69
:10E84000502002020285F5C51563375C3A20092085
:10E8500000010004577B9961529A0DC4C7D099D228
:10E8600005205EF401645FCA99D5052066F4016451
:10E8700067693A20094000CA991F020102C5EDE507
:10E880004563370100E337010024EE80996407CA2D
:10E89000996407C0990457663A200960007A99E0A4
:10E8A00051C21D6407C8996407C699BFFF86F3C4A7
:10E8B000077599BFFFA6F31D580B670000703A203B
:10E8C0000980005D670100206E7F005D6F0000041D
:10E8D000777A995D770200037A647F7899C51D067F
:10E8E000860100753A2009A000D0006487789984D9
:10E8F0008F7599F18E14003206F84A0000D19112FA
:10E900009F00005D9F00006407C33A2009C000C853
:10E91000996407C699BFFF2EF3C4077599BFFF4ED0
:10E92000F324020602A5BDA51563370100E35F0EBF
:10E930003A2009E0000100C4877C99C4F77599D298
:10E94000050B30BFFF5AFFC505003080FF26001FB2
:10E95000020102E5ED0F3A200A0000B50D63370110
:10E9600000E35F0100C4077C990B30BFFF38FF1F35
:10E97000020102D5F50000E5256337943A200A200C
:10E980000001008337010004577A99E051DA05E06D
:10E9900031BA05C42F75990030BFFFE4FEC49FD083
:10E9A000990F3A200A40006407C8996407C6992461
:10E9B0005F7599200EFFE74159645F7599C48F7C9C
:10E9C00099BFFF9AF2C497E33A200A60007599BF95
:10E9D000FFBAF21F020102A5DDD51D6337050063F2
:10E9E0003F0900E33F0900C4D775999A15993A2069
:10E9F0000A8000200E4000E139D705C40F7C99C47D
:10EA0000977C99C417759924568099D50523570189
:10EA100000A5051F3A200AA000005046063F0086C8
:10EA2000072100A5E5B52D63370100836F01006361
:10EA30003F0500236705006347D33A200AC0000959
:10EA400000E35F0900C4CF7C99B20DC4D77C99FA6A
:10EA5000050C57000044578099C4177C999515FB05
:10EA60003A200AE0000D70EC72247EE497CE79EF34
:10EA7000870500248E8099D08911300C380B408096
:10EA8000FF8ED90A58003A200B000021020302D55C
:10EA9000D50000F52563370100835F0100633F0562
:10EAA00000E33F050044077A990552E83A200B201D
:10EAB000006457C899206675176467C699C437758E
:10EAC00099643F7899C40F7599246F7599200EFF4A
:10EAD000E70A3A200B400041698D6E0008646F75AB
:10EAE000990B3080FF3C6AC497D0992002020295AE
:10EAF000DD0000D50D2036133A200B6000FA00BF70
:10EB0000FF2EF0BFFFE6A44407D099015244577B83
:10EB1000991E020002B5F50000850D6407D83A2061
:10EB20000B8000CA9980FF4600C49775991E0200A9
:10EB30000285FDB50D63370100835F0100445F7BF3
:10EB4000990B30EE3A200BA000BFFF88A41F0201F2
:10EB500002D5F50000C50D2056F4016457CA99BFCF
:10EB6000FF3EF1C407D099BFFF233A200BC0005EDF
:10EB7000F11E020002C5F5851D6407C8996407C629
:10EB800099C487D09904577B996152AA05C505633A
:10EB90003A200BE0000132BFFFAEFF2036FA00BF83
:10EBA000FFA6EFBFFF5EA4BFFF6AA41E020002859E
:10EBB000EDE5056337103A200C000001006407CA38
:10EBC000991F020102A5FDA53563370100236F01DE
:10EBD00000633F0500E367050061627E3A200C2078
:10EBE000008A258D5F0100F50D0D57000044577018
:10EBF000990D300C38BFFF5880B5152076120044AF
:10EC000077CA3A200C40007A99E50D200E8100E188
:10EC100059F2ED200E8500E159B2ED200E8700E19A
:10EC200059F2E5F5EDD505B93A200C6000207E12C9
:10EC300000447F7A990132BFFF6EFD20020202E597
:10EC4000CDF52D845F7199C51D0132BFFFD83A20E3
:10EC50000C800012FFBFFF72F0C407D099BFFF9273
:10EC6000F0F51D2056F4016457CA990232BFFFF631
:10EC7000FEF515243A200CA0002066F4016467CA52
:10EC8000990432BFFFE6FEF50DE50D200E8100E18F
:10EC900059A2E5200E8500E159623A200CC000829D
:10ECA000ED200E8700E159C2EDB5F5440770991EBD
:10ECB00002000295D50000852D6337010023E72669
:10ECC0003A200CE0000100633F0500E3EF0500611E
:10ECD000EAEA159C5F0100D50DBFFFDCF71C301D73
:10ECE00038BFFF607B823A200D0000B50D20561220
:10ECF0000044577A99E505615AD2F5625A92F5F5C2
:10ED0000F5D5052066120044677A99123A200D2045
:10ED1000000030BFFFB6FC2A020C0285DDF54D6312
:10ED2000370100236F0100633F0500E367050063BF
:10ED3000624C3A200D4000DA3D0D5700006152E26E
:10ED4000052076120044777A99B5350D7F01006170
:10ED50007AE30520863100F73A200D600044877A77
:10ED600099A52DAD8F0100D18E0100E089C205C4A7
:10ED70000FD099B505C48FD0998D5F0300553A2007
:10ED80000D8000F51504924497CC990D300C38BFD6
:10ED9000FF8C9FC515019A449FCC990D300C38BF4C
:10EDA000FF7C9FF23A200DA000C50D205631004493
:10EDB000577A99F505E505615A92ED625AF2EDE54B
:10EDC000F5D5052076120044773C3A200DC0007A34
:10EDD000990030BFFF14FC2002020295B50000F537
:10EDE00015BFFFDAFDC4CFD099820D8437CD994786
:10EDF0003A200DE000BFFF78EDBFFF70A2A50D84A3
:10EE000057CD992A508A000A30BFFF9CEDBFFF54AE
:10EE1000A21E020002B23A200E000095ED0000C5CD
:10EE200005BFFFA6FD1E020002C5FDC505BFFF9A76
:10EE3000FD1E020002C5FDC505BFFFB63A200E202B
:10EE4000008EFD1E020002C5FDC505BFFF82FD1E2E
:10EE5000020002C5FDC505BFFF76FD1E020002C50A
:10EE6000FD793A200E4000C505BFFF6AFD1E020075
:10EE700002C5FDC5256337010083370100633F05E7
:10EE800000833F05000352BC3A200E600044574CFB
:10EE90009720667F0044674D9744374E97443F4F15
:10EEA00097440750974407519744075297FE3A20DA
:10EEB0000E800044075397400E0000E137A749BF7A
:10EEC000FF4CE50A5820020202C5DDC50DC4D7D0AB
:10EED00099820D493A200EA000003080FFE666C4FA
:10EEE00097D099C49775991E020002C5F58007FE58
:10EEF0000063370100236F01007B3A200EC000ED54
:10EF0000570D002E069C4A0000CA710E7F0000E0DB
:10EF100079B205015AC56D2D8705004882108F20F2
:10EF20003A200EE0000000688AB9050058B565C4B3
:10EF3000D77599C205C4D7D099C2552D970900122B
:10EF40009F0000D3668E3A200F0000F000D5452DBB
:10EF50005709008A770100EB71AA1D2D7F09000F68
:10EF60008701006882C9152D8F09003C3A200F20C7
:10EF70000011970100E091A30D2D9F090093570305
:10EF8000000A30203E7500BFFF16FFBFFF5EFF0086
:10EF900058D23A200F4000F535C4D7D099C205C4E5
:10EFA000977599B505C417D099C48F7C99A525C4C8
:10EFB0008F7C9901EA2D770C3A200F600009000E32
:10EFC0007F0000CF7E0F00677AB70D2D870900B054
:10EFD0008F01001130203E1200BFFFD0FEA03A206A
:10EFE0000F800000E8BFFF16FF1D58B515850DE026
:10EFF00061D2E5205E1000EC59F2B595FD950DC487
:10F00000DFD099133A200FA000EA050030BFFF7847
:10F01000F90058A505015A0B5024020602A58500E7
:10F0200000B5156337010083EFFC3A200FC00001E3
:10F03000000030BFFF58F961EAB20563EAFA0584BF
:10F04000378199203E7200BFFF74FE2402060280C1
:10F050003A200FE000D5ED0000F52D205E0CF48085
:10F06000570DF41D0A41518A56020040570CF48096
:10F070006709F41B0A7C3A201000004161406708D0
:10F08000F4806F0DF4170A4169406F0CF400308072
:10F09000FFE40080770DF4170A4171C33A20102075
:10F0A000008E76080040770CF480FFA400807F0D6E
:10F0B000F41B0A4179407F0CF480FF080580FFDCD7
:10F0C00004413A201040001E02000295D50000A520
:10F0D0002D205E0CF480570DF41B0A41518A560412
:10F0E0000040570CF4806FBB3A201060000DF417FD
:10F0F0000A4169406F0CF4053280FFD80080FF049C
:10F10000030A60CC660100205E0CF48077CF3A20C1
:10F110001080000DF4170A41718E76080040770CBC
:10F12000F4807F0DF41B0A4179407F0CF41E02002D
:10F1300002E5D53F3A2010A000B51580570DF41711
:10F140000A415140570CF4063280FF9400805F0D55
:10F15000F4170A41598B5E08006D3A2010C0004038
:10F160005F0CF41E020002D5ED0000B51580570DAE
:10F17000F4170A415140570CF4043280FF680084B0
:10F180003A2010E000805F0DF4170A41598B5E08A9
:10F1900000405F0CF41E020002D5ED0000B52563AF
:10F1A000370100BFFFAE3A20110000A2FF80570DCB
:10F1B000F4170A415140570CF4013280FF340083A8
:10F1C00037010080FF2C00805F09F4E43A20112011
:10F1D000001B0A4159405F08F480670DF4170A418B
:10F1E000618C66080040670CF4BFFF94FF1F0201AA
:10F1F00002943A20114000D5DD00009535633701B7
:10F20000008337010006580050806709F41B0A414B
:10F2100061406708F4CB6E883A201160008000E0FE
:10F2200069A20D807709F41D0A41718E76020040B3
:10F230007708F4F505807F09F41D0A41799A3A2090
:10F24000118000407F08F4808709F41B0A418190F7
:10F25000860400408708F4C15A8B000A8E01001111
:10F26000508A00A23A2011A000685286DD1F0201D8
:10F2700002F5CD00008007C00163370100E33701CC
:10F2800000633F0500833F0500C03A2011C000C65F
:10F29000BE070006C018508A000AC807D000E880E0
:10F2A000FFE4020A58E059C20520E6C800E505BCA3
:10F2B0003A2011E00020E6C80041EAFCE9C1F5FC73
:10F2C000E9C1051F5A8007760180670DF41B0A41CA
:10F2D000618C660400943A2012000040670CF4BF71
:10F2E000FF9CFE806F0DF4170A4169406F0CF40219
:10F2F00032BFFF2EFF18708E000E30F23A2012201F
:10F3000000BFFF24FF00D8E0D1F35DBFFF464A688D
:10F31000BAB63D807F09F41B0A4179407F08F4802A
:10F3200087F43A201240000DF4170A4181908608B4
:10F330000040870CF400B81B8EFFFF11D89B000023
:10F34000E880FF5A020A58BD3A20126000E059A234
:10F3500005C50541EAFCE981FDFCE9B1051F5AA597
:10F360007D80970DF41B0A419192960400C53A20C6
:10F3700012800040970CF4BFFF1CFE809F0DF41715
:10F380000A4199409F0CF40232BFFFAEFE18608C18
:10F39000000C30C73A2012A000BFFFA4FEB51D2408
:10F3A000EE2C981D68DB698D7701000E30BFFF9051
:10F3B000FE247ED499DB791D80CE3A2012C000DB7A
:10F3C00081108F00004F8F0000175601000AB89778
:10F3D000001896010012C0D8001B9E010013D870BF
:10F3E0003A2012E0009B00FAD9B1A5806709F41B0E
:10F3F0000A4161406708F4806F0DF4170A41698D76
:10F400006E0800406F6F3A201300000CF4BFFFCA73
:10F41000FD80770DF41B0A417140770CF400E88001
:10F42000FFA0010A58E059A205C505AE3A201320F5
:10F430000041EAFCE981FDFCE9B1051F5AD51D0038
:10F44000E8E0D1931DBFFF3C491980DD81D0001059
:10F4500030863A2013400080FF1C010A58247ED4D5
:10F4600099DD798F8F0100EB89E205019244977451
:10F47000801F5AD50541EAD03A20136000FDD19B88
:10F48000ED00580B504406FFF18407E1F1BF07403F
:10F49000FE952D00680060205608F40A586B3A204B
:10F4A000138000807709F41B0A41718E76040040B6
:10F4B0007708F4C0C708F4EA7F00000F6980870965
:10F4C000F41B0A3A3A2013A0004181408708F4C196
:10F4D0006A8D000C8E010011608C006862D6E5C058
:10F4E000C708F4EA9700001269543A2013C0008D4F
:10F4F000000D501E020002F5D50000C5456337051A
:10F5000000633F0900833F0900643FC98280FFAB6D
:10F510003A2013E000D6000A58E059B23500E8243A
:10F5200067C982E061972D806F0DF4170A41694029
:10F530006F0CF40332333A20140000BFFF44FDE3A4
:10F54000770500DD718E000E30BFFF36FDBFFF6214
:10F55000FF0A58807F0DF4170A4179073A201420DA
:10F56000008F7E0800407F0CF42486AC98DD81502B
:10F570005F00001D8E010011E89D002497C982F2F2
:10F58000E9BA3A2014400096DD0058D505035F0320
:10F5900000A5051F5A0B5046067F0086076100B57F
:10F5A000BD0000A52D63376D3A20146000010020D6
:10F5B0005E0CF480570DF4170A41518A560800403A
:10F5C000570CF4806F0DF4170A4169406F793A20A7
:10F5D0001480000CF40332BFFFC0FCE37701008EFF
:10F5E000000E30BFFFB4FCBFFFE0FE0A60807F0D5D
:10F5F000F4170AE13A2014A00041798F7E080040F8
:10F600007F0CF40C580B501F020102E5D5E52D20AC
:10F610005E0CF480570DF41B0A743A2014C00041AC
:10F62000518A56040040570CF480670DF4170A41C4
:10F630006140670CF40532BFFF6CFCBFFF98FEFC15
:10F640003A2014E0000AE8DDEE0100806F0DF417A7
:10F650000A41698D6E0800406F0CF4BFFFAAFBE001
:10F66000E9EA05015A4B3A20150000D505A35F03CE
:10F6700000A50500580B5042067F008207610095E7
:10F68000D500009515006020568000743A201520A2
:10F6900000245E2C980B68CC694D0700000C7601A5
:10F6A000000E608C00EA61F6F51E020002F5ED0026
:10F6B00000B23A20154000951500602056800024C5
:10F6C0005EAC980B68CC694D0700000C7601000E0B
:10F6D000608C00EA61F6F5163A201560001E020003
:10F6E00002F5ED0000C53D63370100E3DF0100BF17
:10F6F000FF82E724E6559A1C58DB590B50E43A2068
:10F700001580000A670000CC667F004B670000BFD1
:10F71000FF90E724EE5B9A1D68DB692076FF004DC1
:10F72000770000193A2015A0001B78C17A300638FE
:10F730004D0000CF81F08F01001130BFFF26DE0A9F
:10F7400058615AA215BFFF38E71E3A2015C0001CA9
:10F7500058DB590B90129F0000939E80004B9F0036
:10F76000001D60DB614C070000BFFF42E72E02591D
:10F770003A2015E0001002C5C5C50580FF0A001E2D
:10F78000020002C5FD800736014407549A00E03D9F
:10F7900006284900008D3A201600001C50C252DD98
:10F7A000512A670100E06182151C68C26ADD692D7B
:10F7B0007701000E302F061C4900003F3A2016202A
:10F7C00000DC798F870100103880FF006D1C8E01EE
:10F7D0000011E0DC0065E2D6E580FFCC0624366847
:10F7E0009AE33A20164000013A80FFE66C24362C5A
:10F7F00099043A80FFDC6C2436699A043A80FFD27F
:10F800006C00D03B067448353A2016600000003C7E
:10F8100006384D00001A90C192DC91F29F0100C29F
:10F820009ADB9933570100E051A23D3D06F93A2099
:10F830001680002C4D00001A60C262DD612C6F0141
:10F8400000E069C21D1A70C172DC71EE5F01000B2D
:10F8500078C27A1A3A2016A000DB792F87010010AF
:10F86000301A88C28ADD8931970100123833066860
:10F87000480000CB9993570100403A2016C0000A77
:10F880004080FFD66CD5151A60C162DC61EC5F0167
:10F89000000B68C26ADB692D7701000E302F06F479
:10F8A0003A2016E00068480000CB798F87010010ED
:10F8B0003880FF3C6C248E559ADA89510700002469
:10F8C000965B9ADA91FA3A2017000052070000245A
:10F8D0009ECC82DA99530700001A5601000AD0DA4A
:10F8E0000063D286AD2436589A033A7D3A20172019
:10F8F0000080FF086C32021402BF07CCFE8535C4BD
:10F90000DF549AA205B52D0060245E5E9A0C50C1AA
:10F9100052BF3A20174000CB516A0700000C6E011D
:10F92000000D60CC006562E6F524366D9A013A80E0
:10F93000FFD06B2436689AF43A20176000013A80B1
:10F94000FFC66B24362C99043A80FFBC6B243669C1
:10F950009A043A80FFB26B0477549ACE76973A2095
:10F96000178000FB008E7608004477549A1E020030
:10F970000285D5C53DC4CF549AA205F53500582659
:10F9800006414DB73A2017A0000000243ECC822447
:10F9900066559A2D063E4D000024765B9A0C50CB9E
:10F9A000510D78CB790F870000DC3A2017C0004A50
:10F9B0008700000E88CB89510700000790CB910685
:10F9C00098CB99137F0000527F00000B5601003C3A
:10F9D0003A2017E0000A58CB00635AF6E52436585F
:10F9E0009A033A80FF3A6B80FFAA090487549AD0A1
:10F9F00086FE009086623A20180000020044875478
:10FA00009A1E020002C5C5F50D0457549ACA560C39
:10FA100000E051AA05F505045F549ABF3A2018206A
:10FA200000CB5EF300445F549A1E02000295F5007D
:10FA300000F50D0457549ACA560300E051AA05F583
:10FA400005073A20184000045F549ACB5EFC00443E
:10FA50005F549A1E02000295F50000E50DC4DF54C4
:10FA60009AAA05950D0457A63A20186000549ACA20
:10FA700056F7008A5604004457549A1E020002A505
:10FA8000F5E50DC4CF549AAA05950D04571B3A20ED
:10FA9000188000549ACA56FD008A560100445754F3
:10FAA0009A1E020002A5F59525C4D7549AAA05C549
:10FAB0001D2436E93A2018A000689A013A80FF8494
:10FAC0006A0060245E5E9A0C50C152CB516A0700F6
:10FAD000000C6E01000D60CC00F43A2018C00065E7
:10FAE00062E6F50477549ACE76FB008E76080044E1
:10FAF00077549A1E020002F5DD0000E50DC4C79898
:10FB00003A2018E000549AAA05950D0457549ACA51
:10FB100056FE008A5602004457549A1E020002A55F
:10FB2000F5D5058457663A20190000559AAA001E9B
:10FB3000020002B5FD0000E50580FF0E0080FF1207
:10FB4000001E020002A5FDA5051E02C43A201920D0
:10FB5000000002E5FD855DC4DF549AAA05B5550095
:10FB6000C800D000D800E0E0D1EA0DBFFFBAE3241E
:10FB70005EC23A20194000689AD9598BDF01004BC8
:10FB8000070000BFFFD0E301D241CA1A505B51E029
:10FB900051821524EE5E9A5F3A201960001C58C10C
:10FBA0005A1D60CB612D064E4D0000CB692D7700AC
:10FBB000006C770000D52524EE5E9A1C780E3A2062
:10FBC000198000C17ADD792F870000E081C21D1CF9
:10FBD00088C18ADD8911580B90329F00005F9A6BB3
:10FBE0009F0000933A2019A0002B570000E051EA33
:10FBF0000D1C68C26A2C06904D0000CD612C770167
:10FC000000450E010021FEC2199E3A2019C0006E67
:10FC100000C1D29A001C7E01000FE0DC0065E2B654
:10FC2000B53702190285ADE50580FF0E0080FFD8CB
:10FC30003A2019E000B6001E020002A5FDB55504E9
:10FC400057549ACA560300E051B24D03BA390638E8
:10FC50004D00003A06063A201A0000FFFF00001788
:10FC600066FFFF0CB8D7001768C16AD969EDC701F4
:10FC700000FAC1F2353D06EC480000B83A201A20DF
:10FC8000003C06E048000024DE60991C70D8718EAC
:10FC90007F0100DB790F8700001D88D889919701CB
:10FCA00000453A201A40005281E0819225BFFFAE04
:10FCB000E21C98D89993570100DB510A581D60D86F
:10FCC000618C6F01002D68683A201A60008D000B6E
:10FCD0007700004E694B6F0000247E5B9AD7793124
:10FCE00006444D0000D789119700004F97493A20EC
:10FCF0001A80000000BFFF9AE2E0B9EABD4006FFAB
:10FD0000F18007E1F1C5ADC56DC4CF549A826D0392
:10FD1000CA24D6623A201AA0005B9A20DEFF00199E
:10FD200056FFFF0AC8D9001A60D9618C6F0100FB29
:10FD300069F20D1A70D9710E7FA83A201AC000001E
:10FD400000E079930D1A58D9590B80108F00005F8D
:10FD50008A4B8F000024E6559A1C90D991129FBCC3
:10FD60003A201AE0000000D39E0100E099E22D2421
:10FD7000EECC821D50D9510A670000E061920D1D42
:10FD800058D9590B688A3A201B00000D7700005F94
:10FD9000724B7700001D78D9790F870000E0818AC7
:10FDA0001D1D88D9893206474D0000563A201B2078
:10FDB00000D991129F0000519F0000BFFFCAE11CB3
:10FDC00058D9590B500A6700008C6680004B6700B9
:10FDD000009B3A201B4000BFFFDCE11C68D9690D85
:10FDE000770000CE768000E071A20D1A78D9790FE5
:10FDF000870000E081CA05523A201B60001930BF1D
:10FE0000FF06FAE0C9FA9D37021902C595C51D63C0
:10FE1000370100E337010000582A06384DCB3A205D
:10FE20001B800000000B60C162CA61EC6F0100E63C
:10FE300069EA0524765B9ACB714E0700000B7E01C0
:10FE4000000F58E13A201BA000CB00635AF6ED1FCB
:10FE5000020102C5E5D515633701002337010026ED
:10FE60005F0C00655AB1050152B33A201BC000A5D2
:10FE70000D0467549ACC660C00E061BA050050A5E9
:10FE80000501521F020102B5ED00008515633775AB
:10FE90003A201BE0000100E33701002456559AC6C2
:10FEA000510A580B6700008C6680004A6700001FEB
:10FEB00002010285F5B43A201C0000852DC4CF5400
:10FEC0009AC22500D824E65B9A20EEFF001C50DB86
:10FED000518A670100FD61BA151C688B3A201C200D
:10FEE00000DB694D070000BFFFCEE0245E559ADBC2
:10FEF000590B700E7F00008F7E80004B7F0000BF8B
:10FF0000FFDE3A201C4000DEE01B86010010D8DB3B
:10FF10000063DAB6E52D020F0285DDE51D633701CA
:10FF200000E33701000058D73A201C600024665BCC
:10FF30009AC6618C6F0100200EFF00E169BA058B43
:10FF40005E01002476559AC6710E7F0000553A2056
:10FF50001C8000CF7E8000E079B2058B5E02000B32
:10FF6000501F020102A5E5D53563370100E3E70123
:10FF700000BFFF453A201CA00056E0246E2C992CAF
:10FF800006584D00002B06744D00000C50DC518AC1
:10FF90007F0100CD790F8700005F3A201CC0000B65
:10FFA00088DC8911970000528110E89D00E0E9A2E9
:10FFB000150C98DC9993570100CD510A700B785DB0
:10FFC0003A201CE000DC798F8F0100318891000E0F
:10FFD00097000052894E8F0000BFFF28E01D580B8C
:10FFE0005029020B02FB3A201D0000B5CD0000F5A0
:10FFF0000524366D9A013A80FF1C661E02000295A8
:020000040001F9
:10000000FD0000F5356337010083EFBF3A201D2066
:100010000001004407E4824407E0824407DC824494
:1000200007D88280FF120161EACA05C407E0828511
:100030000D8B3A201D400062EACA05C40FE082B56C
:1000400005C417E082C417D88280FFFA00BFFFD62C
:10005000F9C4CFE082B205553A201D6000015AA5CF
:10006000050058E059E20DC41FD8822056FA0084DA
:10007000672998AC510A0A4150CA000A30DF3A2079
:100080001D800080FFE8002402060295CD00008557
:100090000D6337010080FF0E0000580B501F020156
:1000A0000285FD393A201DA000D52DC4D7D882B2D3
:1000B00005015AA5050058E0598A15C4C7D882B26F
:1000C00005015AA5050058E0590E3A201DC000FA56
:1000D0000580FF3E002036190080FF9E00D515C424
:1000E000DFD882B205015AA5050058E059D20DA803
:1000F0003A201DE000BFFFB0F980FF1C00C49FD86C
:1001000082C497D8822036190080FF74001E020036
:1001100002B5D50000613A201E0000C51500E03D83
:10012000063E4D00001D50DC51CAEF0000C2051C08
:1001300030BFFFC6FD1C5E01000BE0ED3A201E2023
:10014000009C0063E2B6F528020A02C5EDB5050180
:10015000521E020002D5FD0000C505633701001FD5
:1001600002A73A201E40000102C5FDA5051E02009F
:1001700002E5FDC50D6407D482C487DC82C497DC28
:1001800082C49FDC82C40F863A201E6000D8821E83
:10019000020002C5F5A50D63370100E337010064D5
:1001A00037D282C407D8821F020102E5F5B23A2095
:1001B0001E8000D56DC4CFD882B205015AA50500B6
:1001C00058E059B2450A5A2457D48241526457D450
:1001D00082206E683A201EA000640084772998AEC1
:1001E000694B68E47FD582EF69BA05C41FDC8220C1
:1001F00086FA00848F2998B181803A201EC0004B76
:1002000080E497D582F281BA05C407DC82209EF48F
:100210000184572998AA994B98E477D582EE995C86
:100220003A201EE000DA0DC417DC82C4C7E082B2B7
:10023000050162A5050060E061BA05C48FD882207F
:100240006EEE02847F833A201F00002998AF694B2D
:1002500068E48FD582F169DA05C40FDC82C48FD8D7
:1002600082C4C7D882B205015AA505B33A201F201F
:10027000000058E059A21D2487D2825F821058CB1B
:1002800000645FD282E0599A15C487D882C4DFD84F
:10029000829D3A201F4000B205015AA5050058E092
:1002A00059F205C49FD882C497D882BFFF3CF81E7C
:1002B000020002B59500006D3A201F600080071E05
:1002C00001C4D7D882B205015AA5050058E059F2F9
:1002D00055C4C7E082B205015AA5050058313A203D
:1002E0001F8000E059F21DC4C7DC82B205015AA587
:1002F000050058E059920DBFFFFCF7C407E482BF28
:10030000FF64FE223A201FA000C487DC82C4D7DC31
:1003100082B205015AA5050058E059F2054407D0FC
:1003200082C497D882C497DC82303A201FC000C4B0
:10033000D7E082B205015AA5050058E059922DC4B4
:10034000DFDC82B205015AA5050058E059F205B379
:100350003A201FE000BFFFB0F7BFFFA090C49FDCB2
:1003600082C4C7DC82B205015AA5050058E059F2E3
:1003700005C407E4826F3A20200000BFFF00FEC4DE
:1003800087DC82C4D7DC82B205015AA5050058E09B
:1003900059D205C497D882C497DC82D03A20202055
:1003A00000C4D7D882B205015AA5050058E059FA11
:1003B00025BFFFFCFD0A58E059AA25C4C7E082B258
:1003C000057A3A20204000015AA5050058E059A2BC
:1003D0001D0467D0826262E915C4CFDC82B20501D8
:1003E0005AA5050058E0596E3A20206000DA05044D
:1003F0006FD082E069AA0DC407E4820477D08241FD
:10040000724477D082C48FDC821E0200022B3A2015
:10041000208000BF07E4FEE505BFFFFAFDBFFFD661
:10042000FE1E020002A5FDC50D63370100245658CB
:100430009A045F673A2020A000589A8B5E3F0044E0
:100440005F589A1F020102C5F5851D63370100241C
:100450005E589A0467589A8C66933A2020C000C070
:10046000004467589A206EFF00446F599A24565AE8
:100470009A04775A9A8E76030044775A9A1F02BCE0
:100480003A2020E000010285EDC50D63370100240C
:10049000565A9A045F5A9A8B5EFC00445F5A9A1F20
:1004A000020102C5F5DF3A20210000950D633701F6
:1004B00000245E689AC407689A01521F020102F57F
:1004C000F50000950D63370100245E113A202120CC
:1004D00000689AC40F689A01521F020102F5F500E4
:1004E00000950D63370100245E689AC417689A016D
:1004F00052763A202140001F020102F5F5000095D6
:100500000D63370100245E689AC41F689A01521F68
:10051000020102F5F500006A3A20216000950D63A2
:10052000370100245E689AC427689A01521F0201AD
:1005300002F5F50000F50DBFFF7ADB245EB93A2025
:1005400021800064990B500A670000CC66E0004BE4
:10055000670000BFFF8CDB1E02000295F50000F56E
:100560000DBFFF213A2021A00056DB245E60990BCD
:10057000500A670000CC66F8004B670000BFFF68B8
:10058000DB1E02000295F500001E3A2021C000C5C6
:100590001D6337010024662C99046F2C998D6E071A
:1005A00000446F2C99245E699A0477699A8E767A52
:1005B0003A2021E00007004477699A24566D9A0496
:1005C0007F6D9ACF7EF800447F6D9A1F020102C5AD
:1005D000E5E50DBFFF823A20220000F6DA245E6DC9
:1005E0009A04576D9A8A56070044576D9ABFFF0ABE
:1005F000DB1E020002A5F585156337E73A202220AD
:1006000000010024662C99C41F2C99245E699AC4A9
:100610001F699A24566D9AC49F6D9A1F0201028524
:10062000F5B23A20224000A50DBFFFB2DA245E6D7C
:100630009AC41F6D9ABFFFCEDA1E020002E5F5E5EF
:100640001D6337010020569A3A20226000FF0024E3
:100650006E2C9904772C998E76F00044772C99446F
:10066000572D992466699A047F699A8F7ED33A2020
:10067000228000F000447F699A44576A9A245E6D94
:100680009AC4A76D9A1F020102A5E5A50DBFFF5AE6
:10069000DA245E1A3A2022A0006D9AC4276D9ABF10
:1006A000FF76DA1E020002E5F5C51D63370100245E
:1006B000662E99046F2E998D6E183A2022C000077D
:1006C00000446F2E99245E6B9A04776B9A8E76079E
:1006D0000044776B9A24566D9A047F6D9ACF7E53AF
:1006E0003A2022E0009F00447F6D9A1F020102C55C
:1006F000E5E50DBFFF06DA245E6D9A04576D9A8A10
:100700005660004457513A202300006D9ABFFF1AEB
:10071000DA1E020002A5F5852D6337010024762E2E
:1007200099047F2E998F7EF800447F883A202320F9
:10073000002E99246E2F9904872F9990860F0044DC
:10074000872F9924666B9A048F6B9A918EF80044D8
:100750008F603A202340006B9A245E6C9A04976C59
:100760009A92960F0044976C9A24566D9AC4BF6D66
:100770009A1F02010285DDA63A20236000A50DBF65
:10078000FF92D9245E6D9AC43F6D9ABFFFAED91E09
:10079000020002E5F5951D633701008337A73A2073
:1007A0002380000100C4D75C97EA570000EA31E2D9
:1007B0000D0658CB5E0100E059C205C4175C97B521
:1007C00005C497F83A2023A0005C970030BFFF389B
:1007D000F81F020102F5E50000951D633701008353
:1007E000370100C4DF5C97EA572F3A2023C000008E
:1007F00000EA31E20D0658CB5E0100E059C205C4A3
:100800001F5C97B505C49F5C970030BFFF00F89F41
:100810003A2023E0001F020102F5E50000951D6368
:1008200037010083370100C4E75C97EA570000EA0C
:1008300031E20D0658903A20240000CB5E0100E022
:1008400059C205C4275C97B505C4A75C970030BFA3
:10085000FFC8F71F020102F5E50000F13A2024204D
:1008600000951D6337010083370100C4EF5C97EAF0
:10087000570000EA31E20D0658CB5E0100E059C294
:10088000051B3A20244000C42F5C97B505C4AF5C1B
:10089000970030BFFF90F71F020102F5E5000095B9
:1008A0001D633701008337FC3A202460000100C437
:1008B000F75C97EA570000EA31E20D0658CB5E017B
:1008C00000E059C205C4375C97B505C4B7B73A20F4
:1008D0002480005C970030BFFF58F71F020102F52B
:1008E000E50000951D6337010083370100C4FF5CFC
:1008F00097EA570F3A2024A0000000EA31E20D06E3
:1009000058CB5E0100E059C205C43F5C97B505C4F1
:10091000BF5C970030BFFF20F75F3A2024C0001F64
:10092000020102F5E50000951D63370100833701E0
:1009300000C4EF6497EA570000EA31E20D06589FC1
:100940003A2024E000CB5E0100E059C205C42F64C8
:1009500097B505C4AF64970132BFFFE8F61F0201E7
:1009600002F5E50000CF3A20250000951D63370110
:100970000083370100C4F76497EA570000EA31E2C8
:100980000D0658CB5E0100E059C2052A3A20252009
:1009900000C4376497B505C4B764970132BFFFB090
:1009A000F61F020102F5E50000951D633701008383
:1009B00037D93A202540000100C4FF6497EA570068
:1009C00000EA31E20D0658CB5E0100E059C205C4D1
:1009D0003F6497B505C4BFAE3A2025600064970117
:1009E00032BFFF78F61F020102F5E50000B51D6376
:1009F0003701008337010024576597D052423A20CF
:100A00002580009C52EA318215245F6597C6660FE7
:100A100000CC622106FF0FFFFF41590C59645F654E
:100A20009701328F3A2025A000BFFF3CF61F02013C
:100A300002D5E50000951D6337010083370100C42E
:100A4000C76697EA570000EA31613A2025C000E204
:100A50000D0658CB5E0100E059C205C4076697B584
:100A600005C48766970132BFFF04F61F020102AB7F
:100A70003A2025E000F5E50000951D63370100836D
:100A8000370100C4CF6697EA570000EA31E20D064D
:100A900058CB5E0100963A20260000E059C205C4FA
:100AA0000F6697B505C48F66970132BFFFCCF51F5F
:100AB000020102F5E50000951D6337E43A20262087
:100AC00000010083370100C4D76697EA570000EAA7
:100AD00031E20D0658CB5E0100E059C205C417662D
:100AE000979B3A20264000B505C49766970132BF10
:100AF000FF94F51F020102F5E50000951D63370123
:100B00000083370100C4DF453A202660006697EA7B
:100B1000570000EA31E20D0658CB5E0100E059C2F1
:100B200005C41F6697B505C49F669701325D3A20DC
:100B3000268000BFFF5CF51F020102F5E50000956D
:100B40001D6337010083370100C4E76697EA570049
:100B500000EA31213A2026A000E20D0658CB5E01C2
:100B600000E059C205C4276697B505C4A76697017A
:100B700032BFFF24F51F0201026B3A2026C000F5A8
:100B8000E50000951D6337010083370100C4EF665F
:100B900097EA570000EA31E20D0658CB5E01009556
:100BA0003A2026E000E059C205C42F6697B505C477
:100BB000AF66970132BFFFECF41F020102F5E500BA
:100BC00000951D6337A53A202700000100833701F7
:100BD00000C4F76697EA570000EA31E20D0658CBE9
:100BE0005E0100E059C205C43766977A3A20272093
:100BF00000B505C4B766970132BFFFB4F41F020108
:100C000002F5E50000951D6337010083370100C43C
:100C1000FF053A202740006697EA570000EA31E2D4
:100C20000D0658CB5E0100E059C205C43F6697B57A
:100C300005C4BF669701323C3A20276000BFFF7CA5
:100C4000F41F020102F5E50000851D6337010083F2
:100C500037010024578D97DE529E52EA315B3A20CD
:100C6000278000D20D245F8D97C66603001C0A41C1
:100C7000590C59645F8D970232BFFF46F41F020181
:100C80000285EDB63A2027A000951D633701008349
:100C900037010024578D97DC529E52EA31E20D2431
:100CA0005F8D97C6660300C262503A2027C00013CA
:100CB0000A41590C59645F8D970232BFFF10F41F2F
:100CC000020102F5E50000A51D633701008337EB43
:100CD0003A2027E000010024578D97DA529E52EA0D
:100CE00031F20D245F8D97C6660300C462200ECFDB
:100CF000FF41590C590C3A20280000645F8D97027F
:100D000032BFFFD6F31F020102E5E5A51D633701DF
:100D1000008337010024578D97D852473A20282066
:100D2000009E52EA31F20D245F8D97C6660300C61D
:100D300062200E3FFF41590C59645F8D970232BF0C
:100D4000FF4C3A202840009EF31F020102E5E5A572
:100D50001D633701008337010024578D97D2529EBF
:100D600052EA31F20D245F913A202860008D97C637
:100D7000660300CC62200EFFCF41590C59645F8D91
:100D8000970232BFFF66F31F020102E5E5BC3A207D
:100D9000288000B51D633701008337010024578D7B
:100DA00097D0529E52EA318215245F8D97C6660312
:100DB00000CE62A73A2028A0002106FF3FFFFF4196
:100DC000590C59645F8D970232BFFF2CF31F02014B
:100DD00002D5E50000853D6337843A2028C0000134
:100DE0000023EF0100BFFF2ED42457A997D85298B3
:100DF000525D570000245FA997D05A985A5D5F064C
:100E00003A2028E00001002467A997C86298625D33
:100E1000670200246FA997986A5D6F03002477AD7D
:100E200097D87298724B3A202900005D770400240D
:100E30007FAD97D07A987A5D7F05002487AD97C8FB
:100E40008298825D870600248FAD97873A202920FB
:100E500000988A5D8F0700BFFFF6D3240206028543
:100E6000CD95152A06FFFF0000605700F16057027C
:100E7000F1513A20294000605704F1605706F120F3
:100E80005EFF00405F08F11E020002F5ED0000F574
:100E900045633701008337753A2029600001000659
:100EA00050C53D805F21F41B0A41598B5E04004010
:100EB0005F20F4806741F41B0A41618C66D63A20BA
:100EC0002980000400406740F4806F01FC1B0A4148
:100ED000698D6E0400406F00FC807721FC1B0A4185
:100EE000714077513A2029A00020FC9525807F0190
:100EF000FC1B0A4179407F00FC808721FC1B0A41D2
:100F000081408720FC808F41F4793A2029C0001B62
:100F10000A4189408F40F4809721F41B0A41919245
:100F2000960400409720F4E505D505E051B2E53F71
:100F30003A2029E0006152A2C51F02010295BD00BE
:100F4000005C1A630F0100F50D230F0100E18F20F3
:100F500000230F0500623A202A0000E187200048A4
:100F60001A230F0100441AE0074001581AF00F40FD
:100F700000630F0500F10F4000630F393A202A206B
:100F800000010095ED800780010132BFFF3AAB8080
:100F9000FF9611BFFF129D0132BFFF9CABBFFF2C1C
:100FA000B9C73A202A400080FFF812BFFFD4A8BF7B
:100FB000FF4C89BFFF7C350030BFFFB2A680FFE643
:100FC0000F80FF5E5ABFFF023A202A600016A9BFB9
:100FD000FFDE530A58E059BA0580FF6C67BFFF90E7
:100FE00036BFFFA4A60A600C58800710010A3A20F9
:100FF0002A8000BFFFC0530A600C58B57D80FF1ADD
:10100000130A600C58B52D80FF542ABFFFD4AD954C
:101010003D853D393A202AA000845F2B98E50D01DB
:1010200032BFFF4CA1C5150132BFFF009E851501DF
:1010300032BFFF78A2C50DB50DFE3A202AC000626E
:101040005AE2F5200E1100E159E2ED200EBB00E15D
:1010500059A2F5D51DC51DB51DA51D951D0132143F
:101060003A202AE00080FF7012D515C5150B6801E3
:101070000AA1696C6AFBF54D00D0FFD5FFD6FFF5DC
:10108000FFF5FFF5FF223A202B0000F1FFF5FFD01E
:10109000FFF2FFF3FFF5FFF4FFC53D80FF94120A56
:1010A000600C58E51D80FF065EE52D4C3A202B2094
:1010B00000D52D845F2B98B505C50DB50D625AD2AC
:1010C000FD200E1100E15992FD200EBB00E159D226
:1010D000F5223A202B4000D51DC51DB51DA51D9537
:1010E0001D013280FF0412D515C5150B78010AA128
:1010F000796C7AFBF54F00023A202B6000DDFFE0AF
:10110000FFE1FFF5FFF5FFF5FFF1FFF5FFDDFFF272
:10111000FFF3FFF5FFF4FFE505D505E059573A2049
:101120002B8000D285615AE2C5C50DB50DA50D61B4
:101130005ABA05BF07F0FE635ABA05BF07E8FEE5D5
:10114000F5BF07403A202BA000B8FE1E020002BFE8
:101150000782FE0000A52D260600EA01001F3A8046
:10116000FFAABD1E5A00600C6F7C3A202BC000E025
:10117000F04B69406FE0F000700E7FE2F04B794079
:101180007FE2F00080108FE4F04B89408FE4F06440
:101190003A202BE0000090129FE6F04B99409FE62A
:1011A000F0015240576EF080FF720BBFFF3AFD8096
:1011B000FF1A311E02023A202C00000002E5D5C5BC
:1011C0000580FFE20C1E020002C5FDD52DC42FF1E3
:1011D0008201524457EE82045FEA82483A202C2072
:1011E000000B5E1000445FEA82C487F082C4B7F14E
:1011F000822467DD97200EFFF041618C6600016458
:1012000067E53A202C4000DD97046FE982446FDCEB
:1012100097C4FFF082EA770000CE760100E071C249
:1012200005C427DD97B505F03A202C6000C4A7DD82
:1012300097C4AFDD971E020002B5D50000E505C4D6
:1012400087F082C4B7F1821E020002A5FD893A2010
:101250002C8000C545BFFFA2CEC40FF0820030BF76
:10126000FF4CC2C4FFF182820DC4E7F082CA05C4FC
:10127000EFF082E53A202CA000A205F525245EF1CE
:10128000820457F182CA56F0004457F182C4A7F194
:1012900082C4AFF1824407EE82F33A202CC00020D2
:1012A0006610004467EA82046FEC82CD6E7F0065B1
:1012B0006AF20D0477E882E071EB7F0000EF7ED1E7
:1012C0003A202CE000D0FF0F7E3200447FED8204F4
:1012D000824487EC82048FE882E089E3050497E882
:1012E000825F924497363A202D0000E882BFFF2AA1
:1012F000D51E020002C5BDF55D63370100C4AFF124
:10130000820457EA82CA560F004457843A202D209F
:1013100000EA820A5A445FE8822467DD97D4629C1F
:101320006262629A2DC4FFF182A215C4EFDD97F2CA
:101330000DE53A202D4000BFFFE4CDC42FF08244DC
:1013400007EE82206E4B00446FED8206724477EC0C
:1013500082C515C4FFF082393A202D6000E205C431
:10136000E7DD97B205C43FF182C4EFF0829A0DC465
:1013700097F1820C7A447FED82038244877E3A2083
:101380002D8000EC82B525248FDD97D48A9C8A6459
:101390008ABA0DC4D7F082F205C4E7F182C2050112
:1013A000924497343A202DA000EC82B515249FDD9D
:1013B00097D49A9C9A619ADA0D0457EC826452D2BF
:1013C00005045FEC82655ADA05593A202DC00020E9
:1013D0006610004467EA821F02010295A5000080A2
:1013E00007F601633701002337010026570500F295
:1013F0003A202DE0004C52EA670100A2628C00CC3A
:10140000667F008C004467EB82266F09000D770130
:1014100000CE760F00883A202E00008E006272C245
:101420000D267F09000F870100D0860F0090006114
:1014300082B20580071001205E4100563A202E201E
:1014400000C407F182A48FE982EB8987150497EB2A
:1014500082049FE982F391990DA457EB82EB51D757
:1014600005E63A202E40000467EB824467E982F5E6
:101470000D046FEB820477E982EE69D105A47FEB5E
:1014800082EB79D7050487343A202E6000EB824442
:1014900087E982268F090011970100D2960F0092EA
:1014A000006292CA55C40FF182269F0900183A20A3
:1014B0002E800093570100EA59920D266709008C8F
:1014C0006F0100A477EB82ED71BA1DC417F182267B
:1014D0007F09001A3A202EA0008F870100F059AA38
:1014E00015C437F082C4EFF182DA0D4407DE974469
:1014F00007DF974407E0974407EB3A202EC000E14E
:10150000974407E2974407E397952DC497F1822605
:101510008F090091970100EB918E15269F09008D90
:101520003A202EE00093570100A467EB82EA61F6AF
:1015300005A477EB82EB71BE05C41FF182A51526C9
:101540006F09008D7FC83A202F00000100A487EBAF
:1015500082EF818E0DA48FEB82EB89BE05C41FF153
:1015600082B505C41FF182D505C487AB3A202F2070
:1015700000F082C4B7F182C50D26970900129F01C1
:1015800000D39E0F009300649ABA05C407F182C489
:10159000C74E3A202F4000F182F23D0467EA82CC28
:1015A00066F0008C004467EA82265709000A77013A
:1015B00000CE7610008E00493A202F6000200E10D9
:1015C00000E171CA05C4E7F082B205C4BFF182260A
:1015D0006F09000D870100D08620009000EF3A20AF
:1015E0002F8000200E2000E181DA1DC4E7F082AADE
:1015F0001DC4EFF082FA15C4FFF082C215BFFF8A46
:10160000CBC43F503A202FA000F182C42FF082C4F7
:10161000AFF1824407EE82C4B7F082207E4B0044D3
:101620007FED82068A448FEC82BF3A202FC00000F3
:10163000580B501F020102BF070CFEA5656337015E
:10164000002337010006508A004457EC82BFFFA3F5
:101650003A202FE00016CD4407F0824407F182447F
:1016600007EE824407ED824407EA82206641004487
:1016700067EB8244071D3A20300000DC974407DD09
:1016800097BFFF6AFC0A6A446FE882845FED82F5C7
:1016900025C417F082F52DE52DC417013A2030201E
:1016A00000F082C43FF082952DC43FF082E525BF53
:1016B000FFF6CAC417F082C43FF082C43FF182C46F
:1016C00027C73A20304000F08207724477EC82BF8F
:1016D000FFD0D1BFFFD8D1BFFFCCCCD51D4407EC84
:1016E00082BFFFC2CC851DA73A20306000C50D0B1C
:1016F00078667A8BFD4F00F6FFD6FFD9FFDAFFDF61
:10170000FFF6FFE2FFBFFFC0D1BFFF78CAC63A2095
:10171000308000BFFFD0D1018A448FEC82BFFF929E
:10172000CC1F020102E59D80079605BFFF5CCC043B
:1017300057ED82713A2030A000E051E3050467EDD7
:10174000825F624467ED82BFFF6ECCBFFF42CCC4B4
:10175000BFEC82046FEA82CD6E733A2030C000F095
:1017600000A46A8D00686AC70D207610004477EAED
:1017700082207E3200447FED8204824487EC8231F5
:101780003A2030E000845FED828007A204BFFF882A
:10179000FB4407F182C4B7F082C4AFF082C4A7F063
:1017A00082C49FF082CE3A20310000C487F082C408
:1017B0008FF0824407EE82208E4100448FEB82043A
:1017C00097EA8241924497EA82BFFF643A2031202F
:1017D00000D6C9C4D7F082B22DC42FF182019A4439
:1017E0009FEE820457EA820A5610004457EA82208C
:1017F00066EC3A2031400041004467DC974467E9D9
:1018000082246FDD97200EFFF041698D6E00016428
:101810006FDD97C4AFDD97023A20316000C4A7DDC9
:10182000974407DE974407DF974407E0974407E1B2
:10183000974407E2974407E3970477EA82FA3A204D
:10184000318000CE760F0064728F0D057A447FEDF3
:101850008202824487EC82C50D208E1000448FEAFC
:10186000822096773A2031A00032004497ED82041E
:101870009A449FEC8280074004C4D7F082DA15C4F2
:10188000FFF082EA570000CA56473A2031C00001F3
:1018900000E051C205C43FF182B505C4BFF1820C1E
:1018A000624467ED82036A446FEC82E565C4DFCD74
:1018B0003A2031E000F182B205BFFF2CFAC4CFF12B
:1018C00082F20DC4D7F182D20504724477ED82F51D
:1018D000050C7A447FF43A20320000ED8203824402
:1018E00087EC828555048FED82E089CA4DC4B7F03C
:1018F00082C42FF18201924497EE82F43A20322082
:1019000000049FEA82139E1000449FEA820457E974
:1019100082200E4100E151A21DC4FFF182F205C4F4
:10192000FF593A20324000F082C205C42FDD97B53E
:1019300005C4AFDD97C4FFF082EA670000CC660102
:1019400000E061C205C427813A20326000DD97B50E
:1019500005C4A7DD97D505C4AFDD97C4A7DD97C43F
:10196000F7F182C205C407F082B505C437BA3A2040
:10197000328000F182246FDD97200EFFF041698DE7
:101980006E0002646FDD970477E9824477DC970C80
:101990007A447F4C3A2032A000ED8203824487ECE7
:1019A0008280074403C4CFF182E215C4D7F082825B
:1019B00015C4D7F182D20DC4C7FA3A2032C000F064
:1019C00082B20580FF4461048A448FED8202924412
:1019D00097EC82C5050C9A449FED82C4D7F082250E
:1019E0003A2032E000F205C4DFF182B205BFFF28E1
:1019F000F9E515C4F7F182C205C407F082B505C444
:101A000037F182C4FF143A20330000F082EA570015
:101A100000CA560100E051C205C43FF182B505C4B9
:101A2000BFF1820467ED82E061CA05D13A2033201C
:101A300000016A446FEC828007C602BFFF46F9C40A
:101A40001FF0820477EA82CE76F0004477EA82C4FF
:101A5000C7933A20334000F182B205C427F182C413
:101A6000E7F1828215C4D7F082D205047FEA82E0D2
:101A7000799A0D4407EA82A63A20336000208681D5
:101A8000004487EC8280072A01048FEC82648AAAD2
:101A9000650497ED82E091BA45C4CFF082BE3A204A
:101AA000338000D205C48FF082BFFFBECEBFFF6A75
:101AB000C7C4D7F082B235C4FFF082EA9F0000D3DA
:101AC0009E0100343A2033A000E099C205C43FF1E2
:101AD00082B505C4BFF182C42FF18201524457EE92
:101AE00082206610004467EA82363A2033C0002420
:101AF0006FDD97200EFFF041698D6E0004646FDD8D
:101B0000970477E9824477DC97C4AFDD97C4FF1B65
:101B10003A2033E000F082EA7F0000CF7E0100E04F
:101B200079C205C427DD97B505C4A7DD97208632A5
:101B3000004487ED827A3A20340000C4D7F082EA6C
:101B40000DC4FFF082EA8F0000D18E0100E089C24F
:101B500005C43FF182B505C4BFF182443A20342068
:101B600000C4FFF182820D0C924497ED82209E8585
:101B700000449FEC82F52DC4FFF182B225C4CFF161
:101B800082163A20344000D2050C524457ED82B5FB
:101B90001D0467ED82E061FA15BFFFD2C6C42FF0C5
:101BA00082C4AFF1824407453A20346000EE82C41B
:101BB000CFF082D205C48FF082BFFFD8CD206E4B0C
:101BC00000446FED8206724477EC82A50D8A3A20BC
:101BD000348000C4A7F182207E3200447FED82046D
:101BE000824487EC8280075A01BFFFDAF7C4A7F16D
:101BF000824407F33A2034A000EA82048FED822069
:101C00000E4A00E189BA05BFFFF6CDC4FFF182EAB2
:101C100025C4AFF082BFFF38C6963A2034C000C456
:101C2000DFF082821D209610004497EA82C4CFF034
:101C300082920D049FE882E099D305025244573AFC
:101C40003A2034E000ED82D505206632004467ED8D
:101C500082046A446FEC82D505207681004477ECDB
:101C600082BFFFB4CDC93A20350000E51D047FEDE9
:101C700082617ABA0DBFFF1AC6C4AFF1824407EE83
:101C8000820030BFFFC0B9851504874A3A2035204D
:101C900000ED82E081CA0DC4AFF082C427F082BF9C
:101CA000FFEACCBFFFF2CC078A448FEC82855DC48B
:101CB0009F9B3A20354000F082C4FFF182DA0DC4C8
:101CC000A7F082BFFFECCCBFFFA4C5BFFFFCCC20B8
:101CD0009681004497EC825C3A20356000E545BF70
:101CE000FF0EF74407F0824407F1824407EE824476
:101CF00007ED824407EA82209E4100449FD53A20A6
:101D0000358000EB82D535C535E059D6ED200E8003
:101D100000E1599FED655ABA05BF0794FD655AAFBA
:101D20001D635A2D3A2035A000BA05BF070AFD638E
:101D30005AFF0D615ABA05BF073AFB615ACF05E059
:101D400059D2D5C5D5625ABA05BD3A2035C000BFB3
:101D500007F0FBF5CD645ABA05BF0760FDA5CD6756
:101D60005AE2B5675AEF05665ABA05BF07BAFE5C74
:101D70003A2035E00095C5200E8000E159D2BDC55E
:101D8000BD245EF1820457F182CA56F0004457F137
:101D900082BFFF20C7F23A20360000C4FFEC82B2B7
:101DA00005BF07ACFA0467EE826162CA0DC4D7F0C2
:101DB00082920D0232BFFFBEBD0A58663A2036201D
:101DC00000615ABA054407EE821E020002BF076C8A
:101DD000FAD5156337010023EF0100BFFFBAC6E053
:101DE000E9683A20364000CA05C43FF082F5056133
:101DF000EADA05C4BFF082C4BFF182BFFFC8C624BF
:101E0000020602B5ED0000FB3A20366000A50D6326
:101E1000370100233701000457F082465700001FA6
:101E2000020102E5F5C5058457F1821E02023A203F
:101E30003680000002C5FDD5050132BFFF44F91E02
:101E4000020002B5FD0000D5050030BFFF34F91EC9
:101E5000020002733A2036A000B5FD0000850DBFD8
:101E6000FF4EC6C417F082BFFF6EC61E0200028579
:101E7000FD850DBFFF3AC6C497663A2036C000F014
:101E800082BFFF5AC61E02000285FDF515633705A5
:101E90000023370500C4C7F082FA05205640003CF5
:101EA0003A2036E000B50DA3570300850D06580B08
:101EB000670000466700002056400044063F00844B
:101EC00007210085ED9F3A20370000E52D63370597
:101ED0000023EF0500C4F7F082FA05205E4000956C
:101EE00025A35F0300E51DBFFFD8C5DB3A203720DF
:101EF000001D5700004457DE971D6701004467DF4F
:101F0000971D6F0200446FE0971D7703004477E14F
:101F100097DD3A203740001D7F0400447FE2971D83
:101F20008705004487E397BFFFCCC500580B50449A
:101F3000067F0084076100E83A2037600095D500ED
:101F40000080077E012066FF00205EFD002056FE17
:101F500000086A406F00F42076F70040770C3A20C2
:101F600037800020F4400740F4400740FC40070061
:101F7000FC400720FC400702F4406722F44007427F
:101F8000F44007B33A2037A00042FC400702FC406F
:101F90000722FC400706F4027A407F07F4406726D8
:101FA000F4405F27F420861B006E3A2037C00040C3
:101FB0008746F4400747F4400746FC400747FC408B
:101FC0000706FC400707FC400726FC400727FCEDFE
:101FD0003A2037E000400708F4208EF900408F28AF
:101FE000F4400748F40792409748FC40070AF44041
:101FF000672AF440076C3A203800004AF440074A48
:10200000FC40070CF440070DF4209EF100409F2C8B
:10201000F440672DF440074CF440070A3A2038207A
:10202000004DF440074CFC40074DFC40070CFC40C1
:10203000072CFC40070FF440070EF440572EF440E5
:1020400067773A203840002FF4400710F4405F30A3
:10205000F4400750F4400750FC400710FC400730A4
:10206000FC016A406F12F4333A2038600020766039
:1020700000407713F4405732F40F7A407F33F40373
:1020800082408752F4400753F4400752FCB33A2091
:10209000388000400753FC400713FC400733FC40E6
:1020A0006718F4406738F440070EF040672EF040A0
:1020B000070CF0F33A2038A00040672CF040074CA2
:1020C000F0208E2000408F08F02096DF00409728F7
:1020D000F0400748F040070AF0E93A2038C00040D5
:1020E000672AF040074AF0400704F0400705F04037
:1020F0006724F0406725F0400744F0400745F0C1F1
:102100003A2038E0001E020002BF0784FE854D2001
:102110005EFF002056FF00400740F42066F70040B5
:102120006720F44007A03A2039000042F4405F22C3
:10213000F4600746F42D06F7FD0000606F26F440BA
:102140000748F4405F28F440074AF4483A20392011
:1021500000405F2AF460074CF460572CF42076FEB0
:102160000040772EF4405F2FF4400750F4405F307A
:10217000F4CF3A20394000600752F42F06FF8F0059
:1021800000607F32F4405F38F4405F2EF040074C2F
:10219000F0405F2CF04007E53A2039600048F040FD
:1021A0005F28F040074AF0405F2AF0600744F06083
:1021B0005724F01E02000285BDD55D6337883A20A2
:1021C000398000010083370100A05F27F41D0A4118
:1021D00059405F27F4806721F4170A416140672066
:1021E000F40650063A2039A000F53DA06F07F41D13
:1021F0000A41698D6E0200406F07F4807701F41781
:102200000A41718E7608004077D13A2039C000002B
:10221000F4953DA07F07F41D0A4179407F07F480C3
:102220008701F4170A418190860800408700F4B4C2
:102230003A2039E000A52D952DA08F07F41D0A4105
:1022400089408F07F4809701F4170A419140970065
:10225000F4C51DA09F633A203A000007F41D0A410F
:1022600099939E0200409F07F4805F01F4170A4192
:1022700059405F00F4D50DC50D0A605D3A203A2043
:1022800000010AA1616462FB054C00BCFFCDFFDCCC
:10229000FFDDFFEAFF1F020102B5A50000800780F5
:1022A00001BA3A203A4000A45F919A80076A01C4BB
:1022B000D72C99D225245E2C99C4972C9964071E9B
:1022C000982457A597D3528B3A203A60009B5262CC
:1022D00052D20D246FA597D36A9B6A646AF20524D3
:1022E00077A597D3729B7268729A0D4407FB3A20C8
:1022F0003A8000919ABFFFC28C0132BFFFA8FBC594
:10230000050030BFFFA0FBA50D247F1E98200E887E
:1023100013E179DA3A203AA000C1050030BFFF8C02
:10232000FB80071201C4D72C99C275245E2C99C476
:10233000972C9964071E9880FF933A203AC000E6D4
:10234000020A600C58D555BFFF50960A600C58C55C
:10235000352487A597D3829B826182CA15248FCCAE
:102360003A203AE000C197DD8A9D8AE089D20D01CA
:10237000924497919A0132BFFFDE97203619008070
:10238000FFB602BFFF353A203B0000CA24C5050155
:1023900032BFFF2AFBC51D249FA597D39A9B9A6144
:1023A0009ACA0D016A446F919A0132063A203B2085
:1023B00000BFFFB09780FF1402BFFFA024C5050136
:1023C00032BFFF00FBF505E505615AC2CD635AA295
:1023D000CD593A203B4000E5E5A52D2477A597D3BC
:1023E000729B726172CA0D017A447F919A0132BF69
:1023F000FF789780FFDC01313A203B6000BFFF6827
:1024000024C5050132BFFFC8FAD515C5150B8001DB
:102410000AA1816C82FB0D5000A6FFE4FF343A2034
:102420003B8000E4FF0D000D000D00E4FF0D00E413
:10243000FFE4FFE4FF0D00E4FFA50D24971E9820A4
:102440000E8813A63A203BA000E191C1050030BFE1
:10245000FF8AFA850DF505615ABA05BF0796FEBFDA
:1024600007F6FE1E020002BF07593A203BC0008259
:10247000FE0000855524578180200E1900E151C3CC
:102480001564078180A3670300DE629E62E061C479
:102490003A203BE000BA0DA36F03001C0A41698D8E
:1024A0006E0200436F0300BFFF7E20F505A3770394
:1024B000001C0A41711C3A203C000043770300C411
:1024C000D72C99A22564071E98245E2C99C4972CBA
:1024D00099247FA597D37A9B7A627A1B3A203C2075
:1024E00000D20D2487A597D3829B826482F20524B3
:1024F0008FA597D38A9B8A688AEA050132BFFFF4C9
:10250000F93F3A203C40008515C5050030BFFFEA81
:10251000F9A50D24971E98200E8813E191C105009E
:1025200030BFFFD6F9C5B5D43A203C600042063F23
:102530000082072100F5AD00009545C4CF0485EA6F
:102540005F0000615A8A3D2467DA84200E993A20A0
:102550003C80003D02E161BB25246FDA84200E5CE3
:1025600001E169F90D03724477909A847F919A840E
:102570008779806B3A203CA000F079D205048F90D7
:102580009A448F7880E50D02924497909A849F91A7
:102590009A845F7980EB99D2052C3A203CC00004E4
:1025A00067909A44677880E50D016A446F909A8439
:1025B00077919A847F7980EF71D2050487909A642D
:1025C0003A203CE00044877880C48F04858457918A
:1025D0009A1E020002F5BD0000E50D63370100837D
:1025E000370100633F613A203D00000500E33F05ED
:1025F000004437939A643F949A20020202A5F5C5DD
:1026000005A457939A1E020002C5FD683A203D209A
:1026100000C5054407939A1E020002C5FDC505E4E6
:1026200057959A1E020002C5FDA50D013280FF14C8
:1026300000CD3A203D4000013280FF6E00BFFFC256
:10264000211E020002E5F5852D6337010083370165
:10265000004437969A8457183A203D6000979AB5FF
:102660000DD51DC51DB51DA51D951D851DF515E5B2
:1026700015D515C5150A58010AA1596C5A9F3A205B
:102680003D8000ABFD4B00F0FFF1FFF2FFF8FFF8DB
:10269000FFF8FFF3FFF8FFF4FFF5FFF6FFF8FFF791
:1026A000FF1F02A83A203DA000010285DDC5058478
:1026B00057979A1E020002C5FDE545633701008366
:1026C00037010084577D80E651553A203DC000D245
:1026D0000544377C8080FF4652845F7D80E525C4B9
:1026E0008FBA9120362A00003880FF267A0132EC1A
:1026F0003A203DE000BFFFF094B52DC4B79891C4D7
:10270000A7BB91C4AFBB91C52564079E80C4B79891
:1027100091F51D6407F13A203E00008680C4B79809
:1027200091A51DC4B7989164079E80D515C4B7982C
:1027300091A5159515675AD2E56A5ADB3A203E20D5
:1027400000F2ED6B5AA2F56F5AE2E5200E1000E19F
:102750005992F5200E1900E159C2CD1F020102A5C0
:10276000BD223A203E40008007A216845F7D808013
:10277000074A16205E13F4A05713F4200E7FFF4182
:1027800051405713F4A06FEE3A203E600013F4203E
:102790000EEFFF4169406F13F4807731F41E0A4158
:1027A000718E760100407730F40030BFFFFB3A2095
:1027B0003E8000FAE40030BFFF0CE60030BFFFAE01
:1027C000E60132BFFF70E60030BFFFDAE60030BF3F
:1027D000FFACE96A3A203EA000247FA597D37A9BFC
:1027E0007A0F58A50DF51520361900BFFFFEFEA57E
:1027F0001595158515F50D0B80EA3A203EC00001B0
:102800000AA1816782AB0D5000F2FFF7FF0800F8C4
:10281000FF080008000800F1FF0497AA9161920DDB
:102820003A203EE0009A0DC48F99910132BFFF68B3
:10283000FE0232BFFFC2FE8007E815205E13F4A03F
:102840009F13F4200E183A203F00007FFF4199406B
:102850009F13F4A05713F4200EEFFF41514057137C
:10286000F4806F31F41E0A41698D6E383A203F20A2
:10287000000100406F30F40030BFFF50E40030BF73
:10288000FF62E50030BFFF04E60132BFFFC6E5008E
:1028900030B23A203F4000BFFF30E60030BFFF02B9
:1028A000E920362A00003880FFB0782477A597D336
:1028B000729B720E58A50D143A203F6000F515204A
:1028C000361900BFFF4AFEA51595158515F50D0BA8
:1028D00078010AA179677AAB0D4F00F2FF413A20E7
:1028E0003F8000F7FF0800F8FF080008000800F12B
:1028F000FFA45FA791F5050332BFFF1AFEF505E5BA
:1029000005D505263A203FA000E059D2FD615AF2D4
:10291000F580073215808F31F41E0A4189918E01AE
:1029200000408F30F4A09713F4123A203FC00020EB
:102930000EEFFF4191409713F40030BFFFACE3006E
:1029400030BFFFBEE4249F8C80E099AA4D003099EF
:102950003A203FE000BFFF90E50030BFFF62E8A0F3
:102960005713F4200E7FFF4151405713F4BFFFACC3
:10297000260A58615ACF3A20400000AA2DC4CFBA87
:1029800091EA6F0000E069BA15C40FBA91C4DFBACA
:1029900091820D20361000203E581BA83A2040207E
:1029A0000080FFE077E5050D32203E581B80FFD404
:1029B00077F50D20362A00003880FFC8770030BF39
:1029C000FF803A20404000FAE401724477919A0176
:1029D00032BFFF8692BFFF2A25F50D20362A000060
:1029E0003880FFA67700308D3A20406000BFFFD8C6
:1029F000E4017A447F919A0132BFFF64922487A553
:102A000097D3829B821058B50D018A448F953A2046
:102A1000408000919ABFFFB6FCBFFF421F9515850D
:102A200015F50D0B90010AA1916792AB0D5200F8BC
:102A3000FFF0FF5F3A2040A0000800F0FF08000808
:102A4000000800F0FF20362B0080FF78520A600C4F
:102A500058850D80FFFA4E950D6F3A2040C00080DA
:102A6000FFF44EE505D505645A82FD655A92FD8056
:102A7000070A14806F31F41E0A41698D6E01004906
:102A80003A2040E000406F30F4205E13F4A077134A
:102A9000F4200E7FFF4171407713F4A07F13F420E0
:102AA0000EEFFF4179323A20410000407F13F400DD
:102AB00030BFFF72E20030BFFF84E324878C80E0E8
:102AC00081CA050030BFFF56E40030033A204120A0
:102AD00000BFFF28E7248FA597D38A9B8A1158A5AA
:102AE0000DF51520361900BFFF7AFCA51595158543
:102AF000157B3A20414000F50D0B90010AA191672A
:102B000092AB0D5200F2FFF7FF0800F8FF08000833
:102B1000000800F1FFA45F913A20416000A9918074
:102B200007DE010732BFFF48FC0232BFFF9A2520B3
:102B3000362A00003880FF8876C497BB91D73A20A8
:102B40004180008007D8012036130080FFA0510A81
:102B5000600C58E50580FF224EF505E505D50564B6
:102B60005AA2FD243A2041A000655AB2FD20362A1F
:102B70000080FF80510A600C58E50580FF024EF589
:102B800005E505D505645AA2FD1F3A2041C0006540
:102B90005AB2FD80079401C4DFBA91F215C49FBAFE
:102BA00091C4CFBA91EA6F0000E069EA0DBFFF7DE2
:102BB0003A2041E000C6240A58615A9A0DC40FBA5F
:102BC0009120361000203E581B80FF0C769525C4BE
:102BD000CFBA91EA77C23A204200000000E071BA11
:102BE0001DBFFF9E240A58615AEA15C40FBA91C44A
:102BF000D7BA91EA7F0000E0799A0D6D3A20422021
:102C000000C417BA910E32203E581B80FFD675E5DE
:102C1000050F32203E581B80FFCA752036130080F6
:102C2000FFDB3A20424000EA500A600C58E5059567
:102C30000D80FF6A4DE505D505645AA2FD655A92DF
:102C4000FD20362A0080FF263A20426000CA500A42
:102C5000600C58E505950D80FF4A4DE505D50564E6
:102C60005AA2FD655A92FDBFFFA2240A60573A207E
:102C70004280000C58850D0030BFFF8224A50D95C1
:102C80000D850DF505E059C2FD615AE2F5625A92D3
:102C9000FDBFFF213A2042A00012240A600C58C553
:102CA00025952DC4F7BA91EA870000E0819A0D209E
:102CB000362500203ED00780FFA03A2042C00042C7
:102CC00075C437BA9120363C0080FF5E500A600C14
:102CD00058850D80FFE04C950D80FFDA4CE505E648
:102CE0003A2042E000D505645A82FD655A92FD857E
:102CF0000DF505E059C2DD615AB2DD625AF2E5F523
:102D00002D0732BFFFFF3A20430000B2FA20362AD7
:102D100000003880FFF874C497BB91C5250732BF07
:102D2000FF9CFA20362A00003880FFF93A20432021
:102D300000E274C497BB91951D0732BFFF86FA204D
:102D4000362A00003880FFCC74C497BB91E50DD5BE
:102D50000D653A204340000B88010AA189658A8BE2
:102D60000D51003EFF1CFF0DFFE3FFD8FFEEFF20DB
:102D7000362B0080FFCC4F983A204360000A600C4D
:102D800058850D80FF4E4C950D80FF484CE505D5CC
:102D900005645A82FD655A92FD80075E11CA3A2089
:102DA000438000205E13F4A09F13F4200E7FFF41A8
:102DB00099409F13F4A06F13F4200EEFFF41694078
:102DC0006F13F4543A2043A000807731F41E0A4177
:102DD000718E760100407730F40030BFFFC6DF000F
:102DE00030BFFFD8E00030BFFF003A2043C0007A78
:102DF000E10030BFFFACE10030BFFF7EE4013220D4
:102E00003E6400BFFF20F980070211807F31F42D5E
:102E10003A2043E0001E0A41798F7E0100407F3056
:102E2000F40030BFFF8ADF0030BFFF9CE00030BFFE
:102E3000FF4EE4205E8B3A2044000013F4A0871379
:102E4000F4200E7FFF4181408713F4A08F13F420FC
:102E50000EEFFF4189408F13F424977E3A204420DF
:102E6000008C80E091CA050030BFFF48E12457A5DF
:102E700097D3529B520A58A50DF51520361900BF5D
:102E8000FF053A2044400072F9A51595158515F502
:102E90000D0B98010AA199679AAB0D5300F2FFF749
:102EA000FF0800F8FF08000F3A20446000080008FF
:102EB00000F1FFA45FA991B5550332BFFF42F9A508
:102EC0005DC4C7BA91EA770000E0719A158E3A2086
:102ED000448000BFFF24220A58615ACA0DC407BAB1
:102EE0009120361200203E581B80FF6A730030BFCD
:102EF000FFD4E0D73A2044A000B545203613002780
:102F000006FFFF000080FF54730B32BFFFFEF88501
:102F10003D047F9D91617A8A1D423A2044C000643D
:102F2000078680C4C76691920D203614002706FFDD
:102F3000FF000080FF2C73850D2036150027066DDD
:102F40003A2044E000FFFF000080FF1C730A32BFFC
:102F5000FFC6F8C51D0487A6916182BA0D203617F9
:102F6000002706FFFF123A20450000000080FFFE08
:102F7000720F32BFFFA8F8D50DC50D0B88668A9B6E
:102F80000D5100AAFFAAFFAAFFAEFF353A20452047
:102F900000C5FFD0FFECFF845FA391F515C4B7BB5C
:102FA00091A51DC4F7BB91EA9F0000619ACA0DC4A8
:102FB000B7763A20454000BB9120361600203E5897
:102FC0001B80FFB6720C32BFFF60F8850DF50561FE
:102FD0005A92ED625AA2EDC63A20456000635A82C9
:102FE000ED8007760FA06F13F4200EEFFF41698D7F
:102FF0006E1000406F13F4807731F41E0A223A20DD
:103000004580004171407730F4805711F41E0A4129
:1030100051405710F40030BFFFE4DD0132BFFFF62E
:10302000DE0532B23A2045A000BFFFD0DFA07F13FB
:10303000F4200E7FFF4179407F13F40030BFFF94EE
:10304000E22487A597D3829B827F3A2045C0001057
:1030500058A50DF51520361900BFFFE6F7A5159503
:10306000158515F50D0B88010AA189678AAB0D3C02
:103070003A2045E0005100F2FFF7FF0800F8FF0892
:103080000008000800F1FFC4F79891EA9F00006172
:103090009AFA35C4B76A3A204600009891845FA333
:1030A00091C52D95350232BFFF64DF20361A00200E
:1030B0003ED00780FFE8710732BFFFF53A20462077
:1030C0000092F7C525C4C7BB91D20DC487BB910739
:1030D00032BFFF40DF20361C00203ED00780FFC4F7
:1030E00071493A20464000A50D0232BFFF2CDF2077
:1030F000361B00203ED00780FFB0710732BFFF5A59
:10310000F7850DF505615AD63A20466000C2D562B2
:103110005A82E5635A92D5A45FA991957D0132BF89
:10312000FFFEDE20361F00203ED00780FF173A202A
:1031300046800082710332BFFF2CF7F575246F863D
:1031400080200E581BE169D10D0232BFFFD8DE206E
:10315000361B002C3A2046A000203ED00780FF5CA2
:10316000710732BFFF06F7C565203613002706FF3B
:10317000FF000080FF46710B32543A2046C000BF6A
:10318000FFF0F6C4B79891F55504779D916172EA06
:10319000056407868044079D91F51DC4C766915F4D
:1031A0003A2046E000A20D203614002706FFFF005B
:1031B0000080FF1471C487669124578680200E58C2
:1031C0001BE151D10DFE3A204700000232BFFF6ED5
:1031D000DE20361B00203ED00780FFF2700732BF92
:1031E000FF9CF6F52D047FA691617A943A20472042
:1031F00000CA0D203617002706FFFF000080FFD40D
:10320000700F32BFFF7EF6B5152487B580200EA063
:103210000F4D3A20474000E181D10D0132BFFF2A16
:10322000DE20361F00203ED00780FFAE700732BF81
:10323000FF58F6D50DC50DE03A204760000B8866B3
:103240008A9B0D510084FF84FF84FF91FFA4FFB18E
:10325000FFD9FF063280FFB04B0A600C58F93A20C4
:10326000478000E50D6407868044079D91C407BB35
:103270009180FF2648950D80FF2048E505D505641F
:103280005AA2F5973A2047A000655A92FD05328070
:10329000FF824B0A600C58A50D6407868080FF00F2
:1032A00048950D80FFFA47E505243A2047C000D530
:1032B00005645AE2F5655A92FD8007100D809F3132
:1032C000F41E0A4199409F30F4806F11F41E0A13D6
:1032D0003A2047E0004169406F10F40030BFFF9092
:1032E000DB0132BFFFA2DC205E13F4A07713F420D1
:1032F0000EEFFF4171233A204800008E7610004007
:103300007713F4A07F13F4200E7FFF4179407F13E1
:10331000F40332BFFF58DD0030BFFF5E3A20482083
:10332000002AE02487A597D3829B821058A50DF52B
:103330001520361900BFFF7CF5A51595158515F5E7
:103340000D533A204840000B88010AA189678AABD7
:103350000D5100F2FFF7FF0800F8FF080008000811
:1033600000F1FFA45FA9916B3A20486000D5650188
:1033700032BFFF0CDD20361F00203ED00780FF90BB
:103380006F0332BFFF3AF5B565C4F79891DC3A2078
:10339000488000EA5700006152BA15C4B7989104FA
:1033A0009FA291629ADA0D0232BFFFDADC20361B4F
:1033B00000203E813A2048A000D00780FF5E6F07C2
:1033C00032BFFF08F5246FB580200EB80BE169917C
:1033D000150477A691E071DA0D4E3A2048C000013D
:1033E00032BFFFAEDC20361F00203ED00780FF3208
:1033F0006F0332BFFFDCF4C535047FA691617A41CB
:103400003A2048E000CA0D203617002706FFFF00CB
:103410000080FF146F0F32BFFFBEF4B5152487B5CF
:1034200080200EA00F0F3A20490000E181D10D014C
:1034300032BFFF6ADC20361F00203ED00780FFEE3F
:103440006E0732BFFF98F4A5150732253A204920B0
:1034500000BFFF90F4E50DD50DC50D0B88668A9B66
:103460000D510098FF98FF98FFA5FFFAFFF6FFD4D3
:10347000FFE93A204940000C3280FFE6490A600C1F
:1034800058850D80FF6846950D80FF6246E505D59D
:1034900005645A82FD655A553A2049600092FD80C4
:1034A00007780B205E13F4A09F13F4200EEFFF416A
:1034B00099409F13F4A06F13F4200E7FFF353A203C
:1034C0004980004169406F13F4807731F41E0A414E
:1034D000718E760100407730F40030BFFFE0D900F4
:1034E00030BFFF4C3A2049A000F2DA0030BFFFA401
:1034F000DE0030BFFFC6DB247FA597D37A9B7A0F0F
:1035000058A50DF51520361900593A2049C000BFBD
:10351000FFF0F3A51595158515F50D0B80010AA192
:10352000816782AB0D5000F2FFF7FF0800F8FFA79C
:103530003A2049E000080008000800F1FF24978CB9
:1035400080E091DA050732BFFFBEF3A5550B32804C
:10355000FF2E490A60593A204A00000C58F5152000
:10356000361000BFFFA8F3203624002706FFFF0017
:103570000080FFEA6D80FF9A45209ED23A204A20C3
:1035800000A00F649F9080950D80FF8C45E505D5C8
:1035900005645A92ED655A92FD093280FFEE480AA1
:1035A00060193A204A40000C58850D80FF704595FF
:1035B0000D80FF6A45E505D505645A82FD655A927E
:1035C000FDC4DF9991EA6FE73A204A60000000618C
:1035D0006ABA1DC49F9991A45FA991B50D0332BF2A
:1035E000FF3EF3A51595150732BFFF34F3623A206D
:1035F0004A8000D50DC50D0B7066729B0D4E00F212
:10360000FFF2FFF2FFF6FFF7FFF7FFF7FF8007403B
:103610000A205E203A204AA00013F4A08713F42069
:103620000EEFFF418190861000408713F4A08F13A6
:10363000F4200E7FFF4189918E243A204AC00080F9
:1036400000408F13F4809731F41E0A419140973067
:10365000F4809F11F41E0A4199409F10F401321327
:103660003A204AE000BFFF98D80030BFFFAAD9C473
:1036700007BA912457B597D85298526252AA0D01B1
:1036800032BFFF4CDDA13A204B00000132BFFF7E6C
:10369000DD0132BFFF64DCA45FB191E5650632BF96
:1036A000FF5CDAC4AFBA91C4E7BA91A93A204B20C3
:1036B00000EA6F0000E069AA0DC427BA912036180D
:1036C000002706FFFF000080FFCA6CD555C4A7BACB
:1036D00091B83A204B4000047709806372F23504B8
:1036E0007F6791647ADA05048793916382920D046F
:1036F0008F6791638A8A1DCB3A204B6000049793B1
:10370000916492CA15C4EFBA91EA9F0000E099AAA9
:103710000DC42FBA91203622002706FFFF093A2058
:103720004B8000000080FF7E6C0A32BFFFE8D9B5F5
:1037300015C4EFBA91EA570000E051AA0DC42FBAA0
:103740009120366C3A204BA00017002706FFFF009F
:103750000080FF586C0432BFFFC2D9B515C4EFBA60
:1037600091EA6F0000E069AA0DC03A204BC000C486
:103770002FBA91203617002706FFFF000080FF3286
:103780006C0432BFFF9CD9E505D505E059F2ADDDEB
:103790003A204BE000615A829DC4F79991EA770084
:1037A0000061729A1DC4B79991A45F9391951564B5
:1037B000079C802036B83A204C00001E002706FFE8
:1037C000FF000080FFF86B20361700BFFFA0F1E577
:1037D00005D505C505615AF2EDC5FDC33A204C205B
:1037E00000047F0980637ABA0D24879C80200E1024
:1037F00027E181D105C4B79991BFFFBC18248FA5DB
:10380000973A3A204C4000D38A9B8A1158A515C498
:10381000BFBA91D51DC4FFBA91EA970000E091FAB2
:1038200005C4A7BA91C4AFC73A204C6000BA91C48E
:103830003FBA918515F50D0B98010AA199679AABCE
:103840000D5300E9FFECFF0800ECFF08003D3A20B3
:103850004C800008000800E9FFA45FA991F55524F9
:103860006FA597D36A9B6A0D58F51D0132BFFFD62D
:10387000D82036183A204CA0001100203E581B805A
:10388000FF5A6BC40FBA9120361900BFFFFEF0A596
:10389000150132BFFFB6D82036063A204CC0001FB3
:1038A00000203ED00780FF3A6B0332BFFFE4F0D523
:1038B00005C505615A92E585F5A53DC4D7BB917C48
:1038C0003A204CE000EA7700006172F205C4DFBAEA
:1038D00091EA7F0000617AAA15C497BB910132BFBB
:1038E000FF76D820365C3A204D00001F00203ED0E5
:1038F0000780FFFA6A0732BFFFA4F064079E80D5F5
:103900000D0232BFFF58D820361B00D33A204D207D
:1039100000203ED00780FFDC6A0732BFFF86F085BB
:1039200015F50DE50DD50DC50D0B8066829B0D506F
:10393000005F3A204D4000A6FFA6FFA6FFCEFFF88D
:10394000FFF9FFFAFF20363A0080FFD6450A600CE7
:1039500058850D80FF58420C3A204D6000950D802F
:10396000FF5242E505D505645A82FD655A92FD066F
:103970003280FFB4450A600C58850D80FFA03A20C4
:103980004D80003642950D80FF3042E505D5056437
:103990005A82FD655A92FD053280FF92450A600CFD
:1039A00058850DCC3A204DA00080FF1442950D8023
:1039B000FF0E42E505D505645A82FD655A92FD0C5D
:1039C0003280FF70450A600C581E3A204DC00085B9
:1039D0000D80FFF241950D80FFEC41E505D50564B2
:1039E0005A82FD655A92FD2036100080FF4C457CBE
:1039F0003A204DE0000A600C58E535C4BFBB912069
:103A0000362000203ED00780FF0E6A20361C00BF03
:103A1000FFB6EF0497EA3A204E000009806392F265
:103A20001D049F6791649ADA05036A446F67918564
:103A30000D047767916372CA05047A4E3A204E20CE
:103A400000447F6791048793916482DA05038A4476
:103A50008F9391850D045793916352CA0504924444
:103A600097B93A204E4000939180FF7241950D80A6
:103A7000FF6C41E505D505645AA2CD655A92FD203B
:103A8000362E0080FFCC44DC3A204E60000A600CE9
:103A900058D51D20361B00203ED00780FF9269C4F8
:103AA0002F9991039A449F6791056A446F9B3A202E
:103AB0004E800093910832BFFFECD620361A00BF2B
:103AC000FF24EF80FF2441950D80FF1E41E505D5C1
:103AD00005645A0D3A204EA000B2E5655A92FD09E0
:103AE0003280FF80440A600C58850D80FF024195AA
:103AF0000D80FFFC40E505D5054C3A204EC0006422
:103B00005A82FD655A92FD80071206205E13F4A0CA
:103B10007713F4200EEFFF41718E76100040776C22
:103B20003A204EE00013F4A07F13F4200E7FFF41F3
:103B3000798F7E8000407F13F4808731F41E0A4124
:103B400081408730F4CB3A204F0000808F11F41E63
:103B50000A4189408F10F40132BFFF6AD40030BFA0
:103B6000FF7CD50932BFFF56D624976A3A204F20F2
:103B700000B597D89298926292FA050132BFFF1C65
:103B8000D90132BFFF4ED9249FA597D39A9B9A1390
:103B900058943A204F4000E505B515A515951585B3
:103BA00015F50D0B68010AA169676AAB0D4D00F6AA
:103BB000FFF7FF0800F8FF553A204F6000080008A3
:103BC000000800F5FFC4F79991EA7700006172DA06
:103BD00015C4B7999164079C80A45F9391CA3A2059
:103BE0004F8000B50D20361E002706FFFF00008025
:103BF000FF7468E505D505C505615AD2F5C5FD24F4
:103C00007F9C80C43A204FA000200E1027E17981CC
:103C100025C4B79991BFFF48150F32BFFFFEEDA431
:103C20005FB191A51520361800753A204FC00027C6
:103C300006FFFF000080FF3A68E50D2036170027D9
:103C400006FFFF000080FF2A68E505D505E059ED75
:103C50003A204FE000E2F5615AC2ED845FA39185FE
:103C60001DA45F9D91F50DC4B7989164079C8007D2
:103C700032BFFFB4EDC13A2050000020362A0000C8
:103C80003880FFFA67C505B505615A92F5A50D950F
:103C90000D850DF505615AC2FD625A1C3A2050206F
:103CA00000E2E5635A92FD2036100080FFFE420AD2
:103CB000600C58C51D048709806382F205048A449C
:103CC0008F373A2050400067910392449793912098
:103CD000362000203ED00780FFB06720361C00BF92
:103CE000FF58ED80FF583FF83A20506000950D8056
:103CF000FF523FE505D505645AC2E5655A92FD209D
:103D0000362F0080FFB2420A600C58F515373A2072
:103D100050800020361C00203ED00780FF78670BC3
:103D200032BFFFE2D4BFFF621420361A00BFFF1675
:103D3000ED80FF763A2050A000163F950D80FF10D1
:103D40003FE505D505645A92ED655A92FD20362C63
:103D50000080FF70420A600C585B3A2050C000C5DA
:103D6000150132BFFFACD420361F00203ED00780A3
:103D7000FF306780FFE03E0732BFFFD6EC950DCDE8
:103D80003A2050E00080FFD43EE505D505645AC2D4
:103D9000ED655A92FD20362E0080FF34420A600CF9
:103DA00058E515C4A7F43A20510000BA91C4AFBA3F
:103DB000910F32BFFFA8EC203617002706FFFF0047
:103DC0000080FFEA6680FF9A3E950D933A205120CD
:103DD0000080FF943EE505D505645AA2ED655A9230
:103DE000FD8007AA030030BFFF12D7249F8C80E01C
:103DF000996C3A20514000FA0DC4A7BA91C4AFBAE9
:103E0000910F32BFFF64EC203617002706FFFF003A
:103E10000080FFA6668007DB3A205160007C03002B
:103E200030BFFFE4D6246F8C80E0699A2DC4B79927
:103E300091047709806372921D047F6791B13A20E3
:103E4000518000647ADA05048793916382920D04AD
:103E50008F6791638ADA0D0497939164929A0D208B
:103E6000362200EC3A2051A0002706FFFF00008018
:103E7000FF5A66850D203617002706FFFF000080D9
:103E8000FF4A660F32BFFFF4EB4E3A2051C000806C
:103E9000071A03205E13F4A05713F4200EEFFF411E
:103EA000518A561000405713F4A09F13F4200EF8C7
:103EB0003A2051E0007FFF4199409F13F4806F3119
:103EC000F41E0A4169406F30F4807711F41E0A41F4
:103ED00071407710F4273A205200000030BFFF46AF
:103EE000D6247FA597D37A9B7A0F58A50DF5152078
:103EF000361900BFFF98EBA51595150C3A205220F6
:103F0000008515F50D0B80010AA1816782AB0D506C
:103F100000F2FFF7FF0800F8FF080008000800F1B2
:103F2000FF3B3A20524000A45FA9918007D40103CF
:103F300032BFFF66EB20362A00003880FFAC658078
:103F400007D601809731F48F3A205260001E0A4153
:103F500091409730F4805711F41E0A415140571098
:103F6000F40132BFFF02D10030BFFF14D2703A20FB
:103F7000528000249F9080E099AA1D845FA791A59C
:103F800015C4AFBB9120362300203ED00780FF66CA
:103F9000650732363A2052A000BFFF10EB0030BF59
:103FA000FFCAD2F505E505D505E059E2ED615AB243
:103FB000FDB525C4FF989182250E3A2052C000C459
:103FC000BF9891845FA791F515A51DC4EFBB91EA39
:103FD0006F0000E069AA0DC42FBB91203624002A8F
:103FE0003A2052E0002706FFFF000080FF1A6520FC
:103FF00076983A64779080E505D505E05992ED61B1
:104000005A82EDC4F7D13A205300009891EA7F001C
:1040100000617ABA15C4B798910487A2916282DAD6
:104020000D0232BFFF58D220361B00973A20532092
:1040300000203ED00780FFDC640732BFFF86EA80A5
:10404000070001808F31F41E0A4189408F30F480CF
:10405000975A3A2053400011F41E0A41914097109C
:10406000F40030BFFF2CD00132BFFF3ED120569864
:104070003A645790800332413A20536000BFFF10EA
:10408000D2C4E7BB91EA9F0000E099AA0DC427BB08
:1040900091203613002706FFFF000080FF933A208F
:1040A0005380008264246FB580200EB80BE169E371
:1040B000050B32BFFF20EAC4B79891B54D04779D38
:1040C000916172153A2053A0008A1D64078680C44E
:1040D000C76691920D203614002706FFFF0000806E
:1040E000FF4A64850D20361500F53A2053C000279D
:1040F00006FFFF000080FF3A640A32BFFFE4E9F5E3
:104100002D047FA691617ACA0D20361700270696E6
:104110003A2053E000FFFF000080FF1C640F32BF15
:10412000FFC6E9B5152487B580200EA00FE181D127
:104130000D0132BFFF4A3A2054000072D120361FD1
:1041400000203ED00780FFF6630732BFFFA0E9D50D
:104150000DC50D0B88668A9B0D5100173A2054201F
:104160000014FF14FF14FF1EFF89FFBDFFD9FF20BD
:10417000362B0080FFF63E0A600C58850D80FF78D4
:104180003B343A20544000950D80FF723BE505D545
:1041900005645A82FD655A92FD0B3280FFD43E0AB7
:1041A000600C5895150732B03A20546000BFFF509C
:1041B000E920362300203ED00780FF946380FF442F
:1041C0003B950D80FF3E3BE505D505645AF73A2047
:1041D000548000F2ED655A92FDA52D0132BFFF26F5
:1041E000E9E525D5250B98010AA199200E1B00E1D0
:1041F00099DBF58E3A2054A0005300D5F42AF51926
:10420000F66FF7F3FFF3FF9DF7F3FFF3FF63F89605
:10421000F962FAF3FFF3FFFEFABE3A2054C00091B0
:10422000FEF3FFF3FFF3FFF3FFF3FFF3FF15FDF3DF
:10423000FF85F549FEF3FF60FE845F7D800B5041F2
:104240003A2054E0001E020002BF0760E98007E840
:10425000062457C197DD529D520A588007D006BFE9
:10426000FF46E90A60FF3A205500000C5880077E9F
:10427000068007BC068007B806A45FA991D50DF596
:104280001520362B0080FF523E0A58733A205520E5
:1042900000E059BA05BFFF9C16D50DC50D0B686629
:1042A0006A9B0D4D00F0FFF0FFF1FFF1FFF1FFF110
:1042B000FF793A20554000F1FF80078006A45FA9EE
:1042C0009180075E01C4FFB897EA7F00000F588015
:1042D000074001BFFFC011F23A205560000A600C90
:1042E00058C5450232BFFF488E0A600C58C51DBF35
:1042F000FF3E110A600C58D50D20363C008C3A2048
:1043000055800080FFEC3D0A58E059BA05BFFF0216
:1043100018950D850DF505E059B2F5615AB2FD62AB
:104320005A92FD6E3A2055A000C4B7BA91E505D562
:1043300005645AC2E5655AA2E5C525B5250232BF16
:10434000FFFA8D0A600C589515013A2055C00020DF
:10435000362A0080FFA83D0A58E0598A0DBFFFBEEB
:1043600015C487BA910332BFFF5011E505D5057614
:104370003A2055E000645AF2ED655AD2ED850DF50C
:1043800005E059C2BD615A82E5625AF2DD24878197
:1043900080200E10278E3A20560000E1878282E0AE
:1043A000818A45848FF582DE8A9E8AE0899A3DBFA4
:1043B000FF08110A600C58E52520368F3A20562058
:1043C00000130080FF4A3D0A58E059BA1DBFFF8420
:1043D0000C0A580B30BFFF5016BFFF780C0A580B61
:1043E000968B3A20564000010092001230BFFF56D3
:1043F0000CBFFF660C0A58685AF7050132BFFF462A
:104400000C0030BFFFCC10F83A20566000A50D9587
:104410000D850DF505E059A2DD615AA2FD625A92A3
:10442000FD849FF5821C0A4199939E0200203A2048
:10443000568000449FF482F505846FF5821C0A4182
:1044400069446FF482950D850DF505E059BA05BFF5
:1044500007C0FEAA3A2056A000615A92FDE505D594
:1044600005615ABA05BF07A2FE8007120580070E34
:104470000580070A05A45FA991F13A2056C000A55E
:104480002DC5350232BFFFEA8C0A600C58D51DC419
:1044900037BB91E51D0477A691E071BA0D20366D0A
:1044A0003A2056E0002D0080FF8A3C0A58E059BAB5
:1044B00005BFFF3815A50D20362C0080FF763C0A7D
:1044C00058E059BA05143A20570000BFFFF414E52C
:1044D00005D505645AB2E5655AC2E5D50DC50D0B83
:1044E00078667A9B0D4F00D3FFD3FF923A20572076
:1044F00000D3FFD4FFD4FFD4FFD4FF800798040279
:1045000032BFFF808C0A600C58C515053280FF3021
:104510003C603A205740000A58E059BA05BFFF9E58
:1045200012F50D063280FF1E3C0A58E059BA05BF4D
:10453000FFB812E505D505C83A20576000645AC295
:10454000ED655AB2F580075A040232BFFF428C0A69
:10455000600C58D50D0C3280FFF23B0A58B53A205A
:10456000578000E059DA05BFFF9013C41FBB91E5E7
:1045700005D505645AB2F5655A92F580072A0402FA
:1045800032BFFF4B3A2057A000128C0A600C5885AE
:104590001D093280FFC23B0A58E059BA05BFFF9897
:1045A00012B5150B3280FFB03BF13A2057C0000A1C
:1045B00058E059FA05BFFF2213208E983A648F9075
:1045C00080E505D505645A82ED655AF2ED8007A3B2
:1045D0003A2057E000E4038007E003A45FA991803C
:1045E000076A020232BFFFC08B0A600C58C515056E
:1045F0003280FF703BE23A205800000A58E059BA76
:1046000005BFFFDE11F50D063280FF5E3B0A58E064
:1046100059BA05BFFFF811E505D5054A3A205820DB
:1046200000645AC2ED655AB2F5800740020232BFFB
:10463000FF828B0A600C58856D049709806392D2C3
:104640001D053A20584000049F6791649ADA0504DA
:104650006F9391636A920D0477679163729A150460
:104660007F9391647ADA0D6A3A20586000C43FBBA8
:10467000912036100080FF043B0A58E059BA05BF6C
:10468000FF5214951520363A0080FFF03A543A2034
:104690005880000A58E059BA05BFFFD6140487B104
:1046A00091E081E28F0000448FB191B53D04979372
:1046B000916192AE3A2058A000BA0D20362F0080AA
:1046C000FFC63A0A58E059BA05BFFF7414F525042D
:1046D0009F0980639AB21D046FF83A2058C00067A2
:1046E00091646ADA05047793916372920D047F678F
:1046F00091637AFA0D048793916482BA0D2036FF94
:104700003A2058E0002E0080FF8A3A0A58E059BA51
:1047100005BFFF0814950D0C3280FF783A0A58E067
:1047200059BA05BFFFDA3A205900001612E505D53F
:1047300005645A829D655AF2C5248FB597D88A9828
:104740008A628AB2058007D60020366F3A20592047
:10475000002600BFFF8E8A0A600C58D51D0497A65C
:10476000916192DA0D20362C0080FF343A0A58E02D
:1047700059F53A20594000DA05BFFFB212C417BB01
:1047800091A50D20362D0080FF1C3A0A58E059BA39
:1047900005BFFFCA12B50DFF3A20596000A50D955F
:1047A0000D200E2800E15992E5200E2900E159F272
:1047B000F520362000BFFF388A0A600C58903A2056
:1047C000598000E5152036100080FFE6390A58E0D0
:1047D00059BA05BFFF3413C51520362E0080FFD20D
:1047E000390A58603A2059A000E059BA05BFFF5075
:1047F00013A50D950D200E2200E15982ED200E2308
:1048000000E159E2ED20361A00B73A2059C000BF46
:10481000FFF0890A600C58C50D093280FFA0390AE3
:1048200058E059BA05BFFF7610B50DA50D950DA935
:104830003A2059E000200E1C00E159A2F5200E1D7F
:1048400000E159F2F5049F6791649AD205046F93D1
:1048500091646AEA154C3A205A0000A45FB191F5C0
:104860000D20363A0080FF62390A58E059DA05BF58
:10487000FF48134407B191F505E505913A205A2008
:1048800000D505E059D2FD615AF2EDF51D0232BFA7
:10489000FF82890A600C58B50D0C3280FF32390A4C
:1048A00058C13A205A4000E059BA05BFFFD010C5A0
:1048B00005B505655AD2F5C50DB50D645AB2ED655D
:1048C0005ABA05BF0792FDE23A205A6000665ABA0A
:1048D00005BF07C8FD80075A010232BFFF42890A9F
:1048E000600C58E5152036100080FFF038A83A20FB
:1048F0005A80000A58E059BA05BFFF3E12851520BC
:10490000362F0080FFDC380A58E059BA05BFFF8A0D
:1049100012E5054E3A205AA000D505645AA2ED656D
:104920005AA2F52477B597D872987262729A3D2090
:10493000362600BFFFF6880A60613A205AC0000C94
:1049400058F50D20362C0080FFA4380A58E059DABB
:1049500005BFFF2211C417BB91B50DA50D950DDB49
:104960003A205AE000200E2800E159F2ED200E29ED
:1049700000E159F2F520362000BFFFBC880A600C28
:1049800058D50D2036413A205B00002E0080FF6A8A
:10499000380A58E059BA05BFFFE811B50DA50D95C5
:1049A0000D200E2200E15992F5200ED03A205B2016
:1049B000002300E159F2F5E54D0232BFFF86880A77
:1049C000600C588525047FA691617A9A0D0B328080
:1049D000FF7F3A205B40002E380A58E059BA05BFE5
:1049E000FFA00F0C3280FF1E380A58E059BA05BFED
:1049F000FFBC0FF50D0C32E23A205B600080FF0C2B
:104A0000380A58E059BA05BFFFAA0FE505D5056475
:104A10005A82E5655AB2F5C525B525A525B43A20D3
:104A20005B80000B80010AA181200E1800E1818BC0
:104A3000FD5000BBFCBDFCDBFC92FDF6FF94FD9637
:104A4000FDF6FFE93A205BA000F6FFCFFDEEFD0684
:104A5000FE29FEF6FF2BFECCFFF6FFF6FFF6FFF673
:104A6000FFF6FFF6FF6EFFF6FF053A205BC000BFC2
:104A7000FCE505D505E059BA05BF0730F91E02006F
:104A800002BF071AF90000C51DC487989AC48FB2E7
:104A90003A205BE000989AC497989AC49F989AC469
:104AA000A7989AC4AF989AC4B7989AC4BF989AC462
:104AB00087999AC48FDC3A205C0000999AC4979930
:104AC0009AC49F999AC4A7999A1E020002C5E595B7
:104AD0003500500A5F91F5200EDFFFAE3A205C20D2
:104AE000004159405F91F500600C6F90F5406F9068
:104AF000F5077240772EF100780F872EF1908640EF
:104B0000003F3A205C400040872EF10088119791C9
:104B1000F5180A4191409791F5209E1F4E609F968F
:104B2000F52A06FFFF0000743A205C600060579889
:104B3000F500580B672EF1200EBFFF416140672E34
:104B4000F11E020002F5CD000095150050C53A2077
:104B50005C80000A5F90F58B5E8000405F90F500FE
:104B6000600C6F2EF1200EBFFF4169406F2EF11EC9
:104B7000020002093A205CA000F5ED000095150046
:104B8000500A5F90F5200E7FFF4159405F90F5007D
:104B9000600C6F2EF18D6E40007B3A205CC00040AF
:104BA0006F2EF11E020002F5ED0000A5051E0200A9
:104BB00002E5FDA5051E020002E5FD950D0050A4CD
:104BC0003A205CE0000A5FB0F58B5E8000405FB089
:104BD000F51E020002F5F50000A50D00500A5FB0B9
:104BE000F5200E7FFF213A205D00004159405FB063
:104BF000F51E020002E5F5A5051E020002E5FDF521
:104C0000352A06FFFF000000580B67D93A205D20C7
:104C10000041F5200EDFFF4161406741F500680D5E
:104C20007740F58E760500407740F5017A407F2485
:104C3000F13D3A205D40000080108F24F1918E40BC
:104C400000408F24F10090129F41F5180A419940CD
:104C50009F41F5205E7002543A205D6000605F461F
:104C6000F5605748F560574AF560574CF500600C01
:104C70006F24F1200EBFFF4169406F24F1FD3A20FF
:104C80005D80001E02000295CD0000951500500ABF
:104C90005F40F58B5E8000405F40F500600C6F2444
:104CA000F1200E8C3A205DA000BFFF4169406F24C7
:104CB000F11E020002F5ED0000951500500A5F405C
:104CC000F5200E7FFF4159405F363A205DC000401D
:104CD000F500600C6F24F18D6E4000406F24F11ED2
:104CE000020002F5ED0000A5051E020002E5FDED43
:104CF0003A205DE000950D00500A5F10F68B5E8053
:104D000000405F10F61E020002F5F50000A50D0040
:104D1000500A5F10F6B73A205E0000200E7FFF4178
:104D200059405F10F61E020002E5F55C1A630F01A0
:104D300000F50D230F0100E18F2000ED3A205E20E9
:104D400000230F0500E1872000481A230F010044CB
:104D50001AE0074001581AF00F4000630F0500F1F8
:104D60000F603A205E40004000630F010095ED5C4B
:104D70001A630F010080077002E08760012457A6C4
:104D80008041526457A6804E3A205E6000245F81C5
:104D900080415A645F8180246784804162646784B3
:104DA00080246F8680416A646F86802477863A20EB
:104DB0005E80008980417264778980247F8C80E0E6
:104DC00079E30524878C805F8264878C80248FBC84
:104DD00080E0898B3A205EA000E3052497BC805FC9
:104DE000926497BC80249F9080E099E305245790BB
:104DF000805F5264579080245F1D3A205EC0008E11
:104E000080415A645F8E8024679280416264679219
:104E100080246FAD80416A646FAD802477948011E7
:104E20003A205EE000417264779480247F3099419B
:104E30007A647F309924879880418264879880249F
:104E40008F9680418A103A205F0000648F968024FC
:104E5000973C99419264973C99249F3E99419A646A
:104E60009F3E992457409941526457543A205F20FD
:104E7000004099245F4299415A645F4299246744F3
:104E800099416264674499246F4699416A646F4608
:104E9000996F3A205F4000247748994172647748BF
:104EA00099247F4A99417A647F4A9924879A80415C
:104EB0008264879A80248F0F3A205F60009C804133
:104EC0008A648F9C8024979E80419264979E802460
:104ED0009FA280419A649FA2802457BE80C83A2036
:104EE0005F800041526457BE80245FF080415A6465
:104EF0005FF0802467F28041626467F280246FF47F
:104F000080416A253A205FA000646FF4802477E432
:104F10008041726477E480247FE680417A647FE692
:104F2000802487E88041826487DB3A205FC000E804
:104F300080248F1E98418A648F1E98249720984160
:104F40009264972098249F2498419A649F24986A99
:104F50003A205FE000245722984152645722982457
:104F60005FB280415A645FB2802467A4804162646A
:104F700067A480246F4B3A20600000D880416A64A7
:104F80006FD8802477DA8041726477DA80247FDCFE
:104F900080417A647FDC802487B080A13A20602041
:104FA0000041826487B080248FB580418A648FB5C8
:104FB000802497B98041926497B980049FA0804172
:104FC0009A0E3A20604000449FA0800457A0806A57
:104FD00052D105BFFFD8A24407A080E0076001239B
:104FE0000F0100E18F2000823A20606000230F054E
:104FF00000E1872000230F0900E10F2000230F0D9F
:1050000000E1072000239F1100239715002D3A206F
:10501000608000238F190023871D00237F21002338
:10502000772500236F290023672D00235F3100239C
:10503000573500183A2060A000234F390023473D20
:1050400000233F41002337450064062000230F0161
:1050500000441AE0074001A4075E3A2060C0002126
:105060000063374500633F410063473D00634F39AC
:105070000063573500635F310063672D00636F6025
:105080003A2060E000290063772500637F210063F8
:10509000871D00638F190063971500639F1100E05F
:1050A0000F4000630FA03A206100000D00E10F40A7
:1050B00000630F0900F00F4000630F0500F10F407F
:1050C00000630F0100BF0738FD0000633A20612034
:1050D00000F5150372245E2C832466FC820E68ECB6
:1050E0006F40020C50CD516A0705000B78CD796FE7
:1050F00007653A2061400005005F72E071BEF580EF
:10510000FF0C001E02000295ED0000D5154407F8C3
:105110008203EA1D508A00A33A206160000A300829
:105120003A80FFFC001D588B000B30203E28008089
:10513000FF12005FEAE0E99EF523020502053A202E
:10514000618000B5ED0000C56D6337010083DF01AC
:1051500000633F050083E70500BFFF5E9B24EE2C44
:105160008301623C3A2061A0001B50EC52DD512AC1
:105170007705006172D7251B78EC7ADD792F8705DA
:10518000006982E21D1B88EC8A863A2061C000DD3E
:10519000890992719705001B301C381B98C29A2A06
:1051A00006C8490000D3512A770100450E0100A826
:1051B0003A2061E00021FEE6616E000A60E061EAEB
:1051C000051B78EC7ADD796F0705001B80EC82DD2A
:1051D0008110586B07263A206200000000CB870838
:1051E00000CB970800E061A21D1B68EC6A1D60CD32
:1051F000616C070500CC8F0800245ED93A2062203C
:10520000009C9ACD594B070800208EFF004B8F0A57
:10521000002B9709002106FFFFFFF041916B9709D2
:10522000005B3A206240001B98C19A2E06A64900F6
:1052300000D371EE5701000A30BFFF0E91BFFFC6C9
:105240009A2F021102C595303A206260008565638D
:1052500037010083DF0100633F050083E70500BFDE
:10526000FF829A24EEFC821B50EC52DD51DF3A2083
:105270006280002A7705006172D71D1B78EC7ADD09
:10528000792F8705006682E2151B88EC8ADD890686
:10529000927197893A2062A00005001B301C381BD0
:1052A00098C29A2A062C4A0000D3512A7701004559
:1052B0000E010021FEC0626E00BC3A2062C0001BDD
:1052C00068EC6A1D60CD616C0700006C070500CCBE
:1052D000870800CC8F0800245EE497CD59207ED04B
:1052E0003A2062E000FF004B7F08002B8709002076
:1052F0000EFFF041816B8709002B8F09002106FF0B
:10530000FFFCFF41898B3A206300006B8F09001B73
:1053100090C1923306AE490000D299F35701000ABA
:1053200030BFFF4A90BFFF029A2F02393A20632014
:1053300000110285A58007A40863370D0023EF0D37
:10534000001D30BFFF82AB0A58E059CA05005880E3
:1053500007A63A2063400084083D7F0500487A8F05
:10536000C70100FD870D0031069C4A0000D08991DD
:10537000CF01003D970900923A20636000129F0020
:1053800000D35EF00080072A0824DEFC8243C707B2
:10539000001950EC574002DB512A7F0500393A20B2
:1053A000638000E079B21D1980EC874002DB813018
:1053B0008F0500618ABA0D005880072C0823CF0999
:1053C0000023EF953A2063A0000D0024DEFC8295B7
:1053D0000D199092001230063ABFFFB0FE43C70786
:1053E0000024E6E4971960EC67233A2063C000408C
:1053F000021B98CC990252735705001C78CC796F28
:105400000704003D870900108F0000D15EF00062A4
:105410003A2063E00080076203039707006892B2B6
:1054200005800796011998EC9F4002DC9913603DB6
:105430005709000A7FB53A206400000000CF7E0FB4
:1054400000CF00C87A6C7F06000C5E06000C80302E
:105450008F06003D970900B29F01002E3A2064207C
:105460000013896C8F06002C5706006752BB05801D
:10547000073A011978EC7F4002DC790F582B870935
:1054800000463A206440002106FFFFFCFF41816B8B
:105490008709003D97090042926B97010019989384
:1054A0000013301988EC8F083A206460004002DC59
:1054B00089F15707000A3819788F00C27A30063C04
:1054C0004A0000CF8130970100450E0100603A206C
:1054D00064800021FE866472000A681998EC9F407F
:1054E00002DC9913606C6F01002C8F0900CE8A9E3C
:1054F0008A1158203A2064A000E55D1978EC7F40BD
:1055000002DB796F070500C55D1980EC874002DC7E
:105510008130970100E091824DB83A2064C00019B3
:10552000508A000A3019989300C29A31066C4A00DA
:1055300000D389317F0100450E010021FEE2643C69
:105540003A2064E0006F001980900010303D970908
:1055500000123E0200064219508A00C25233060C65
:105560004A0000CA99543A20650000338F01004573
:105570000E010021FE0E657100065A1970EC77408D
:10558000021C68CE696D5F04002D7F9C3A20652067
:10559000000900200EFFF041798F7E00016D7F0928
:1055A000001B60CE616C5F000005826C870500CC3B
:1055B00007B13A206540000800199092001230802F
:1055C000FF1C08F5051950EC574002DB516A07052E
:1055D00000E505E05992AD273A20656000625A82E5
:1055E000A5E5A5D50D1998EC9F4002DB99018A73BA
:1055F0008F050019788F000F3080FF0C104E3A2075
:10560000658000D50D1980EC874002DB8101927026
:1056100097050019508A000A3080FFF20F00588069
:10562000072606183A2065A0001998EC9F4002DC76
:105630009913583D8F0900917F01006B7F0600EBA5
:105640008707004182A39707002A3A2065C000F02F
:1056500091BE05800744011950EC574002DC512AE5
:105660009F0600679AB305800716011988EC8F4ED4
:105670003A2065E0004002DC8911582B7F090021A7
:1056800006FFFFFCFF41796B7F09003D9709004150
:10569000926B970100583A20660000198090001024
:1056A000301950EC574002DC51EA9F0700133819BB
:1056B000889100C28A2F063C4A0000E23A20662008
:1056C00000D1792F970100450E010021FE3066724E
:1056D000000A601980EC874002DC8110586B67017A
:1056E000007E3A206640002B9F0100E099F24519A8
:1056F00088EC8F4002DC89317F0900CE7A9E7AE007
:1057000079DA3D19909200383A2066600012303DF7
:105710005709000A3E01001980EC874002DC81F045
:105720009F0700134019889100C28A2F06AB3A20C8
:105730006680000C4A0000D1792F970100450E01C8
:105740000021FE946672001950EC574002DB5101B3
:10575000826A87263A2066A00005001998930013F4
:10576000301988EC8F4002DC89F17F07000F38196F
:10577000909200C2922A061C4AA83A2066C00000F5
:1057800000D2512A870100450E010021FED2667029
:1057900000D50D1998EC9F4002DB99018A738F693F
:1057A0003A2066E000050019788F000F3080FFA0D6
:1057B0000ED50D1990EC974002DB910152725705FE
:1057C0000019809000033A20670000103080FF86A7
:1057D0000ED50D1998EC9F4002DB99018A738F0555
:1057E0000019788F000F3080FF6C0E683A20672018
:1057F0000000588007A0041990EC974002DB91014B
:10580000527257050019809000103080FF4E0ED55F
:105810000DB53A20674000C50DE059BA05BF075ADB
:10582000FE200E1000E159BA05BF0792FC85ED80FD
:1058300007680424DEFC82E13A206760001998ECD6
:105840009F4002DB99338F0500638AB20D1978EC13
:105850007F4002DB792F9705006592B205A93A20B7
:10586000678000800764021950EC574002DB512A20
:105870008705006582FA1D1998EC9F4002DB99D3D9
:10588000C70800AA3A2067A000DA153C06AE490016
:10589000001988C18ADC89F17F01000F30BFFFAC9D
:1058A0008B1990C192DC91F257093A2067C0000130
:1058B000000A3080FF7809C50500588007F60324E8
:1058C000E6E4971980EC874002DC811058EB9FBA20
:1058D0003A2067E0000500479AEB8F0700F199B680
:1058E0006D1978EC7F4002DC790F58EB970700EBDD
:1058F000570500AA91803A206800004192F2C1C683
:105900005D3D870900109F0000D39E0F001988ECB1
:105910008F4002DC89317F0900D47A093A2068205F
:10592000009C7A8F00EF99820D19508A000A30018D
:105930003ABFFF30FAC5451990920012303D8709F1
:1059400000F83A20684000103E01001988EC8F40B2
:1059500002DC891158EB9F0700EB7F0500AF99939C
:1059600000134019508A009C3A20686000C25232ED
:10597000060C4A0000CA9132870100450E01002141
:10598000FE786870001988EC8F4002DB89DC3A20D1
:105990006880001158017A6B7F05006B07000019C1
:1059A00098930013301950EC574002DC51EA9707E6
:1059B0000012383F3A2068A00019809000C282315E
:1059C000061C4A0000D089317F0100450E010021EC
:1059D000FEBC686F0080072201143A2068C000688E
:1059E000C2B20580071A013D9F090013570000CA83
:1059F000560F001990EC974002DC91328709001A8B
:105A00003A2068E000D4829C829000F051820D1907
:105A10008891001130013ABFFF6EF9C57519788F72
:105A2000000F303D9F7C3A206900000900133E01C1
:105A300000074219909200C2922A060C4A0000D236
:105A4000512A870100450E010021FE763A20692087
:105A500000246970001968EC6F40021C60CD610C75
:105A60005E04000C88317F0400477A6C7F04002CB0
:105A70009F613A206940000900639F01002397015C
:105A800000D4929C92419223570100D2960F00C8F5
:105A900092200EFFF041510E3A2069600012516CC5
:105AA0005709001B80CD81108F0200E089F2251973
:105AB00078EC7F4002DB790F600C5E0200713A20C7
:105AC0006980000C98139702005F924C9702000CBB
:105AD000570200E051EA151980EC874002DB811083
:105AE00058058A9B3A2069A0006B8F0500067A6BE7
:105AF0007F0000CB07080019989300133080FFB097
:105B0000030058800708021990493A2069C000EC48
:105B1000974002DB9112582A06B14A0000D9518AF7
:105B20008701006B870000038A6B8F05000058DF38
:105B30003A2069E0008007E2018007DC0124D62CCE
:105B4000831978EC7F4002DA792F9F0500629AB2C0
:105B5000151990EC97CD3A206A00004002DA913294
:105B60005705006652B20D1980EC874002DA813089
:105B70008F0500678AB20580077001B73A206A2056
:105B8000001978EC7F4002DA79CFC70800DA2D19C6
:105B900098EC9F4002DA99339705006692921519A6
:105BA00050583A206A4000EC574002DA512A8705E3
:105BB000006782CA1D1988EC8F4002DA89117F02C2
:105BC00000617ACA153B06B23A206A6000A6490015
:105BD000001998C19ADB99F39701001230BFFFF0CA
:105BE000881950C152DB51EA87010010304A3A202F
:105BF0006A800080FF9806C505005880073A0119A1
:105C000088EC8F4002DA89317F0500627AFA756389
:105C1000C2D675C43A206AA0003D9F0900935F0177
:105C200000956D1990EC974002DA91D2DF0800FAE6
:105C30003524669C9A2B06B54A4B3A206AC0000070
:105C4000001970EC7740021A50CE51CA1F08000CA0
:105C500080CE813D8F0900117F0100507F0800F642
:105C60003A206AE0003D9F0900936F03000B90D932
:105C70009192570100EA52ED51C30D1988EC8F4003
:105C800002CC890B80353A206B0000D981107F004F
:105C900000517F0900D50D1998EC9F4002CC990D59
:105CA0009609000A0AE197820241925F3A206B202E
:105CB000005397090024669C9A1970EC7740021AE9
:105CC00068CE690C58CE590B5708004D570200ABEF
:105CD00087EE3A206B400009006D870000038A6D53
:105CE0008F0500E51D1978EC7F4002DA793306ADA7
:105CF0004A0000D99993974B3A206B600001006FDE
:105D0000970000951519508A000A30203E2600BFE2
:105D1000FF12F6950D850DFC59F295200EAF3A2035
:105D20006B80003100E159D2E595F50058C51DA5FD
:105D30001D951D851DE059BA05BF07D6F7200E1029
:105D400000E159F63A206BA000BA05BF07CAF72058
:105D50000E2000E159BA05BF07AEFB20E63000EB8C
:105D6000E1BA05BF072EFE85EDB43A206BC00000F6
:105D7000580B504806FFF08807E1F0BF075CF7A515
:105D8000456337010083E70100633F050063470B6C
:105D90003A206BE0000900E3EF0900BFFF0E9124F9
:105DA0005E2C831C50EC52CB512A7F0500E079B267
:105DB0000DBFFF2091283A206C0000035AF525837F
:105DC000E70100E3EF0900245E2C831C80EC82CB0A
:105DD0008167EAEF8F0000458A708F933A206C202C
:105DE0000005001C70EC720B68CE6906926D97007E
:105DF0000024669C9ACE61239F05006C9F01006C75
:105E000007EA3A206C400004006CEF0600CD07085A
:105E100000BFFFD29000580B502B020D02E5BDE5EC
:105E20000580FF2E0880FF243A206C60002A071EA0
:105E3000020002A5FDB50D03EA1D508A000A30805C
:105E4000FF12005FEAE0E99EFD23020502D53A2039
:105E50006C8000D5F5000085656337010083E7019C
:105E6000000457F882E051FA5524EE2C83016A446D
:105E70006FF8828C3A206CA0001C70EC72DD71CE41
:105E8000C70800A24DBFFFA0901C78EC7ADD790F07
:105E900058CBC70800F23D1C80063A206CC000ECCD
:105EA00082DD81D08708001C3080FFCE010A58E0D7
:105EB000599A151C88C18A3206A6490000D1912D35
:105EC0003A206CE000F29F01001330BFFFF2860A17
:105ED000E8BFFFF09061EAB5251C68EC6ADD692D2A
:105EE0007705006772923A206D0000820D1C78ECF5
:105EF0007ADD792F8705006882EA0D1C88EC8A24F8
:105F0000669C9AD1610C5E04000C90E23A206D20F0
:105F100000329F0400599A6C9F04001C50EC52DD23
:105F200051CA070800BFFFA890B505BFFFA2904463
:105F300007E03A206D4000F88229020B0285A5B5E2
:105F40000D03EA1D508A000A3080FF12005FEAE06C
:105F5000E99EFD230205020D3A206D6000D5F50093
:105F60000080072C016337010083DF01000457F82C
:105F700082E051B2058007160124E6FC82B43A2083
:105F80006D8000017A447FF8821B80EC82DC81D036
:105F9000C70800BA058007F800BFFFB68F1B88EC62
:105FA0008ADC89773A206DA0001158CBC70800829F
:105FB000753D06AE4900002C06744800001B90ECAD
:105FC00092DC911270CE8708003C3A206DC0001B15
:105FD00098C19ADD991358EB570100C252CC512A4F
:105FE0007F01004F070300EB870100C282CC81498B
:105FF0003A206DE000308F010051070400EB97015B
:1060000000C292CC91329F010053070500EB57016B
:1060100000C252CC519E3A206E00002A7F01004FF0
:10602000070600EB870100C282CC81308F0100514E
:10603000070700EB970100C292CC91153A206E2021
:1060400000329F010020563000535700002D06A556
:106050004A0000DB69EB7F0100C27ACC792F87010F
:1060600000273A206E40000D8F0000508F0100EB9A
:10607000970100C292CC91329F01002A06A94A00E2
:1060800000DB510A7F0000D83A206E6000537F0287
:10609000000D8700004E8702001B88C18ADD89F150
:1060A0009701001230BFFF60850A58615AF43A2008
:1060B0006E8000BFFF5C8FB505BFFF568F4407F8A9
:1060C000822E021002BF07D6FE000080077802630E
:1060D0003715009B3A206EA0002337150024769CCC
:1060E0009A24462C830038433704000658EC5F425C
:1060F000020E60CB612C570100B93A206EC000EC53
:106100007F0500CF5163570D000880CB81306F05AC
:10611000008007C4012B06744800000688C18AD19C
:106120003A206EE0002D06A6490000D1690690ECE9
:10613000974202CE911260ED9F0100C29ACB993333
:106140007F01002C57853A206F000006004F570052
:1061500000018263870100ED8F0100C28ACB893183
:106160009701004192639709002C9FD03A206F203D
:10617000000600639F10006337150080078001064A
:10618000EA2906744800000678C17A2C06A6490060
:1061900000CD3A206F4000CF61EC570100C252C9D8
:1061A000512A870100208E1000508F0000EC9701CB
:1061B00000C292C991326F6D3A206F6000010006F3
:1061C00098EC9F420213380E58C7592B7F0600CF18
:1061D0007E000FA87A8F000D5700000A792E3A2012
:1061E0006F80004D7F0000EC870100C282C98130C2
:1061F0008F01002B97060051970100029A639F01BF
:1062000000EC57D03A206FA0000100C252C9512AB9
:106210007F0100427A637F090063EF10006BEF0497
:10622000002B8709002106FFFFB13A206FC000FF55
:10623000F041816B8709000888C789510702006314
:10624000371500B56D2706744800000690C19228E6
:106250003A206FE0002B06A6490000D259EB9F01BF
:1062600000C29AC79933570100207E20004A7F0060
:1062700000EB8701007A3A20700000C282C78130AB
:106280006701000668EC6F42020E88CD89319709DC
:1062900000C4929C9292000C9F0000C13A20702092
:1062A0000013914C970000015263570100EB7F01EE
:1062B00000C27AC7792F87010041826387090008ED
:1062C00088D73A20704000CD89319F0500689AEA4E
:1062D0000D0690EC974202CE9112582B5706002BD8
:1062E0007F0400AF516357F63A207060001000C57C
:1062F000050782638710000688EC8F4202CE891161
:10630000600C5E04000C98339704004792E53A2035
:106310007080006C9704006337150095156337157E
:1063200000633F0100C50DB50D0D78050AA1796325
:106330007AEBF53F3A2070A0004F001AFF46FF9A13
:10634000FF9AFF2336040023EF15001D80C282311F
:1063500006F8490000D089319FEB3A2070C0000157
:1063600000450E010021FECC7073000A600C58E35A
:1063700077110023970100D2716872E9152C064C41
:106380003A2070E000744800002D06A64900001D68
:1063900078C17ACD79EF870100C282CC81308F013C
:1063A00000CE895107253A20710000000041726833
:1063B00072A1F50B600C504C067F008C076100BF8A
:1063C0000788FDF50D63370100E337BE3A207120E1
:1063D0000001002A06904A0000C6518A5F01000BA6
:1063E0003080FF30001F02010295F50000F50D63BB
:1063F000370F3A207140000100E33701002A069070
:106400004A0000C6518A5F01000B3080FF68011FFF
:1064100002010295F50000373A20716000800756AE
:10642000016337010023E7010024EE2C831C50ECAC
:10643000574202DD512A5F0500800724016F3A2090
:106440007180001C688D000D3000381C708E00C2F9
:10645000722F06B8490000CE792F870100450E0142
:106460000021FE743A2071A000A47170001C88EC19
:106470008F4202DD8911586B0700006B0705008011
:1064800007FE001C90EC974202373A2071C000DDF5
:106490009112583306AD4A0000DC99935701006B06
:1064A000570000026A6B6F0500CB9F08001C703C10
:1064B0003A2071E0008E000E30063A1C788F00C240
:1064C0007A3006D8490000CF81308F0100450E0197
:1064D0000021FE0272D63A207200007100955D1C08
:1064E0009092001230073A1C989300C29A2A06D85C
:1064F000490000D3512A6F0100450E453A20722011
:1065000000010021FE28726D001C70EC774202DD54
:10651000710E7F0200E079B2251C80EC874202DD1B
:1065200081363A2072400010600C5E02000C881127
:106530009702005F924C9702000C9F0200E099AA1C
:10654000151C50EC574202663A20726000DD510A79
:10655000582D06AD4A0000DC698D7701006B77008D
:1065600000027A6B7F0500D51D1C60EC67FC3A20A9
:1065700072800042021D58CC5924869C9ACC81B06E
:106580008F09006B8F000003926B970500D50DC536
:106590000DB50D8F3A2072A0000B98050AA19963E2
:1065A0009AABFD53006AFF87FFACFF6AFF29020B1D
:1065B00002BF07ACFED5256337AB3A2072C000019D
:1065C00000233701002456FC820660EC674202CAB1
:1065D000612C5F0500C5150668EC6F4202CA698828
:1065E0003A2072E0000D582E06B14A0000C6718EA6
:1065F0007F01006B7F000003826B870500E505D5F6
:1066000005C505655A023A20730000C2EDC5FD1F9D
:10661000020102B5DD0000B53D63370500233705F3
:106620000024562C830660EC674202303A20732027
:1066300000245E9C9ACC592B6F0900636F010023E4
:10664000770100C4729C724172237F0100CE760FE5
:1066500000723A20734000D8722106FFFFFFF0411C
:10666000790E796B7F09000A80CC81EB8F0500479A
:106670008AEB970700F289703A20736000EE9F0062
:1066800000479A709F05000668EC6F4202CA690DC8
:106690005806726B770000CB0708004406683A2062
:1066A0007380003F0084072100C5C58007F8000300
:1066B000E224EE2C831C50EC574002DD512A670087
:1066C00000E061623A2073A000B26DBFFF52891CE6
:1066D00068EC6F4002DD690D582B770000E071A275
:1066E0005D1C78EC7F4002DD79C03A2073C0000F5A
:1066F000580B80308F00005F8A6B8F00002B970053
:1067000000E0919A451C98EC9F4002DD99335F7E32
:106710003A2073E0000500C52D1C508A000A302085
:106720003E2300BFFF96EDBFFF2A8963E70100D536
:106730002D1C30BFFFDC3A207400000EFFBFFF1A93
:10674000891C608C000C30BFFF78F863E70100857E
:10675000251C688D000D30203E2200C93A2074208F
:1067600000BFFF64EDBFFFF88863E70100C515BFF8
:10677000FFEE8863E70100F50DE50D0B70020AA13D
:1067800071CE3A207440006672EBF54E00CFFFDB0D
:10679000FFF4FFE8FFE8FFE8FFE8FFA50DBFFFC635
:1067A000881C8090001030C53A20746000BFFF2420
:1067B000F863E70100D505BFFFB28863E701002356
:1067C000E701005FE2E0E1AE8D4206FF003B3A20C8
:1067D0007480008207E100C5850000A56503E224FE
:1067E000EEFC821C50EC574002DD512A670000E0AD
:1067F00061A255D13A2074A000BFFF54881C68ECF8
:106800006F4002DD690D582B770000E071D2451C06
:1068100078EC7F4002DD790F585E3A2074C0000B9F
:1068200080308F00005F8A6B8F00002B970000E0A4
:1068300091AA2D1C98EC9F4002DD99335F0500E77B
:106840003A2074E000D51D1C508A000A30033ABF7C
:10685000FF76EDBFFF2E8863E70100F5151C608C05
:10686000000C30043AC13A20750000BFFF60EDBF54
:10687000FF188863E70100C50DBFFF0E8863E701BD
:1068800000F505E505635AB2E5655A4F3A207520D3
:1068900000C2EDE5F5A50DBFFFF6871C688D000D64
:1068A00030BFFF34F863E7010023E70100B505BFFF
:1068B000FFCF3A20754000DE875FE2E0E1BEA542EF
:1068C00006FF008207E100D59D0000E5156337054E
:1068D00000833705000658883A20756000EC5A247A
:1068E00066FC82CB612C6F0500E069E2050152D5A0
:1068F00005A3570300A505005044063F00143A20A5
:106900007580008407210095ED0000A50D63370117
:1069100000835F01000B30073ABFFFCAEC1F020182
:1069200002E5F59F3A2075A000D50D63370100837D
:106930003701000658EC5A2466E497CB612C5701C6
:10694000001F020102B5F500006C3A2075C000B5C9
:106950001D6337010083370100633F0500833F0556
:10696000000658EC5A2456E497CB512A670900C612
:106970003A2075E000C76E0300D06A2106FFFFFCD5
:10698000FF41610D616A67090020020202D5E5003E
:106990000085156337FB3A2076000001008337013C
:1069A000000658EC5A2466E497CB612C6F0900CEA0
:1069B0006A9E6A0D501F02010285F5FA3A20762080
:1069C00000B50D63370100835F01000B30203E27C7
:1069D00000BFFF54EB1F020102D5F500008007DE67
:1069E00001F93A2076400063370100833701002027
:1069F0007632F4807F33F41E0A4179407F32F4808E
:106A00008733F41D0A4181143A2076600090860293
:106A100000408732F4206E72F4808F73F41E0A41B6
:106A200089408F72F4206612F7809713F7C43A20DA
:106A30007680001E0A419192960100409712F780DD
:106A40009F73F41D0A4199409F72F4807F13F71DD4
:106A50000A4179313A2076A0008F7E0200407F12F1
:106A6000F7205E52F4808753F41E0A41819086011C
:106A700000408752F4808F53F47D3A2076C0001D89
:106A80000A4189918E0200408F52F4809711FA20BA
:106A90000E7FFF4191409710FA0650E55D400723B5
:106AA0003A2076E00011FA209E5700409F12FA200B
:106AB0005610FA807F11FA200EEFFF41798F7E1079
:106AC00000407F10FA393A20770000808711FA1BC6
:106AD0000A418190860400408710FA808F11FA17CE
:106AE0000A4189918E0800408F10FA803A20772061
:106AF00000809711FA1D0A4191929602004097106A
:106B0000FA809F11FA1E0A4199409F10FAB535404C
:106B100007DD3A2077400011FA207E5700407F12AF
:106B2000FA205610FA808711FA200EEFFF4181906B
:106B3000861000408710FAF73A20776000808F11A6
:106B4000FA1B0A4189408F10FA809711FA170A41FF
:106B500091409710FA809F11FA1D0A4199063A2038
:106B6000778000939E0200409F10FA807F11FA1EEA
:106B70000A4179407F10FAF505E505E051A2D5619B
:106B80005282A5B23A2077A000F5CD205610FA80A7
:106B90008711FA200E7FFF41819086800040871088
:106BA000FA808F11FA200EBFFF9A3A2077C0004179
:106BB00089408F10FA809711FA200EDFFF41914033
:106BC0009710FA809F11FA200E7FFF4199409F96FF
:106BD0003A2077E00010FA807F55F1200EBFFF4188
:106BE000798F7E4000407F54F1808753F1200EBFA3
:106BF000FF41819086343A2078000040004087525F
:106C0000F1400752F1018A408F54F1C487CF9AC4F2
:106C10008FCF9A1F020102BF0724FE793A20782005
:106C200000B55D206610FA806F11FA200E7FFF41DB
:106C3000698D6E8000406F10FA807711FA200EBFC8
:106C4000FF343A207840004171407710FA807F117C
:106C5000FA200EDFFF4179407F10FA808711FA2079
:106C60000E7FFF41814087D53A2078600010FA807E
:106C70008F55F1200EBFFF4189918E4000408F5407
:106C8000F1809753F1200EBFFF419192963F3A2039
:106C90007880004000409752F1205E52F4809F536C
:106CA000F41E0A4199409F52F4806F53F41D0A412B
:106CB00069406F873A2078A00052F4205632F48061
:106CC0007733F41E0A41718E760100407732F480EA
:106CD0007F33F41D0A41798F7EF83A2078C0000294
:106CE00000407F32F4808711FA200E7FFF418140FF
:106CF0008710FA1E020002D5A50000F545205E1C93
:106D00003A2078E00010FA806711FA200E7FFF41E8
:106D1000618C668000406710FA205614FA806F1567
:106D2000FA1B0A4169CA3A20790000406F14FA80C0
:106D30007715FA1D0A4171407714FA807F15FA1E03
:106D40000A4179407F14FA808711FA373A20792076
:106D500000200EDFFF418190862000408710FA80DE
:106D60008F53F1200EBFFF4189408F52F1809773FE
:106D7000F4D93A207940001D0A4191409772F4807D
:106D80009F13F71D0A4199939E0200409F12F780BE
:106D90006753F41D0A4161B53A207960008C6602A0
:106DA00000406752F41E02000295BD0000B5258028
:106DB0005F53F1200EBFFF41598B5E4000063A2021
:106DC000798000405F52F1205610FA806711FA2056
:106DD0000E7FFF41618C668000406710FA806F1162
:106DE000FA200EFA3A2079A000DFFF4169406F10C7
:106DF000FA807753F41D0A4171407752F41E020065
:106E000002D5DD0000B535805FD53A2079C000732A
:106E1000F41E0A4159405F72F4806713F71E0A415D
:106E2000618C660100406712F7806F53F41E0ABD43
:106E30003A2079E00041698D6E0100406F52F420E4
:106E40005610FA807711FA200E7FFF41718E7680FE
:106E500000407710FAC73A207A0000807F11FA20AC
:106E60000EBFFF41798F7E4000407F10FA8087552A
:106E7000F1200EBFFF4181408754F1993A207A20DA
:106E8000001E020002D5CD0000B525805F55F1201F
:106E90000EBFFF41598B5E4000405F54F1205610F9
:106EA000FA703A207A4000806711FA200E7FFF4185
:106EB000618C668000406710FA806F11FA200EBF67
:106EC000FF4169406F10FA7A3A207A600080775368
:106ED000F41E0A4171407752F41E020002D5DD0013
:106EE00000E51DC0FF14FAEA5F0000615A4A3A202B
:106EF0007A8000F2152466FC9BE46F2D9DCD618C99
:106F000057010024772C9D417264772C9D247F2C9F
:106F10009D200E3A3A207AA0002C01E179B1056457
:106F2000072C9D405717FA1E020002A5E5C53D63D8
:106F3000370100E45F2F9D0B56F43A207AC0000120
:106F4000000A58CB00200E2C01E159A6050058E498
:106F50006F2D9DED59CA05023280FFEA0380FF8F35
:106F60003A207AE000DA030A600C58A51D2476FC6A
:106F70009BE47F2F9DCF71838701004E8700002403
:106F80008F2E9D418A503A207B0000D100648F2EC5
:106F90009D24972E9D200E2C01E191B10564072EB2
:106FA0009DE505D505635AE2E5645A913A207B20B8
:106FB00000C2E580FF96030A580B501F020102C56C
:106FC000C5F52DE45F299D0467CD9A6362D2252023
:106FD00056EC3A207B40002C010B6E01000D58CB83
:106FE00000EA59A6050058E4772B9DEE59CA05031F
:106FF0007A447FCD9A24867E3A207B6000D09AE442
:107000008F299DD181905F01002497289D41926432
:1070100097289DE49F299DEA99B60564071B3A20AD
:107020007B8000289D435F0300A357030042063F77
:10703000008207210085D55C1A630F0100851D239E
:107040000F0100353A207BA000E18F2000230F05BF
:1070500000E1872000230F0900E10F2000230F0D1E
:1070600000E1072000031E1000B33A207BC000237C
:107070000F0100441AE0074001501AE00F4000637E
:107080000F0D00E10F4000630F0900F00F4000EA10
:107090003A207BE000630F0500F10F4000630F0111
:1070A0000085DD00005C1A630F0100851D230F01C0
:1070B00000E18F2000AB3A207C0000230F0500E1A7
:1070C000872000230F0900E10F2000230F0D00E1AE
:1070D000072000031E1000230F0100AF3A207C2080
:1070E00000441AE0074001501AE00F4000630F0D02
:1070F00000E10F4000630F0900F00F4000630F052F
:1071000000453A207C4000F10F4000630F010085EC
:10711000DD00005C1A630F0100C57DE0876001C0DF
:10712000C714FAEA3DC0CFD13A207C600014FAEAD5
:107130002D0457CD9A6252D225245ED09AE4672B53
:107140009DCC59006F16FA4B6F000024777A3A20D5
:107150007C80002A9D417264772A9D247F2A9D208D
:107160000E2C01E179B10564072A9D24872A9D240C
:107170008F289DD73A207CA000F181DA0502924445
:1071800097CD9AC505049A449FCD9AD50500571608
:10719000FA4457CC9AD50D0067603A207CC000169F
:1071A000FA4467CC9A805F15FA1D0A4159405F1472
:1071B000FAC40FCF9AD50D006F16FA446FCC9A71AE
:1071C0003A207CE000807715FA1E0A41714077145E
:1071D000FAC407CF9AE0076001230F0100E18F2076
:1071E00000230F0500693A207D0000E1872000237D
:1071F0000F0900E10F2000230F0D00E107200023FD
:107200009F110023971500238F1900DC3A207D2061
:107210000023871D00237F210023772500236F296A
:107220000023672D00235F310023573500031E38EC
:1072300000CD3A207D4000230F0100441AE00740B2
:1072400001031EC8FF63573500635F310063672D7C
:1072500000636F29006377D43A207D6000250063C6
:107260007F210063871D00638F19006397150063FA
:107270009F1100E00F4000630F0D00E10F093A205D
:107280007D80004000630F0900F00F4000630F0590
:1072900000F10F4000630F0100BF07BEFE00005C5D
:1072A0001A630F553A207DA0000100855DE08760DC
:1072B0000124572C9D245F2E9DEB51B2252466FCA2
:1072C0009BE46F2D9DCD610C77843A207DC000003A
:1072D00000407717FA247F2C9D417A647F2C9D24EF
:1072E000872C9D200E2C01E181B10564072C9DEDBA
:1072F0003A207DE000048A448FCE9A24972C9D2466
:107300009F2E9DF391CA0503524457CE9AE0076021
:1073100001230F0100823A207E0000E18F2000232C
:107320000F0500E1872000230F0900E10F20002353
:107330000F0D00E1072000239F1100AE3A207E20B0
:107340000023971500238F190023871D00237F2119
:107350000023772500236F290023672D00235F3149
:10736000003A3A207E400023573500031E380023A0
:107370000F0100441AE0074001031EC8FF635735A0
:1073800000635F31006367CD3A207E60002D0063AB
:107390006F290063772500637F210063871D0063E9
:1073A0008F190063971500639F1100E00FB53A2015
:1073B0007E80004000630F0D00E10F4000630F0965
:1073C00000F00F4000630F0500F10F4000630F0154
:1073D00000B585D53A207EA000950D03524457CEC6
:1073E0009A64072C9D64072E9D1E020002F5F5008D
:1073F00000C5058457CF9A1E02243A207EC00000A3
:1074000002C5FD850D63370100833701004437CE87
:107410009A1F02010285FD950D03524457CD9A74BF
:107420003A207EE00064072A9D6407289D1E020022
:1074300002F5F50000C505A457CD9A1E020002C54D
:10744000FD850D6337D83A207F00000100833701A6
:10745000004437CD9A1F02010285FDA5250060E496
:107460005F2F9DE4572D9DEA59CA05CD3A207F2014
:107470000020562C01F515E46F2D9DED59A2152025
:10748000562C010C7601000E60CC000B7E01000F23
:1074900058293A207F4000CB00EA59A6050058E45D
:1074A000872D9DF059AAF50C501E020002E5DDA5BE
:1074B000250060E45F2B9D7E3A207F6000E4572921
:1074C0009DEA59CA0520562C01F515E46F299DED5A
:1074D00059A21520562C010C7601000E60973A2017
:1074E0007F8000CC000B7E01000F58CB00EA59A62C
:1074F000050058E487299DF059AAF50C501E02009A
:1075000002E5DDBA3A207FA000951D6337050083B0
:10751000370500633F0900833F09000152E757C068
:10752000008A0006584A59E059263A207FC000EAEE
:10753000050050D505A3570300A505015246063F97
:107540000086072100E5E5C515633701002337BC38
:107550003A207FE0000100633F0500833F05000102
:1075600052E757C0008A0006580B6700000A6146C0
:1075700067000020022D3A208000000202C5EDD5F0
:10758000156337010023370100633F0500833F0582
:10759000000152E757C0008A000658233A20802095
:1075A000000B6700002A684D614667000020020258
:1075B00002B5ED0000F51D633701002337010064BB
:1075C00037763A20804000319D01622A06CD0D01B8
:1075D00000245E309D0C68C26ACB690D702E7FFD61
:1075E000FFEA7F2202417A533A208060006D7F01DA
:1075F000000C8601001060CC00646286F51F020159
:107600000295E50000856D00702A06FFFFD53A203F
:10761000808000FF7F245E309D0E78C27ACB790F88
:10762000682D8705004A812D8F01009F8AD181D066
:10763000660100A33A2080A000E061AA150E90C266
:1076400092CB910E9E0200D39E0300C29ACB993337
:107650007F01000C88818A3179943A2080C00072C1
:107660007F0100951DCC860100E081D2150E98C2E5
:107670009ACB990E8E0200D18E0300C28ACB895B11
:107680003A2080E000319701000C78817A2F912117
:1076900006DFB008992191739701000E8601001052
:1076A00070CE006272AD3A20810000B6C5248F31E1
:1076B0009D4A89247F3D9D9F7ACF89D15E0100E05C
:1076C000599A0D0B98819A2497359D473A2081202D
:1076D000003299649F3D9D8515CB860100E081C2F3
:1076E0000D0B78817A248F359D31792106DFB00822
:1076F00099773A208140002179647F3D9D1E0200E8
:1077000002859D852D63370100E33701006332A7B1
:107710000500300678C27AF13A2081600024863074
:107720009DCF81305F01000B888B8A11602B610C2B
:1077300090C792210680562C9D41911268FC3A20F8
:107740008180002C690D98CF9A400EC6EF419913A5
:10775000702D710E78927A2E790F3807501F020122
:107760000285DDE13A2081A000F51D633701002389
:10777000370100633F0500233F050063470900E32D
:107780004709000050E041F30D523A2081C0000744
:1077900058CA590660CA610C6F00004B6F00000A9E
:1077A0007601000E50CA00E851B1F521020302A78C
:1077B0003A2081E00095E50000C5256337010023EC
:1077C000370100633F0500233F050063470900E3DD
:1077D0004709000050E13A20820000E041B315065D
:1077E00058CA590B6700000768CA690D770000EE98
:1077F00061B2050152850D0A7E0100E83A2082201F
:10780000000F50CA00E851F1ED005021020302C5FB
:10781000DD852D6337050023370500005806670016
:10782000006F3A20824000E061A2152A06FFFF00A7
:10783000000B6E01000D58CB00EA59BA050B50A59C
:10784000150670CB710E7FF83A208260000000E0D0
:1078500079BAF5E059970D0B86FFFF1050CA00D595
:1078600005E3570300A505005044063F00C63A2033
:1078700082800084072100F5D50000851524378912
:1078800080BFFFA6FDBFFFE6FD0030BFFFB4FE0ACC
:10789000600C68EA3A2082A0008D000D580B501E43
:1078A00002000285F5851524378980BFFF82FDBF60
:1078B000FFC2FD0030BFFF90FEA13A2082C0000A47
:1078C000600C68CD000D580B501E02000285F5D5E6
:1078D0000D24378980BFFF5EFDBFFF9EFD0030AFE6
:1078E0003A2082E000BFFF6CFE0A580B501E0200D7
:1078F00002B5F50000A51D633701002337010063C1
:107900003F0500833FAC3A20830000050063470930
:1079100000E3470900E041B20D0856FFFFCA000A24
:10792000400658C8594B3F0000E041F83A208320F8
:1079300000FAF521020302E5E5E5156337010023AE
:10794000370100633F0500E33F0500E039B20D0752
:1079500056693A20834000FFFFCA000A380658C71C
:10796000594B070000E039FAF520020202A5EDE5C7
:107970001D6337010023378C3A20836000010063C8
:107980003F0500233F050063470900E3470900E086
:1079900041F20D0856FFFFCA000A4006581A3A2065
:1079A000838000C8590760C8610C6F00004B6F00EE
:1079B00000E041BAF521020302A5E5E51D633701A8
:1079C0000023377E3A2083A0000100633F05002397
:1079D0003F050063470900E3470900E041F20D0855
:1079E00056FFFFCA000A400658DA3A2083C000C892
:1079F000590760C8610C6F00004B6F0000E041BA8E
:107A0000F521020302A5E5581A635F01006367369A
:107A10003A2083E0000500005FE0F0CB5EFE00400E
:107A20005FE0F0005FE2F0CB5EFE00405FE2F0005E
:107A30005FE4F0CB5E8E3A20840000FE00405FE4FD
:107A4000F0005FE6F0CB5EFE00405FE6F0E55F40F1
:107A5000008B5E8000EB2F2000C087AC3A20842092
:107A60000002F8005A405FFCF1405FFCF9000000A2
:107A7000000000000000000058006728F8CC66F8FD
:107A800000BF3A208440000C59405FFCF1405F2861
:107A9000F8000000000000000000004007FCF1C0FA
:107AA000B728F8205E0010133A2084600000000020
:107AB0000000005F5AE059BAFD4007FCF1C09F2862
:107AC000F8C0E728F8EAFD035A405FC1F63F3A20C4
:107AD000848000C0072CF8005F24F8E059DAFDC06C
:107AE0000F2CF8E55F4000CB5E7F00EB2F200023DA
:107AF0005F01008A3A2084A00023670500481A0627
:107B00005A405FC0F6205E1F00405FD0F67F000045
:107B10000080076204BEFF84F96E3A2084C0000A28
:107B2000600C58800718022036180080FF5C0E0A8F
:107B3000600C58850D80FFDE0A950D80FFD80A0C79
:107B40003A2084E000E505D505645A82FD655A9225
:107B5000FD2036250080FF380E0A600C589515442C
:107B600007048044075B3A20850000058080FFB24F
:107B70000AE50D80FFAC0A046F0480416A446F047B
:107B800080E505D505645AF2ED655A7B3A208520DB
:107B900000C2F52036490080FF020E0A600C58C56D
:107BA0001580FF840AD5150477A49141720E588B75
:107BB00000633A20854000445FA4916A5AC70503D8
:107BC0007A447F098080FF660AE505D505645AC2BC
:107BD000ED655AD2ED0487C13A20856000AA916113
:107BE00082EA2DA45FA791D50D8515203627008048
:107BF000FFFA0D0A58E059BA05BEFFDCE5343A2019
:107C0000858000E505D505E059C2F5615A92F5C4B5
:107C1000C79991EA8F0000618ADA15C4879991208B
:107C2000362700EB3A2085A00080FF880D0A600C03
:107C300058850D80FF0A0A950D80FF040AE505D5D9
:107C400005645A82FD655A92FD363A2085C000A42B
:107C50005FA991E57D80071001BFFF4E4B0A58E0F8
:107C600059E205BFFF444B0A58625AAA0D20361349
:107C70003A2085E0002B0080FF8A0D0A58E059BAAF
:107C800005BEFFD4E5BFFF50B80A58200E1900E129
:107C900059F235BEFFDD3A20860000A6E00A58F50D
:107CA0002D2036190080FF1E0D0A600C58850D80AE
:107CB000FFA009950D80FF9A09E505013A2086206D
:107CC00000D505645A82FD655A92FD852520361936
:107CD0000080FF3C0D0A58E059BA05BEFF0AE820B3
:107CE00036953A20864000190080FFE60C0A600CA9
:107CF00058E505950D80FF6609E505D505645AA28E
:107D0000FD655A92FDE505EF3A20866000D505E055
:107D100059C2E5615AF2CDC4C72E99F22524662EC8
:107D200099C4872E99C4FFB897EA970000673A2054
:107D30008680001258951D209E8813649FBC80C4C5
:107D40009FBA91E515246FBC80E069CA0D20362BDF
:107D50000080FF8F3A2086A000CE0C0A58E059DA46
:107D600005BEFF18E5C41FBA91E505D505E059F237
:107D7000E5615AC2EDD50DC50D8C3A2086C0000BC9
:107D80007066729B0D4E007FFF7FFF7FFF81FF813A
:107D9000FF81FF81FF950D850DF505E059BA05B10D
:107DA0003A2086E000BF07E8FD615A92FD80FFACF3
:107DB0002A24878180E081BB0580072402248F81EB
:107DC00080200E1A00BA3A20870000E18F828AE0F4
:107DD000899A6584975D83DC929E92E091AA5DBE4C
:107DE000FF5CD5BFFFFCB50A600C58393A208720EC
:107DF000009545BFFF0AB60A58E49F9580EB99A706
:107E00000DBFFFF0B50030BFFF9E4E0030BFFF2812
:107E10004E0E3A208740008505A53DBFFFE8B50A14
:107E200058E46F9580EB69C705BFFFCEB58505F5B2
:107E30002DBFFFD2B50A58D43A20876000E4779569
:107E400080EB71B70DBFFFB8B50030207F0107454B
:107E50000E020021FE7C876F00D51DBFFFD13A20A6
:107E6000878000AEB50A58E4879580EB81F705BF9F
:107E7000FF94B5BFFFA8B5BEFF34D8F50D640794D5
:107E800080C50DEE3A2087A000B50D0B88010AA130
:107E900089638A8BFD5100BAFFCBFFD6FFE8FF84D0
:107EA0009F5D83130A4199939EFF3A2087C0000883
:107EB00000449F5C83F505846F5D83130A41694428
:107EC0006F5C8324778180200E5802E177827239BB
:107ED0003A2087E000E071DA15847F5D83DA7A9ECC
:107EE0007AE079EA0DBFFFA84EBFFFDC3B84575D07
:107EF00083200ECFFF5A3A2088000041518A562035
:107F00000044575C83850D84875D83200ECFFF413D
:107F10008144875C83248F8180200E853A208820CD
:107F2000005E01E18F828AE0899A1584975D83D88B
:107F3000929E92E091AA0D849F5D83200E3FFF41A7
:107F4000993F3A20884000939E8000449F5C83853F
:107F50000D846F5D83200E3FFF4169446F5C832475
:107F6000778180200E581B5B3A20886000E1778281
:107F700072E071CA25A47F5D83DE7A9E7AE079DAA9
:107F80001D0457A9916652FA0D04870980413A20D1
:107F90008880006382A20D2036490080FFE40A0A2F
:107FA00058E059BA05BEFF12E6B50544070980A49A
:107FB0008F5D83883A2088A0001C0A4189918E0237
:107FC00000448F5D83F505A4975D831C0A419144AD
:107FD000975D83249F8180200E3A3A2088C00088D4
:107FE00013E19F829AE099AA25A46F5D83DC6A9EC3
:107FF0006AE069BA1DBEFF6AF50A600C58C50DFC3F
:108000003A2088E0002036180080FF880A0A58E0ED
:1080100059BA05BEFF26E5C505B505E059C2F5A468
:10802000775D83130A4B3A2089000041718E7608F0
:108030000044775D83F505A47F5D83130A4179448D
:108040007F5D831E020002BF07A0FB043A20892047
:10805000008007C0053C0604E003003D069AE003EB
:10806000002A0618E103002A7700006377020080E7
:10807000FFDA3A20894000B20FBFFFAEF50A58631D
:108080005AA20DBFFFE4F14457C7802436C78001D0
:108090003A80FF521AC4FF283A20896000C091EA52
:1080A0007F0000617ADA0580FFDE1CC4BFC091C486
:1080B000E7C191EA8700006182BA05C4A7BB3A20F4
:1080C000898000C191C4E7BC91EA8F0000618ADA1F
:1080D000054407C6806407B080C4CFBD91EA97000D
:1080E000006192C93A2089A000BA05C48FBD91C42D
:1080F000DFBD91EA9F0000619ABA05C49FBD91C49B
:10810000E7BD91EA7700006172453A2089C000BA64
:1081100005C4A7BD91C4EFBD91EA7F0000617ABAA2
:1081200005C4AFBD91C4F7BD91EA57000061525D2F
:108130003A2089E000BA05C4B7BD91C4FFBD91EAF9
:108140008700006182BA05C4BFBD91C4C7BE91EA71
:108150008F0000618ABC3A208A0000BA05C487BE3D
:1081600091845FC78080077C04BEFF3EF480FF5A85
:108170000C01924497C6806407B080A93A208A20F7
:10818000008007A804C4D7BC91EA9F0000619AEA66
:108190000502724477C6806407B08080078E04446D
:1081A00007343A208A4000CE8020368C02BEFF7E03
:1081B000F80A58E059E205037A447FC6806407B0A4
:1081C0008080076E04C4E76A3A208A6000C091EAA2
:1081D0008700006182BA1DC4A7C09120368C02BE00
:1081E000FFB2F90A58E0598215A48F9594E43A2019
:1081F0008A8000C88AD18E00FF8497959412896482
:108200008FCC80049A449FC6806407B080C437C076
:10821000918007D33A208AA0002A0420368C02E4F9
:108220003FCD80BEFFF2F40A58E059E205057244E2
:1082300077C6806407B0808007753A208AC0000A3C
:1082400004C4E7C091EA7F0000617AAA15C4A7C000
:108250009120368C02BEFFEEF90A58E059F205B3C0
:108260003A208AE00006824487C6806407B080B561
:1082700005C437C0918007D803E35F0300C437C04B
:10828000910B9092001C3A208B0000848F9994F1FE
:10829000918A0D0B98A89A9300A4779994EE99D29D
:1082A00015017A447FCE8020368C025E3A208B20E6
:1082B00000233E0200E447CD80BEFFF4F50A58E0FB
:1082C00059E20507824487C6806407B080850DC4E3
:1082D00037703A208B4000C09108924497C6806462
:1082E00007B08080077C03C4E7C091EA8F0000617B
:1082F0008A9A1DC4A7C091953A208B600020368CC5
:1083000002BEFF60F90A58E059E20DD5050232BFFE
:10831000FFBE42C5050532BFFFB642089A4C3A205F
:108320008B8000449FC6806407B080C437C09180B2
:10833000073C034407CE8020369402BEFF2CF70A88
:1083400058E059FF3A208BA000E20509724477C635
:10835000806407B08080071C03C4E7C091EA7F00F7
:1083600000617ABA1DC4A7C0913E3A208BC000209C
:10837000369402BEFF60F80A58E0598215A487952A
:1083800094C882D08600FF8497959412816487AD4B
:108390003A208BE000C8800A8A448FC6806407B008
:1083A00080C437C0918007D80220369402E43FC9C8
:1083B00080BEFFA0F3903A208C00000A58E059E2FA
:1083C000050B9A449FC6806407B0808007B802C43A
:1083D000E7C091EA7700006172BA3D013A208C2033
:1083E00000C4A7C09120369402BEFF9CF80A58E052
:1083F0005982350068E47FC980E079B31D245E8826
:10840000940E3A208C40000D60C1620B90CC9132EA
:108410008710001C88CC89319F0000F381D20501B0
:10842000724477CE80950D913A208C60000D5601F4
:10843000000A68CD00E47FC980EF6991ED0497CE12
:10844000806192FA050C8A448FC6806407DA3A206C
:108450008C8000B080E5050E824487C6806407B03A
:1084600080B505C437C09180073402C437C091205D
:10847000369402833A208CA0001C38E447C980BEA1
:10848000FF76F40A58E059E2050D9A449FC68064CD
:1084900007B08080070E02C4E7963A208CC000C067
:1084A00091EA77000061729A1DC4A7C091203694AA
:1084B00002BEFFF2F70A58E059E20DD5050232720A
:1084C0003A208CE000BFFF5041C5050532BFFF4890
:1084D000410E7A447FC6806407B080C437C0918063
:1084E00007CE014407C43A208D0000CE8020369587
:1084F00002BEFFBEF50A58E059E2050F924497C646
:10850000806407B0808007AE01C4E7E83A208D2080
:1085100000C091EA8F0000618ACA1DC4A7C09120E3
:10852000369502BEFFF2F60A58E0599215A48795D7
:1085300094B33A208D4000C882D08600FF849F9576
:108540009413816487CA80207610004477C68064C3
:1085500007B080C437C091D13A208D600080076891
:108560000120369502E43FCB80BEFF30F20A58E08E
:1085700059F205207E1100447FC6806407143A201A
:108580008D8000B08080074601C4E7C091EA970063
:10859000006192DA3DC4A7C09120369502BEFF2A41
:1085A000F70A58653A208DA000E059A2350068E42A
:1085B0008FCB80E089B31D245E88940D60C1620B6F
:1085C00098CC99338710001D70B73A208DC000CC2D
:1085D000712E7F0000EF81D20501924497CE8095E5
:1085E0000D0D5601000A68CD00E48FCB80F169497A
:1085F0003A208DE00091ED049FCE80619A8A0D2093
:108600007612004477C6806407B080F505C437C091
:108610009120861A00283A208E00004487C680B533
:1086200005C437C091F55D203695021D38E447CB6F
:1086300080BEFF06F30A58E059F205E93A208E2081
:1086400000207E1300447FC6806407B080C437C01A
:1086500091C54DC4E7C091EA9700006192AA1DC47C
:10866000A7DD3A208E4000C09120369502BEFF7EE5
:10867000F60A58E059F20DD5050232BFFFDC3FC5BE
:10868000050532BFFFD43F503A208E6000208E1A7D
:1086900000448FC6806407B080C437C091C52DC424
:1086A000A7C091C437C091BEFF4ED14407093A20FC
:1086B0008E8000C680B525A5250B98200E1A00E1F6
:1086C00099ABF55300BEFDC9FDD6FDE6FD08FE18C9
:1086D000FE31FE0E3A208EA0005FFE7FFE8FFEB1BF
:1086E000FEC1FE03FF16FF36FF46FF69FF7AFFBD9E
:1086F000FFD0FFF0FFF0FFF0FF133A208EC000F034
:10870000FFF0FFF0FFF0FF2487B080200EB80BE1F0
:1087100081D105207E1A00447FC6804206FF00CA30
:108720003A208EE0008207E100BF0740FAC50584C9
:1087300057D3801E020002C5FD850D6337010083FB
:108740003701004437C93A208F0000D2801F020150
:108750000285FDB55563370100633F050063470996
:1087600000A45FD1800B5601000A58423A208F20A6
:10877000008B006A5AA60500588467D180EC59DA4C
:10878000050232BFFFC2FFF5350132BFFFBAFF2439
:108790005E763A208F4000409DA46FD180EC6ACB7A
:1087A00069237701006D770100A47FD180EC7ACB3B
:1087B00079838705004F87C33A208F60000400A4A7
:1087C0008FD180EC8ACB89079251970800A49FD162
:1087D00080EC9ACB9953070500A457D180ED3A203D
:1087E0008F8000EC52CB51E36709006A67060004F2
:1087F0006FD180416A8D00446FD1800477D1806A47
:1088000072B105EF3A208FA0004407D180BFFF442A
:10881000FF0A580B5021020302D5AD0000952D84AC
:1088200057D180EC522466409D1A3A208FC000CA6E
:10883000610A6A4C6F08000477D080047FD180EF12
:1088400071C20D0487D08041824487D080048F1587
:108850003A208FE000D0806A8AB1054407D08004B6
:1088600097D080049FD180F391CA050332BFFFFCEB
:10887000FEBFFFECFE153A209000000A580B501E78
:10888000020002F5D50000E5150457D0804457D109
:10889000800332BFFFDCFE8467D1800D3A20902038
:1088A00000EC62246E409DCC690A724D770800BFCF
:1088B000FFBAFE0A580B501E020002A5ED80079475
:1088C00001F33A20904000BFFFA8FE0A58635ABA4D
:1088D0000580077C0120DEC0001B30BFFF60EA245A
:1088E000E6409D8467D180963A20906000EC62DC7F
:1088F000612C6F01008D7701000E30BFFF46EA84C6
:108900007FD180EC7ADC792F87010090CF733A20F9
:108910009080000100848FD180EC8ADC893197013E
:1089200000B29F01001330BFFF20EA8467D180ECC2
:1089300062DC61A33A2090A0002C6F0100AD7701AA
:1089400000CEC9D900847FD180EC7ADC792F8701F1
:1089500000908F03001130BFFF983A2090C000F6BE
:10896000E98497D180EC92DC91329F0100936703F8
:1089700000CCC9D90000D0846FD180EC6ADC696E6C
:108980003A2090E0002D7701008E7F0300E079C34C
:108990005520EEC0008487D180EC82DC81308F01CD
:1089A00000DA89B1572A3A209100000300FD51E214
:1089B0000D8497D180EC92DC91329F0100DA9913FB
:1089C000670300200E7E00E161DA15193A2091203C
:1089D0000020367E00BFFF90E9846FD180EC6ADC16
:1089E000692D770100DA71AE7F0300AF7E20008F22
:1089F00000493A209140000F30BFFF72E9D50D8445
:108A000087D180EC82DC81308F0100DA89B1970355
:108A1000001230BFFF58E9FF3A20916000849FD1D7
:108A200080EC9ADC9933670100DA61AC6F0300CD0A
:108A3000C9D9001A7601000ED09A00847F113A201D
:108A4000918000D180EC7ADC792F870100908F0330
:108A500000FA898BB53990419212C8D9001930BEFD
:108A6000FFE8D5153A2091A0001B30BFFF12E96442
:108A7000078480849FD180EC9ADC99135E05000BFB
:108A8000600C6F0000416A4B6F0C3A2091C00000EF
:108A900000BFFFB2E8BFFF22FD0A580B5037021992
:108AA00002BF076EFE00008007480124EE6083527B
:108AB0003A2091E0001D30BEFF7EDE0A58625A8ADD
:108AC000451D30BEFF26E1845F6183A535245E40ED
:108AD0009D8467D180CF3A20920000EC62CB612C5C
:108AE0006F01000D770000200E2500E171AA0D84B2
:108AF0007FD180EC7ACB7904824F87FE3A20922096
:108B000000080064079880A525245E409D848FD1CD
:108B100080EC8ACB8931970100129F0100045761D4
:108B200083923A20924000EA99AA0D8467D180ECA2
:108B300062CB61046A4C6F080064079880A50D95AC
:108B40000D200EA400E1590A3A20926000C2CD2007
:108B50000EFF00E15982E5BFFF7EFC0A58635AE22E
:108B60005524EE409D8477D180EC72DD711C3A2053
:108B70009280008E5F0900B545BFFFB6FD847FD1AE
:108B800080EC7ADD7906824F870800B545848FD165
:108B900080EC8A233A2092A000DD893197060024D8
:108BA0009F8480F391B91D8467D180EC62DD610CF4
:108BB0006F05008477D180EC72673A2092C000DDA7
:108BC000710E570400EA69B30D847FD180EC7ADD21
:108BD0007905824F87080064079880B505BFFF5468
:108BE0003A2092E0005EFDE51D248F9880200E2C37
:108BF00001E189B105BFFFC4FCD5152497988020F9
:108C00000E2C01E191C33A20930000B105BFFFB2E1
:108C1000FCC50DB50D0B98040AA199639AEB055399
:108C200000E7FFF0FFC2FFB8FF2302FA3A209320CB
:108C3000000502BF07BAFE0000F51D63370500837B
:108C4000370500245E409D8467D180EC62CB612CA7
:108C50006F883A2093400001008D770100E671CAC9
:108C60000D847FD180EC7ACB798F570900AA00D58B
:108C70000503570300A505613A209360000952449B
:108C8000063F008407210085E5852D6337010084B8
:108C9000EFD180BFFF72FB0A58635AC21DB93A2058
:108CA0009380006AEAA60500E81D60EC62246E402D
:108CB0009DCC692D7701008E7F010083870100F034
:108CC00079BA05913A2093A000015AB50D1D580BB1
:108CD0008E010011E89D00A497D180F259EAE500C9
:108CE000580B502402060285DD023A2093C00095FD
:108CF0002563370500833705000650A515045A443F
:108D00005F929A0162436703008515F50D056A1DA0
:108D10003A2093E000446F929A43070300950D8533
:108D20000DF505E505E051E2ED6152C2F5A5FDA3A3
:108D30005703004406D63A209400003F00840721E0
:108D400000E5DDA5051E020002E5FDA5051E0200E9
:108D500002E5FDA5051E020002E5FD953A209420DE
:108D600000A5051E020002E5FDA5051E020002E5A4
:108D7000FDA5051E020002E5FDA5051E020002E597
:108D8000FD743A20944000A5051E020002E5FDA5F1
:108D9000051E020002E5FDA5051E020002E5FDC557
:108DA00005BFFFFA691E02F73A209460000002C571
:108DB000FDA5051E020002E5FDC505640775841EBC
:108DC000020002C5FD850D2036C00080FF413A201B
:108DD0009480004E010A580B501E02000285FD804F
:108DE00007360163370500633F090063470D002321
:108DF000470D00E63A2094A00000E868070100E370
:108E0000570900E051BB058007060163470D0024A8
:108E10005F7584957523E70500463A2094C0009C51
:108E20006701000C58A5352036DB0080FF00010AE1
:108E300058E059BA051D58A575016A646F758479A3
:108E40003A2094E00063EF0200C52D2036DB00805D
:108E5000FFE2000A58E059BA051D58B56502726470
:108E600077758463EF113A209500000200D51D0C40
:108E70003080FFC6000A58E059BA051D58D5554143
:108E8000E21D7E01000FE8DD0063E7003A20952037
:108E900000050063EF0200B50DA50D200EC000E136
:108EA00059C2CD200EDB00E159F2D5D5E5E3EF0341
:108EB000000E3A20954000C5352036DC0080FF8644
:108EC000000A58E059BA051D58D5352387050041D9
:108ED00082638705001D8EF53A2095600001001120
:108EE000E8DD0064077584F51D2036DD0080FF5C39
:108EF000000A58E059BA051D58852523975D3A2088
:108F000095800005004192639705001D9E010013A6
:108F1000E8DD0064077584A50DE3EF0300F505E0C7
:108F200059F28DC33A2095A000615A82D5625AB297
:108F3000E5E36F0900EDE9C18523470D0001726883
:108F40007701001D580B504806E73A2095C000FFF6
:108F5000008807E100BF07CAFE0000A5356337019E
:108F60000024577184E051CA1524366C8480FFD0E8
:108F70003A2095E00036040A58645F7184E059BADB
:108F8000050060F51D64076984246F6D84E069BA8B
:108F9000050060F5155F3A20960000247769842467
:108FA0007F6D84EF71B1050060F50D245F69840B5E
:108FB00086010064876984248F7184343A20962066
:108FC00000CB89839701005197000001620C501F6C
:108FD000020102E5CDE50D24577184E051920D2484
:108FE00037B13A209640007184243F698480FFEEB7
:108FF00003640771841E020002A5F5950D63370115
:1090000000235F01000B303E3A2096600080FF4055
:109010004E1F020102F5F50000851D013280FF3070
:109020000080FF241680FFDC0A80FF0405A53A209B
:1090300096800080FF4C0C80FF500780FF140D804D
:10904000FF900EBFFFDCFD023280FF0A001E02000F
:109050000285ED783A2096A000955D6337010023E4
:109060003701000650853DC407BC91F54DC40FBCC7
:1090700091C54DC417BC91954D143A2096C000C4BB
:109080001FBC91E545C427BC91B545C42FBC918553
:1090900045C437BC91D53DC40FBD91A53DC40FC497
:1090A0003A2096E000BD91F535C43FBC91C535C46A
:1090B00007BD919535C417BD91E52DC41FBD91B570
:1090C0002DC427BD913E3A20970000852DC42FBDA9
:1090D00091D525C437BD91A525C43FBD91F51DC4CB
:1090E00007BE91C51DB51D0A58010AAB3A2097204D
:1090F00000A159200E1100E159CB154B00C1FFC44E
:10910000FFC7FFCAFFCDFFD0FFD3FFD6FFD9FFDCDB
:10911000FF843A20974000DFFFE2FFE5FFE8FFEB26
:10912000FFEEFFF1FFF4FF1F020102F5A50000C5ED
:1091300005C43FC0911E02C93A209760000002C5D5
:10914000FD850D63370100233701004437BF911FB0
:1091500002010285FDC525633705002337493A2002
:109160009780000500C4F7C091EA6700006162FAC9
:1091700015200E5E01E131B1050050A515205E5E9F
:1091800001645F963A2097A000E6956407E895642D
:109190005F489764074A9724568894D5052357015A
:1091A00000A505005044063F00EA3A2097C000841D
:1091B000072100B5DD0000F51563370100233701F5
:1091C00000633F0500233F0500E65FC3022066AD54
:1091D0003A2097E0005E01AB61676701000668ED29
:1091E00077C302C6710E5662012002020295ED009D
:1091F00000B52D6337763A2098000001002337012F
:1092000000633F0500233F0500634709002347092A
:10921000000058E041B31D06602C6F6E3A20982084
:10922000005E015F6A666F5E01E65761010A7601C2
:1092300000667760010678CA790780CB81108F00BD
:10924000003B3A209840004F8F00000B960100121F
:1092500058CB00E859F1E521020302D5D50000E51D
:109260000563370100C41F023A20986000C0911FB7
:10927000020102A5FDA50D63370100633F050063F0
:10928000470900C427C09121020302E5F5EC3A200A
:10929000988000E50563370100C42FC0911F0201CB
:1092A00002A5FDE505C4BFC1916407D8801E020078
:1092B00002A5FDF33A2098A000E505C487C2916499
:1092C00007DA801E020002A5FDE505C48FC2916485
:1092D00007DC801E020002A5FD7C3A2098C000E554
:1092E00005C43FC1916407D8801E020002A5FDE5B8
:1092F00005C407C2916407DA801E020002A5FD3191
:109300003A2098E000E505C40FC2916407DC801E96
:10931000020002A5FDA535C4FFC191EA5700006116
:1093200052BA0D245FA03A20990000D880200EFA8E
:1093300000E159D1056407D88080FF3A0FC4C7C245
:1093400091EA6700006162BA0D246FE03A2099202B
:1093500000DA80200EE803E169D1056407DA808035
:10936000FF0603C4CFC291EA7700006172BA0D24F0
:109370007FC33A20994000DC80200EE803E179D1D8
:10938000056407DC8080FFF6021E020002E5CDA521
:109390000D633701002337A93A209960000100C40A
:1093A00007C191660760011F020102E5F5E50D6343
:1093B00037010023370100C40FC191E65FAB3A20AB
:1093C0009980005F01E6676101AC590B501F0201F3
:1093D00002A5F5E51D6337050023370500633F0946
:1093E00000233F8D3A2099A0000900C417C191E6DF
:1093F0005F5F01E6676101AC59675F0100276F019C
:1094000000E069EA050050D505583A2099C00023CC
:10941000570100A505065046063F00860721009526
:10942000E50000E5156337010023370100633FC7FE
:109430003A2099E0000500233F0500C41FC19106B2
:1094400056600106582B6760010768CD00CD616644
:109450006760012002FE3A209A00000202A5EDE5B5
:109460000563370100C427C1911F020102A5FDE574
:109470000D6337010023370100C42F4D3A209A2095
:1094800000C191205E5E01665F0100245626931F95
:10949000020102A5F5C51D6337010023DF0100634A
:1094A0003F1E3A209A4000050023E70500C437C15B
:1094B0009100E8E0E1C30D1B50DD510A5F00008B15
:1094C000000B30BFFF58E06E3A209A600041EAFC82
:1094D000E9E1F5BFFF0EE02F021102C5E5E51563D6
:1094E000370500E35F05000B3080FF544A2E3A2019
:1094F0009A80000A58635F0100E059DA05203612AD
:1095000000BFFF12FC235F01000B5044063F0084A4
:10951000072100423A209AA00095ED0000F515635E
:10952000370500E35F050001320B3880FF464A0A29
:1095300058635F0100E059DA05723A209AC00020B2
:10954000361200BFFFDCFB235F01000B5044063FD7
:10955000008407210085EDB50D6337010023374DE9
:109560003A209AE00001002A06FFFF00006657003B
:10957000001F020102D5F50000A52D63370100236D
:10958000370100633F223A209B00000500833F051E
:10959000002A06B04D0000E66F01000D702771CE65
:1095A000760F00C172CA71EE7F0100B23A209B2093
:1095B000000D80A48230790F600788A48A2C89D19D
:1095C0008E0F00C18ACA89F19701000C98A49A33C2
:1095D00091AD3A209B40001258665F0000200202C5
:1095E00002E5D5F51563370100E3370100005000AF
:1095F00058C15ACB00C6667C3A209B600001000C23
:10960000590668A16A0D300A7601000E50CA006F33
:1096100052B7F50B501F02010295ED0000B23A203F
:109620009B8000E515BFFF2EFDBFFF1AFD80FF8E5A
:1096300000C4A7E59EC407E49EBFFF3AFDC4E7E56A
:109640009ECA05D33A209BA000013280FFEA016444
:109650000781841E020002A5EDE50580FF6600017A
:109660005A0B501E020002A5FD9B3A209BC000F53C
:10967000156337010083370100045F7884645AD989
:109680000D845779840A6601008C0044677884A6AB
:109690003A209BE000246E7984CA694D37000001AE
:1096A000521F02010295ED0000A5051E020002E511
:1096B000FDC50D24364C3A209C0000798480FF3A89
:1096C000010A580B3080FF4A0080FF0A001E02008A
:1096D00002C5F5C50D4407788444075E3A209C20F6
:1096E00000798444077A8444077B8444077C841E81
:1096F000020002C5F5D505053280FF1C001E0200E0
:10970000029F3A209C4000B5FD0000D5050632803E
:10971000FF0C001E020002B5FD00009575633701C5
:109720000023370100245F5E3A209C60008184A5FD
:10973000650658E51DC4E7E59ECA05013280FF1C99
:1097400001BFFF5CFCC51DC4A7E59E02328F3A2015
:109750009C800080FF0C01E5150332BFFF18FA035F
:109760003280FFFE00BFFF4EFC015264578184A58A
:109770000D950D183A209CA000850D615AB2ED623E
:109780005AF2ED655AE2DD85FDA5450658A51D0393
:109790003280FFD400BFFF24FCAD3A209CC000857E
:1097A00025023280FFC800C51D043280FFC000853D
:1097B0001D0432BFFFCCF9C487E49E02626467B126
:1097C0003A209CE0008184F50DE50DD50D0B680174
:1097D0000AA169656AABFD4D00E7FFF8FFEBFFEFFB
:1097E000FFF8FFE1FFB13A209D0000A51D0658A536
:1097F0000D043280FF8400A50D0532BFFF90F9E50E
:1098000005D505615AA2FD635AC2F5763A209D201E
:1098100000A50D950D850DE059E29D615AB2C56216
:109820005A92ED85FD1F020102F58D0000E52563CA
:10983000374C3A209D40000100045778846452DA86
:109840001D3D06E04D0000400E00002167E54DE0A3
:1098500061C21523370100133A209D60003D6F055A
:10986000000D38044280FFE0470A58E059CA053D20
:109870005F0100F50548EA3D770500E071C43A2034
:109880009D8000EAED00580B5024020602A5DDA5DC
:109890002563370100233701000658F50DC40FE496
:1098A0009EE5151A3A209DA000C417E49EB515C484
:1098B0001FE49E8515C427E49ED50DE50DB50D0B5F
:1098C00050010AA1516352ABFDC53A209DC0004A28
:1098D00000ECFFEFFFF2FFF5FFBFFF8EF91F020163
:1098E00002E5DDF50580FFC202015264578D84F464
:1098F0003A209DE0001E02000295FD0000B50D63B8
:10990000370100835F01000B3080FF10000A580B05
:10991000501F020102C43A209E0000D5F5000080CD
:1099200007C0016337090083670900245F8D8480C5
:109930000786010632BFFF86F800582C3A209E2089
:109940000080079E0144678684025264578D84809C
:10995000078E0144678784036A646F8D8480078063
:1099600001023A209E400044678884047264778D27
:1099700084800772014467898480FFDA020A58E014
:10998000599A0D0E32BFFF9C3A209E600042F80AA1
:109990007A647F8D8480075401C4C7E49EB2158029
:1099A000FF8A020A58615AEA0580FF3002B83A205D
:1099B0009E80000A58E059920D0932BFFF18F80A3C
:1099C0008264878D8480072A0180FF7A020A5820EA
:1099D0000E2C018D3A209EA000E159970D0C32BF4C
:1099E000FFFAF70A8A648F8D8480070C0180FFF8E4
:1099F000010A58E059D21580FF323A209EC0002A51
:109A0000020A582497E59ED8929D92F259C20D0DF4
:109A100032BFFFCEF7099A649F8D84C407E59E3C50
:109A20003A209EE000BFFF78F8C56D80FF2A0263F0
:109A300057060080FFBE016357010080FF06020A3F
:109A4000580B30233F183A209F00000100E34707DE
:109A50000080FFD20380FF06020A58E059F2056435
:109A6000078484056A646F8D84B50D1A3A209F209F
:109A70000080FFA0010A58E059E2770000C1724659
:109A80007264778D84C5450C3080FFF0030A58E07E
:109A900059E33A209F4000BA050058D53D247F8401
:109AA00084417ACF00647F848480FFBE010A58E439
:109AB000878584EB81BA0D713A209F600080FF603A
:109AC000010A58E059E28F0000C18A468A648F8DEE
:109AD00084C525079264978D848525089AFB3A20D2
:109AE0009F8000649F8D84C51D20361000BFFF1627
:109AF000F70A6A646F8D84C515B515A5150B706AD4
:109B000072B305D53A209FA000BF0778FE4E0039FA
:109B1000FF3FFF46FF4DFF54FFC8FFE8FFECFFF09B
:109B2000FFF8FFF8FF015A0B50913A209FC0004602
:109B3000063F0086072100BF0740FEC565245F8DF4
:109B400084E5550F32BFFFCAF680FFBE00F555060B
:109B50003A209FE00024578D8468528A3580FF1494
:109B6000010A58E059B20580FF7A0380FFB6000A67
:109B700058E059C225C33A20A000002467E59ED8CA
:109B8000629D624162246FE59ECC660700C562203B
:109B90000E1FFF41690C69646FE59E1F3A20A020EB
:109BA00000D86A9D6ACD6E07002477E59ECD6E07CA
:109BB00000C56A200E1FFF41710D716477E59EC4D8
:109BC00007613A20A04000E59EBFFF16F780FF8E98
:109BD000000A58247FE59ED47A9D7AEF5992158029
:109BE000FF7C000A582487C13A20A06000E59ECB84
:109BF0008E0700C98A200EFFF1418111816487E53B
:109C00009EBFFFE4F6A50D950D850D655A8D3A2092
:109C1000A08000A2AD685AE2AD695AC2AD85FD01CF
:109C20009264978D841E020002C59DF50580FFEAAF
:109C3000020152913A20A0A00064578D841E0200B8
:109C40000295FD0000850DC4FF8684B2050152A572
:109C50000500501E02000285FD193A20A0C00085B3
:109C60000DC4F78684B2050152A50500501E0200FE
:109C70000285FDF505845F8784A35ACB56070074DF
:109C80003A20A0E0001E02000295FD0000850D04B0
:109C90005F8684CB5E07000B50CA001E020002855F
:109CA000FD850D045FBF3A20A100008784CB5E0FC5
:109CB000000B50CA001E02000285FDC50DA45F877F
:109CC00084A45ACB5E0F0084678984253A20A120A2
:109CD00000C462CC590B501E020002C5F5951584D4
:109CE0005F8784A4678784CC59846F8984CD592B7E
:109CF00058213A20A140008B00A4778984EE59E2D4
:109D00005700001E020002F5ED0000C50580FF426D
:109D1000011E020002C5FD583A20A16000E51D6346
:109D2000370100633F05006347090080FF2A01E314
:109D30005701008A0044579484236F05002F3A206E
:109D4000A18000646F9184E3370900BFFFF0F50A3A
:109D5000606467A584E061EA5F00000B50210203A4
:109D600002A5E51C3A20A1A000F5456337010024B7
:109D700057A584E051BA050058D53D2467A184E079
:109D800061DA1D2437A584243EFE3A20A1C0009844
:109D900084BFFF06F60A58645FA184E059BA050043
:109DA00058C52D246F9984E069AA0D2437A584E94C
:109DB0003A20A1E000243FA1840040BFFF16F60036
:109DC00058F51D64079D8424779D84247F9984EF32
:109DD00071E90D245F823A20A200009D840B860168
:109DE0000064879D84248FA184CB898397010051CF
:109DF000970000249F9D8424679984C43A20A22060
:109E000000EC99B10580FF1000015A0B501F0201B0
:109E10000295BD0000D5152457A584E051AA05F58B
:109E20000DB83A20A24000245FA184E059B20D246D
:109E300037A584243FA18424479D84BFFFA8F564EF
:109E400007A1841E020002B93A20A26000B5ED000D
:109E500000F5152457A584E051AA059515BFFFC448
:109E6000FF2437A584BFFFE0F52437A584E83A2016
:109E7000A28000843F958424479184BFFFE0F58051
:109E8000FF28001E02000295ED0000C50D2457A515
:109E900084E051DD3A20A2A000D2052437A584BF7A
:109EA000FFDAF580FF0A001E020002C5F5A50D6469
:109EB00007A5846407A1846407103A20A2C0009D0E
:109EC00084640799841E020002E5F5C505C4AFE568
:109ED0009E1E020002C5FDD52563370100E36F4ECB
:109EE0003A20A2E0000100633F05002367050063FC
:109EF000470900E35F0900616AEA05E061CA05C439
:109F00002FE59EB5052F3A20A30000C4AFE59EC4FF
:109F1000EFE59ED205BFFFA6F80A58F5050D300CF7
:109F2000380B40BFFF48FE0A580B50F53A20A320DB
:109F30000021020302B5DD0000B51563370100837F
:109F40005F0100C4EFE59EE2050B30BFFF86F80A13
:109F500058253A20A34000D5050B30BFFF5CFE0A10
:109F6000580B501F020102D5ED0000A50DC4EFE50E
:109F70009EC205BFFF98F8303A20A36000B505BF28
:109F8000FFD2FE1E020002E5F5A50DC4EFE59EC25C
:109F900005BFFF88F8B505BFFFEAFE1E022C3A2078
:109FA000A380000002E5F5A50DC4EFE59EC205BF44
:109FB000FF8CF8B505BFFF06FF1E020002E5F5D5D0
:109FC0000501524A3A20A3A0006457A9841E02004A
:109FD00002B5FD0000852D6337050023DF05006312
:109FE0003F090023E7090000E8E33A20A3C000632B
:109FF000070100FCE9D9151B5700008A000A30232D
:10A000003E000080FF30000A58E059AA05950D0D6A
:10A010003A20A3E00041EA41DA23670100E061BA97
:10A0200005FCE9D1EDBFFF44FE1D580B504606FF6D
:10A03000108607E110403A20A40000F5D50000800A
:10A040000710016337010083670100633F050023A8
:10A05000EF05007D070100245FA984613A20A42058
:10A0600000D56D0632BFFF7CF20058B575200EC0DA
:10A0700000E161FA050732BFFF6AF203526457A993
:10A0800084353A20A44000F565200EC000E161CA85
:10A0900005036A646FA984F55D200EC000E161AA22
:10A0A00005A55D04726477B23A20A46000A98420FB
:10A0B0000EC000E161CA0DBFFF62FB027A647FA996
:10A0C0008401827D870100015AA54D9515823A20B1
:10A0D000A48000200EDB00E161DA05058A648FA907
:10A0E00084950D0C30BFFF56F90A58E059BA0500A7
:10A0F00058953D743A20A4A000F535200EDC00E10F
:10A1000061EA0D2036C000BFFF3AF90A58E059BA9B
:10A11000050058B52D04926497033A20A4C000A905
:10A1200084A51D200EDD00E161EA0D2036DB00BFB5
:10A13000FF18F90A58E059BA050058A51D049A37C6
:10A140003A20A4E000649FA984950DBFFFB2FB08EC
:10A1500032BFFFB4F1016A646FA984C50DB50D0B60
:10A16000706572AB95F13A20A500004E0090FF9506
:10A17000FFA0FFA8FFB0FFD0FF015A0B5025020738
:10A1800002BF07F2FE0000E525BFFFA23A20A5208E
:10A190000072F36407B1844407AE844407AD84249D
:10A1A000EEB8841D3080FF18060A58E059F2051DEC
:10A1B00030063A20A5400080FF0C060A58E059BA44
:10A1C000FD24EEB4841D3080FFFC050A58E059F2EE
:10A1D000051D3080FFF005AE3A20A560000A58E06A
:10A1E00059BAFD23020502A5DDB56D6337010023D1
:10A1F000D70100633F050023DF05006347CB3A200A
:10A20000A58000090023EF0900C4C7E49EE2050A07
:10A2100032BFFF12F10058D55561EAFB0562DAD171
:10A22000056FDA7E3A20A5A000BB05E0D1BA050093
:10A2300058B54DE0E9D20D2437B98480FF82060A73
:10A2400058645AE6050B32BFFFC43A20A5C000E2AD
:10A25000F00058D53D0C32BFFFDCF40A580BE0E0AB
:10A2600059BA050058C5357CD705003C670900D8A8
:10A270003A20A5E000DB6E0F00100A41610D617C01
:10A28000670900E0E9A21D3C770900847FAF84CF15
:10A290007E0700C47AE13A20A60000200E8FFF411D
:10A2A000710F717C7709008437AF8480FF500644BA
:10A2B00057AE842436B8841C3880FF573A20A62035
:10A2C000006605B50D24EEB4841D3080FF22050A1A
:10A2D000581D301C3880FF5005BFFF20F1015A0B7C
:10A2E00050543A20A6400035021702D5950000C50B
:10A2F0000D80FF1E0063570100BFFFE2EF235F01E7
:10A30000000B5042063F00223A20A660008207213F
:10A3100000B5F500008007D601245FB1848007A254
:10A320000180FF700380FF04020A58E059343A208C
:10A33000A68000CA0500588007B401016A646FB1A5
:10A34000842477BC84200E2C01E171C3050132BF47
:10A35000FFC8F0EB3A20A6A00080079201BFFFD40F
:10A36000ED0A58E059CA05015A80078801027A644B
:10A370007FB184800778012487ED3A20A6C000E5EC
:10A380009ED8829D82C38210588B00C487E59EC4EC
:10A39000C7BE84A20D248FC18431970900D992C809
:10A3A0003A20A6E0009D92129680001259445FACBC
:10A3B000840B3080FF36040A58E059CA05015A80E0
:10A3C000073E01039AA93A20A70000649FB1848048
:10A3D000072E01E4EFBD84C4EA9D00C4CFBE84F221
:10A3E00005246FC584D86A9C6A0DE9063A20A72027
:10A3F00000850D2477C1842E7F0900DC7A9C7A0FBA
:10A40000E91D3080FFF2030A58E059CA05015A805D
:10A4100007803A20A74000FA000487AC84DD81441D
:10A4200087AC84048A648FB1848575E4EFBD84A40D
:10A43000EA9D001D3080FF303A20A76000C6030A65
:10A4400058E059BA05015AF5650497AC84DD91448A
:10A4500097AC84059A649FB184B55D846FE13A201E
:10A46000A78000AD842D688D000D3080FF9C030A0D
:10A4700058E059BA05015AA55506726477B184B5FA
:10A480004D2336793A20A7A000060080FFBE020ABD
:10A49000600C58E061B2150B30E33F070023460023
:10A4A00000BFFFD4EC0A580B30963A20A7C00080BA
:10A4B000FF1003237F0100E079BA05015AD535D595
:10A4C00015C4CFBE84FA0DC4C7BE84CA0D2487B29A
:10A4D0003A20A7E000C184308F05001130BFFF1C77
:10A4E000F22437C184BFFF64EE09926497B184C53A
:10A4F0001DBFFF7CECC03A20A800000A58E059BA02
:10A5000005015A851D6407B184A51595150B986939
:10A510009AB305BF075CFE53002BFFE23A20A82048
:10A520000043FF50FF75FF9BFFB0FFC0FF2BFF2BC9
:10A53000FFEFFFBF073AFE00580B5044067F008430
:10A5400007C43A20A840006100BF072AFE0000F5BA
:10A55000152457B984E051A2152467B9842C6F09DA
:10A5600000D96A9D6A0D58E43A20A86000A477AD2E
:10A5700084EE59F205445FAD84BFFFECEE80FFA48A
:10A58000021E02000295ED0000800762012F3A20B2
:10A59000A88000C487BE846407BC84C40FBE842422
:10A5A00057C584100A41516457C584246FC584205F
:10A5B0000E0FFFDF3A20A8A0004169646FC58464D4
:10A5C00007C184C4CFE49EAA0DC4D7E49EFA05C493
:10A5D000DFE49ECA05C4E7E49E193A20A8C000A2A1
:10A5E0003D04726477BC84247FC584200E0FFF4134
:10A5F000798F7E1000647FC584C4CFE49E920D29BC
:10A600003A20A8E000C48FE49E3006D04D000064DC
:10A6100087C1849525C4D7E49E920DC497E49E31EA
:10A6200006D44D0000553A20A90000648FC184E58E
:10A6300015C4DFE49E920DC49FE49E3206D84D00FF
:10A64000006497C184B50DC4E7E49ED03A20A920E8
:10A6500000820DC4A7E49E3306DC4D0000649FC158
:10A66000840162C5552437B58480FFFC020A58E096
:10A6700059C83A20A94000C71DC48FBE842436B4EF
:10A680008480FF7E026457C184246FC1842D7705C6
:10A69000000E30BFFFFCEF853A20A96000247FC187
:10A6A000842F8705001030BFFF06F00A58645FBC96
:10A6B000840162A5352437B984A43FAD84F23A20E1
:10A6C000A9800080FF74020A600C58E061A225C4D2
:10A6D0008FBE84645FC184A437AD8480FFC8024408
:10A6E00057AD842E3A20A9A000248FC1843197054C
:10A6F000001230BFFFAEEF249FC184336F05000D01
:10A7000030BFFFB8EF0A58645FBF3A20A9C000BC51
:10A7100084C407BE8480FF4E010162F505C4C7E50D
:10A720009EB2050162A50500600C501E0200024F9A
:10A730003A20A9E000BF07A0FEC53D2437B98480B8
:10A74000FF4A020A58E059AA05B5352467E59ED4A8
:10A75000629D628C008B3A20AA00000C3080FF7A48
:10A76000020AD02437B9841A3880FFE6010A58E07B
:10A7700059AA05952524EEB8841D30363A20AA2022
:10A780000080FFA8010A580BD8E059821D3B6F09D1
:10A7900000D96A9D6A0DE03B7705000E30BFFFC807
:10A7A000EF7D3A20AA40001B30BFFF12ECFCD1AA7B
:10A7B00005850D1D3080FF7A010A580BD8E059AA93
:10A7C000ED32021402C5C5B13A20AA6000D5356346
:10A7D00037050023EF0500C4CFBE84C21D2457C532
:10A7E00084DC529C52E46FBD84ED51A915F23A20ED
:10A7F000AA80002477C584DC729C72247FBC84AE5E
:10A80000797D7F00002487C584DC829C822467C117
:10A8100084D061FF3A20AAA000A515006085152408
:10A820008FC184319705001230233E0000BFFFDC4A
:10A83000EE0A58239F01007D9FB13A20AAC0000074
:10A84000000B600C5044067F0084076100A5CD8595
:10A850002563370100E35F0100C4CFBE84821594F5
:10A860003A20AAE0002457C584DC529C52CB5124E4
:10A8700067C584CA560F00100A41610A616467C542
:10A8800084950D246FE73A20AB0000C1842D770535
:10A89000000E300B38BFFFCAEE1F02010285E5E54E
:10A8A00005BFFF7AEDBFFFA6ED1E02423A20AB20A6
:10A8B000000002A5FD95156337050023360400014D
:10A8C0003A23460000BFFF58E90A606162E25F0078
:10A8D00000BA3A20AB40000B5044063F00840721E9
:10A8E00000E5ED951D63370100235F01000B30800B
:10A8F000FF70000A580BE8443A20AB6000E059B200
:10A900000D3D6705000C30BFFF9AEE1D30BFFFE420
:10A91000EA015AA50500580B5024020602F33A201A
:10A92000AB8000F5E50000F51D633701002337011A
:10A9300000633F0500233F0500265F0100E059CA80
:10A9400005663F923A20ABA0000100F50D265701A5
:10A95000002A670100E061F2052A5701002A6F0111
:10A9600000E069BAFD6A3F0100843A20ABC00020D4
:10A9700002020295E50000B5156337010023370197
:10A980000026670100E061BA050050850D265F20B2
:10A990003A20ABE00001002B6F0100666F01000B55
:10A9A000501F020102D5ED0000E51D6337010023B1
:10A9B000370100633F083A20AC00000500833F05E3
:10A9C00000E031BA0500509515E031E20D265F092F
:10A9D00000D95A9D5AE759BA050650913A20AC2041
:10A9E00000F505266701000C30E031CAF500502063
:10A9F000020202A5E5B51563370100233701000007
:10AA000058683A20AC4000E031A20D266701000CE6
:10AA1000300B6E01000D58CB00E0318AFD0B501F4A
:10AA2000020102D5ED0000E73A20AC6000C50D63DD
:10AA300037010083370100065E01008B000B30C632
:10AA40005607001F020102C5F5C50D6337143A20F1
:10AA5000AC8000010083370100065EFFFF8B000B16
:10AA600030C65607001F020102C5F5D50D2436E495
:10AA70009E0038D93A20ACA000044280FFCA380AB0
:10AA800058C407E49EC427E59E1E020002B5F500E7
:10AA900000850D63370100633F153A20ACC0000507
:10AAA00000245639A02002020285FDD545633701F6
:10AAB00000633F0500833F050007509525A53D5ED7
:10AAC0003A20ACE000953D845705AAF50D035A44A1
:10AAD0005F04AA2467EA800C6632006467EA806437
:10AAE00007F080E505B53A20AD0000D505C5056441
:10AAF0005292F5C5FD046FE080416A446FE080F535
:10AB00001DE51DD51DC51DB51D0A70CB3A20AD2014
:10AB100000200E2200A171200E1000E171BB154E25
:10AB200000F3FFD9FF11001100D8FFF4FFF5FF116A
:10AB300000483A20AD400011001100110011001131
:10AB400000110011001100D7FF005020020202B5D1
:10AB5000BD0000F50D6337113A20AD6000010063C0
:10AB60003F0500045704AA6452CA05055A445F040D
:10AB7000AA6407EA802002020295F50000683A20E4
:10AB8000AD8000E50563370100633F050020020248
:10AB900002A5FDE50563370100633F0500200202C1
:10ABA00002A5FDCB3A20ADA000E5056337010063A7
:10ABB0003F050020020202A5FDF505633701006391
:10ABC0003F0500005020020202ED3A20ADC0009582
:10ABD000FD0000F50563370100633F0500005020CC
:10ABE00002020295FD0000F50563370100633F6630
:10ABF0003A20ADE000050000502002020295FD0061
:10AC000000D5056337010000501F020102B5FD00A9
:10AC100000D5056337373A20AE0000010000501F11
:10AC2000020102B5FD0000D5056337010000501F89
:10AC3000020102B5FD0000D5056337FC3A20AE20C5
:10AC400000010000501F020102B5FD0000850D63E8
:10AC5000370100633F05002456EA9E200202028568
:10AC6000FD6D3A20AE4000A51563370100633F0536
:10AC700000045714A76452FA05055A445F14A7014B
:10AC800032BFFFDE766407BE3A20AE6000EC802063
:10AC9000020202E5EDE50563370100633F05002090
:10ACA000020202A5FDE50563370100633F533A2028
:10ACB000AE8000050020020202A5FDE50563370114
:10ACC00000633F050020020202A5FDE50563370190
:10ACD00000633FCA3A20AEA000050020020202A590
:10ACE000FDF50563370100633F05000050200202B7
:10ACF0000295FD0000F5056337ED3A20AEC0000176
:10AD000000633F050000502002020295FD0000F59F
:10AD10000563370100633F05000050200202021066
:10AD20003A20AEE00095FD0000F5056337010063B1
:10AD30003F050000502002020295FD0000D545634A
:10AD4000370100633F253A20AF00000500833F052F
:10AD50000007509525A53D953D845715A7F50D0392
:10AD60005A445F14A72467EC800C66E33A20AF20B6
:10AD70000032006467EC806407F280E505D505C504
:10AD800005645292F5C5FD046FE180416A446FE1AC
:10AD900080AB3A20AF4000F51DE51DD51DC51DB5A2
:10ADA0001D0A70200E2200A171200E1000E171BB5F
:10ADB000154E00F3FFD9FFE33A20AF6000110011F8
:10ADC00000D8FFF4FFF5FF11001100110011001170
:10ADD000001100110011001100D7FF0050323A207D
:10ADE000AF800020020202B5BD0000D50563370127
:10ADF0000000501F020102B5FD0000D505633701B8
:10AE0000000050B93A20AFA0001F020102B5FD00BA
:10AE100000D5056337010000501F020102B5FD0097
:10AE200000950D63370100633F413A20AFC0000534
:10AE30000063470900005021020302F5F50000D528
:10AE4000056337010000501F020102B5FD0000BC80
:10AE50003A20AFE000850D63370100633F05002411
:10AE60005688A12002020285FDD5456337010063A3
:10AE70003F0500833F143A20B000000500075095BD
:10AE800025A53D953D8457F5ACF50D035A445FF477
:10AE9000AC2467EE800C6632006467E03A20B02094
:10AEA00000EE806407F480E505D505C5056452927F
:10AEB000F5C5FD046FE280416A446FE280F51DE54F
:10AEC0001D8D3A20B04000D51DC51DB51D0A70204E
:10AED0000E2200A171200E1000E171BB154E00F38F
:10AEE000FFD9FF11001100D43A20B06000D8FFF460
:10AEF000FFF5FF11001100110011001100110011E8
:10AF00000011001100D7FF0050200202022D3A204C
:10AF1000B08000B5BD0000F50D63370100633F054B
:10AF2000000457F4AC6452CA05055A445FF4AC649B
:10AF300007EE80FF3A20B0A0002002020295F50043
:10AF400000D5056337010000501F020102B5FD0066
:10AF500000E50563370100633F1E3A20B0C00005DD
:10AF60000020020202A5FDC505633701001F020192
:10AF700002C5FDC505633701001F020102C5FD0DB5
:10AF80003A20B0E000F55563370100233701006334
:10AF90003F0500233F05006347090083470900631D
:10AFA0004F0D00834FEB3A20B100000D0083671571
:10AFB00000835F190083571D00EA49D1050A6EFF1F
:10AFC000FF8D000D48EB41D1050B764D3A20B120A5
:10AFD00000FFFF8E000E400058077F0000E07992CE
:10AFE000250880F0864400C681CB81C9810788CBC3
:10AFF00089453A20B1400011970000509700000B9E
:10B000009E01001358CB000B68C969EA69F6050A6E
:10B0100076FFFF0E58CB00DE3A20B160000048F505
:10B02000050778CB790F8F0000E0899AE50880F05A
:10B03000864400C68110500A90CB91C9910B3A20EA
:10B04000B18000520700004A674300C607ED0222A4
:10B0500002040295AD000080079205845F15A78069
:10B0600007D8011D3A20B1A000C4C715A7EA5700B0
:10B07000006152AA75C48715A7640716A70060244B
:10B080003EEA9E246E28A4E447333A20B1C000175C
:10B09000A7087E0100647F16A70780C8815067005B
:10B0A00000E43717A7068E0100648F16A70C90499D
:10B0B0003A20B1E000F2964400CD9112700798C694
:10B0C000990E5743005357000000580E7F0000E0D0
:10B0D00079A22D2036F03A20B200004F01E4771714
:10B0E000A70E860100648716A70788CE890C90F208
:10B0F000964400CD91CB91129F0000CF3A20B22010
:10B1000000519F0000E45717A7E651E605017A4475
:10B110007F14A78007F2040B86010010588B000CE7
:10B12000906C3A20B24000F2964400CD91CB91123F
:10B130008F0000E089AADD20364F01E45F17A70BDE
:10B140009E0100649F16A7C63A20B260000750CB4C
:10B1500051037A4A7F0000E48717A7E681E60501DC
:10B1600092449714A78007AC040C8E01009F3A20EC
:10B17000B2800011608C006562C69D019A449F14E4
:10B18000A78007FA002457C197DD529D52E051EA8B
:10B19000056407513A20B2A000E680027A447F1489
:10B1A000A7053280FF1605D56D2487E680200E6442
:10B1B00000E181E30D0332243E8F3A20B2C000EA61
:10B1C0009EE44717A7BFFF0AB90A58E059CA050409
:10B1D00092449714A7955D248FC197DD8A9D8A5B61
:10B1E0003A20B2E000E089BA0D249FF280247FEC7F
:10B1F00080EF99C3050182448714A7B5054407145D
:10B20000A7E54524571C3A20B300008C80E051EAA2
:10B2100005440714A70030BFFF2C726407B280A555
:10B220003D24978C80E091FA0544076E3A20B320C4
:10B230000014A70030BFFF1472F515248F8C8020F6
:10B240000E581BE189E3053306FFFF0000649F8C65
:10B2500080DC3A20B34000247FB280200EBC02E1A3
:10B2600079E3056407B2800382448714A72457A5B5
:10B2700097D3529B526852BF3A20B36000DA05243C
:10B2800097F88064978C80F50D440714A7C50DB519
:10B290000D0B88658AABFD510012FF8BFF023A202F
:10B2A000B380009AFFAEFFC1FFCDFF845F05AA8087
:10B2B00007C601C4C705AAEA7F0000617AB205800B
:10B2C00007FA00453A20B3A000C48705AA64070620
:10B2D000AA0060243639A0203E4F01246E28A4E441
:10B2E0005F07AA0B8601006487683A20B3C0000696
:10B2F000AA0650CB514A670000E47707AA0E9601D0
:10B3000000649706AA0688CE890C98F39E4400E054
:10B310003A20B3E000CD99137F3303517F0000E45E
:10B320008707AAE781E6050152445704AA80072C43
:10B330000300580C909A3A20B40000F2964400CDD5
:10B3400091129FF002E099822DE47707AA0E8E01F8
:10B3500000648F06AA0678CE790C809A3A20B42031
:10B3600000F0864400CD81CB811057F0024F57008A
:10B3700000E49707AAE791E605019A449F04AA8092
:10B3800007773A20B44000E6020B8E010011588B7B
:10B39000000C80F0864400CD81CB81107FF002E06C
:10B3A00079AADDE45F07AA413A20B460000B560198
:10B3B00000645706AA0690CB91039A529F0000E4BE
:10B3C0008F07AAE789E6050182448704AA043A2088
:10B3D000B480008007A4020C7E01000F608C006521
:10B3E00062C6950152445704AA856D2497C197DD22
:10B3F000929D92983A20B4A0001258B50D6407E4CB
:10B4000080029A449F04AA9515440704AAE50DD525
:10B410000D0B88010AA189658A363A20B4C0008BD9
:10B42000FD5100F0FFF0FFF0FFF6FFF0FFF0FF0A24
:10B430003280FFEE02854D247FE480200E6400DD23
:10B440003A20B4E000E179E30D0132243E39A0E472
:10B450004707AABFFFE2B60A58E059CA050492445A
:10B460009704AAC535DF3A20B50000249FC197DDB7
:10B470009A9D9A1358F50D248FF0802487EA80F066
:10B4800089C305017A447F04AA9515E63A20B520C0
:10B4900000440704AAE50DD50D0B50010AA1516522
:10B4A000528BFD4A00ECFFECFFECFFF6FFECFFECEB
:10B4B000FFD13A20B54000B515A515440704AAF5FB
:10B4C0000D440704AAC50DB50D0B98659AABFD5345
:10B4D000001BFF9FFFBFFFCC3A20B56000D3FFF4F5
:10B4E000FFF5FF845FF5AC8007A601C4C7F5ACEAA1
:10B4F0008700006182B2058007F800C4875F3A20A8
:10B50000B58000F5AC6407F6AC006020369E0224DE
:10B510003E88A1246E28A4E45FF7AC0B7E01006492
:10B520007FF6ACC93A20B5A0000750CB514A67005E
:10B5300000E477F7AC0E9601006497F6AC0798CE5E
:10B54000990C88F18E4400CD89743A20B5C0001161
:10B5500087230653870000E47FF7ACE679E6050110
:10B56000524457F4AC80074E0100580C90F296A05C
:10B570003A20B5E0004400CD91128FE005E08982C9
:10B580002DE477F7AC0E9E0100649FF6AC0780CEE9
:10B59000810C78EF7EF43A20B600004400CD79CBE0
:10B5A000790F57E00550570000E497F7ACE691E6B5
:10B5B00005018A448FF4AC800708015C3A20B6206C
:10B5C000000B9E010013588B000C78EF7E4400CDD9
:10B5D00079CB790F87E005E081AADDE45FF7AC0B5A
:10B5E00056013A20B6400001006457F6AC0790CBF4
:10B5F00091038A528F0000E49FF7ACE699D60501CB
:10B600007A447FF4ACB565B33A20B660000C86018D
:10B610000010608C006A62D69501524457F4AC95D4
:10B620005D2497C197DD929D921258B50DA73A20DF
:10B63000B680006407E880028A448FF4AC850D442C
:10B6400007F4ACD505C505645AD2F5A5FD0F3280C7
:10B65000FF2401AB3A20B6A000A545249FE8802036
:10B660000E6400E199E30D0232243E88A1E447F71D
:10B67000ACBFFF18B50A58E059C63A20B6C000CA98
:10B6800005047A447FF4ACE52D2487C197DD829DC3
:10B69000826482BA0D2497F480248FEE80F191A801
:10B6A0003A20B6E000C305019A449FF4ACB50544C6
:10B6B00007F4ACB51D2457C197DD529D526452B2B8
:10B6C000054407F4ACA43A20B70000A5154407F4DC
:10B6D000ACF50D4407F4ACC50DB50D0B78657AAB30
:10B6E000FD4F002BFFAEFFC5FFD9FF373A20B72033
:10B6F00000ECFFF5FF1E020002BF0770FA851D6314
:10B70000370100833701000650B50DC48715A7E542
:10B710000DCF3A20B74000C48705AAB50DC487F500
:10B72000AC850DF5056552D2F56A52E2F56F52F21D
:10B73000F51F02010285ED663A20B76000D52D6342
:10B740003701008337010006588525C48715A744B3
:10B750000714A7640716A7053280FF44003A3A2071
:10B76000B78000C51DC48705AA440704AA6407065C
:10B77000AA0A3280FF3000A515C487F5AC4407F44F
:10B78000AC6407D23A20B7A000F6AC0F3280FF1CA1
:10B7900000850DF505655A82E56A5A82ED6F5A8279
:10B7A000F51F020102B5D50000383A20B7C000D518
:10B7B0001D63370100833701004437F6800658E5E2
:10B7C0000D0332BFFF4CBE85150132BFFF44BE568C
:10B7D0003A20B7E000C50D0232BFFF3CBE850DF533
:10B7E00005655AA2F56A5AC2F56F5AE2F51F0201C1
:10B7F00002B5E50000D03A20B800008007E62263D9
:10B80000370D0083E70D00633F1100E3EF110000E7
:10B81000588457FB80FC51C20D0532E43A20B82011
:10B8200000BFFF40FF0A32BFFF06FF0F32BFFF001D
:10B83000FF44E7FA8064EF8C8064EFF8801C588046
:10B8400007443A20B8400042220A32BFFFE8FE20F7
:10B85000EE430005E224DE18A71B302706084E0041
:10B8600000004000480162F23A20B86000636701BE
:10B870000063E7050063EF0900BFFF74F81B302782
:10B88000061A4E000001420048016A636F813A20A7
:10B89000B88000010063E7050063EF0900BFFF56B1
:10B8A000F81B3027062C4E0000024200480172634C
:10B8B000770100253A20B8A00063E7050063EF098F
:10B8C00000BFFF38F81B3027063B4E000003420044
:10B8D00048017A637F010063E7BA3A20B8C00005E7
:10B8E0000063EF0900BFFF1AF8800718220A32BF71
:10B8F000FF5CFE20EE430005E224DE18A71B30DFCC
:10B900003A20B8E00027063D4E0000004000480104
:10B91000826387010063E7050063EF0900BFFFE86A
:10B92000F71B302706DB3A20B900004F4E0000011C
:10B93000420048018A638F010063E7050063EF0955
:10B9400000BFFFCAF71B302706614E313A20B920ED
:10B950000000000242004801926397010063E7057E
:10B960000063EF0900BFFFACF71B30243EAB91032F
:10B9700042B43A20B940000048019A639F01006335
:10B98000E7050063EF0900BFFF90F780078E210AEB
:10B9900032BFFFD2FD20EE053A20B960004300051A
:10B9A000E224DE18A71B302706704E00000040007E
:10B9B0004801526357010063E7050063EF6F3A20C7
:10B9C000B980000900BFFF5EF71B302706824E00DA
:10B9D000000142004801626367010063E7050063FC
:10B9E000EF0900E03A20B9A000BFFF40F71B302765
:10B9F00006844E000002420048016A636F01006342
:10BA0000E7050063EF0900BFFF163A20B9C0002226
:10BA1000F71B302706994E0000034200480172636D
:10BA200077010063E7050063EF0900BFFF04F7B18A
:10BA30003A20B9E000800702210A32BFFF46FD200C
:10BA4000EE430005E224DE18A71B3027069B4E00BC
:10BA500000004000487E3A20BA0000017A637F016E
:10BA60000063E7050063EF0900BFFFD2F61B302734
:10BA700006AD4E0000014200480182173A20BA206C
:10BA8000006387010063E7050063EF0900BFFFB4AF
:10BA9000F61B302706C64E000002420048018A63AA
:10BAA0008F743A20BA4000010063E7050063EF0994
:10BAB00000BFFF96F61B302706D84E000003420059
:10BAC00048019263970100383A20BA600063E705A5
:10BAD0000063EF0900BFFF78F6800776200A32BFC7
:10BAE000FFBAFC20EE430005E224DE18A72A3A2024
:10BAF000BA80001B302706DA4E00000040004801E3
:10BB00009A639F010063E7050063EF0900BFFF46EA
:10BB1000F61B30F13A20BAA0002706EC4E000001D7
:10BB200042004801526357010063E7050063EF09D3
:10BB300000BFFF28F61B302706883A20BAC000FF56
:10BB40004E00000242004801626367010063E7059E
:10BB50000063EF0900BFFF0AF61B302706114F1FD5
:10BB60003A20BAE000000003420048016A636F0116
:10BB70000063E7050063EF0900BFFFECF58007EA0B
:10BB80001F0A32BFFFA83A20BB00002EFC20EE4364
:10BB90000005E224DE18A71B302706134F00000023
:10BBA00040004801726377010063E7083A20BB2038
:10BBB00000050063EF0900BFFFBAF51B302706251B
:10BBC0004F000001420048017A637F010063E705EE
:10BBD00000143A20BB400063EF0900BFFF9CF51B37
:10BBE0003027063B4F000002420048018263870174
:10BBF0000063E7050063EF9E3A20BB60000900BFC9
:10BC0000FF7EF51B3027064D4F0000034200480120
:10BC10008A638F010063E7050063EF0900C23A20E1
:10BC2000BB8000BFFF60F580075E1F0A32BFFFA226
:10BC3000FB20EE430005E224DE18A71B3027064F49
:10BC40004F0000E83A20BBA000004000480192638A
:10BC500097010063E7050063EF0900BFFF2EF51BA6
:10BC6000302706614F00000142793A20BBC0000036
:10BC700048019A639F010063E7050063EF0900BF75
:10BC8000FF10F51B302706714F0000024200484E9E
:10BC90003A20BBE00001526357010063E7050063EF
:10BCA000EF0900BFFFF2F41B3027067E4F000003B0
:10BCB0004200480162B43A20BC000063670100639F
:10BCC000E7050063EF0900BFFFD4F48007D21E0A26
:10BCD00032BFFF16FB20EE430005E26F3A20BC2086
:10BCE0000024DE18A71B302706804F00000040000C
:10BCF00048016A636F010063E7050063EF0900BF55
:10BD0000FFCE3A20BC4000A2F41B302706984F001B
:10BD1000000142004801726377010063E705006398
:10BD2000EF0900BFFF84F4363A20BC6000C4FFC1B5
:10BD30009792151B30243EA48502420048017A6385
:10BD40007F010063E7050063EF0900BFFFDA3A20D7
:10BD5000BC800062F48007FE00C4F7C19782151B07
:10BD600030243EC885024200480182638701006397
:10BD7000E70500DC3A20BCA00063EF0900BFFF3CF0
:10BD8000F4C56DC4EFC19782151B30243EEC8502CB
:10BD9000420048018A638F01003F3A20BCC0006323
:10BDA000E7050063EF0900BFFF18F4A55DC4E7C114
:10BDB0009782151B30243E1086024200480192F201
:10BDC0003A20BCE0006397010063E7050063EF09D8
:10BDD00000BFFFF4F3854DC4DFC19782151B3024EB
:10BDE0003E34860242EB3A20BD00000048019A63CF
:10BDF0009F010063E7050063EF0900BFFFD0F3E593
:10BE000035C4D7C19782151B30243EC13A20BD20CE
:10BE10000058860242004801526357010063E7055B
:10BE20000063EF0900BFFFACF3C525C4CFC1978203
:10BE300015183A20BD40001B30243E7C860242008B
:10BE40004801626367010063E7050063EF0900BF13
:10BE5000FF88F3A515C4C7523A20BD6000C197F210
:10BE60000D1B30243EA08602420048016A636F0128
:10BE70000063E7050063EF0900BFFF64F3103A2099
:10BE8000BD80001B302706A74F0000034200480179
:10BE9000726377010063E7050063EF0900BFFF46A7
:10BEA000F38007323A20BDA000441D0A32BFFF884C
:10BEB000F920EE430005E224DE18A71B302706A96F
:10BEC0004F000000400048017A3B3A20BDC00063AB
:10BED0007F010063E7050063EF0900BFFF14F31B58
:10BEE000302706C14F00000142004801826387915C
:10BEF0003A20BDE000010063E7050063EF0900BFE1
:10BF0000FFF6F2C4FFC19792151B30243EA48502B0
:10BF1000420048018A433A20BE0000638F0100635B
:10BF2000E7050063EF0900BFFFD4F28007FE00C4FD
:10BF3000F7C19782151B30243EC885D83A20BE2011
:10BF4000000242004801926397010063E705006325
:10BF5000EF0900BFFFAEF2C56DC4EFC19782151B9C
:10BF600030C13A20BE4000243EEC85024200480128
:10BF70009A639F010063E7050063EF0900BFFF8A32
:10BF8000F2A55DC4E7C197FC3A20BE600082151B94
:10BF900030243E108602420048015263570100637C
:10BFA000E7050063EF0900BFFF66F2854DBC3A204C
:10BFB000BE8000C4DFC19782151B30243E34860248
:10BFC00042004801626367010063E7050063EF090F
:10BFD00000BFFF873A20BEA00042F2E535C4D7C1BA
:10BFE0009782151B30243E588602420048016A633E
:10BFF0006F010063E7050063EFB43A20BEC000099B
:10C0000000BFFF1EF2C525C4CFC19782151B302487
:10C010003E7C860242004801726377010063E74C70
:10C020003A20BEE000050063EF0900BFFFFAF1A56A
:10C0300015C4C7C197F20D1B30243EA086024200F2
:10C0400048017A637FE13A20BF0000010063E70501
:10C050000063EF0900BFFFD6F11B302706CF4F006A
:10C060000003420048018263870100603A20BF203C
:10C070000063E7050063EF0900BFFFB8F18007B672
:10C080001B0A32BFFFFAF720EE430005E224DE1858
:10C09000A7B43A20BF40001B302706D14F00000054
:10C0A000400048018A638F010063E7050063EF09E0
:10C0B00000BFFF86F11B30193A20BF60002706E958
:10C0C0004F00000142004801926397010063E705B9
:10C0D0000063EF0900BFFF68F11B3027060A3A2012
:10C0E000BF8000FC4F000002420048019A639F019C
:10C0F0000063E7050063EF0900BFFF4AF11B30272B
:10C10000060E50B33A20BFA00000000342004801D1
:10C11000526357010063E7050063EF0900BFFF2C7E
:10C12000F180072A1B0A32BFFF9B3A20BFC0006E76
:10C13000F720EE430005E224DE18A71B3027061087
:10C140005000000040004801626367010063E72B74
:10C150003A20BFE000050063EF0900BFFFFAF01BC3
:10C160003027062350000001420048016A636F0136
:10C170000063E70500363A20C0000063EF0900BF06
:10C18000FFDCF01B30270637500000024200480158
:10C19000726377010063E7050063EFC13A20C020B6
:10C1A000000900BFFFBEF01B3027063B5000000314
:10C1B000420048017A637F010063E7050063EF09ED
:10C1C00000F33A20C04000BFFFA0F080079E1A0A8B
:10C1D00032BFFFE2F620EE430005E224DE18A71B83
:10C1E0003027064B500000753A20C0600000400028
:10C1F0004801826387010063E7050063EF0900BF20
:10C20000FF6EF01B3027065E50000001429B3A2073
:10C21000C080000048018A638F010063E705006366
:10C22000EF0900BFFF50F01B3027066050000002EE
:10C230004200487E3A20C0A000019263970100634B
:10C24000E7050063EF0900BFFF32F01B30270674DB
:10C2500050000003420048019A043A20C0C0006325
:10C260009F010063E7050063EF0900BFFF14F08042
:10C2700007121A00C80F32BFFF54F624EE08AA694D
:10C280003A20C0E00020DE43000AD21D30270676A7
:10C290005000000040004801526357010063D70579
:10C2A0000063DF0900C33A20C10000BFFFE0EF24B4
:10C2B000E6A4851960EC662400DC610C6F21006146
:10C2C0006ACA45C4FF669782251D30093A20C120FD
:10C2D0000027068E500000014200486307010063FA
:10C2E000D7050063DF0900BFFFAAEF1D301970EE0C
:10C2F00076E33A20C140002400DC710E380142038D
:10C300004A6307010063D7050063DF0900BFFF8AA6
:10C31000EF95251D302706383A20C1600092500065
:10C320000001420048017A637F010063D705006382
:10C33000DF0900BFFF6AEF1D301980F086F73A2051
:10C34000C180002400DC8110380142034A018A6365
:10C350008F010063D7050063DF0900BFFF48EFF5D9
:10C360000D1D30FA3A20C1A00027069650000001AA
:10C370004200486307010063D7050063DF0900BF7F
:10C38000FF2AEF1996010012C88B3A20C1C000990C
:10C39000001998F39E2400DC99135721006152FA8A
:10C3A0004D1960EC662400DC610C6FFDFFE0697ADA
:10C3B0003A20C1E000CA050030BEFFD8A4C4F76629
:10C3C0009782251D302706A05000000242004863D6
:10C3D00007010063D70D3A20C20000050063DF09A2
:10C3E00000BFFFDAEE1D301970EE762400DC710E0E
:10C3F000380242034A6307010063D7213A20C22072
:10C4000000050063DF0900BFFFBAEE95251D302748
:10C4100006A450000002420048017A637F010063D5
:10C42000D7FC3A20C24000050063DF0900BFFF9A35
:10C43000EE1D301980F0862400DC811038024203A2
:10C440004A018A638F0100143A20C2600063D70555
:10C450000063DF0900BFFF78EEF50D1D302706A849
:10C46000500000024200486307010063D76B3A2086
:10C47000C28000050063DF0900BFFF5AEE19960174
:10C480000012C899001998F39E2400DC99135721D3
:10C490000061520C3A20C2A000FA4D1960EC6624EB
:10C4A00000DC610C6FFDFFE069CA050030BEFF08CB
:10C4B000A4C4EF669782251D303F3A20C2C00027F2
:10C4C00006B2500000034200486307010063D7052D
:10C4D0000063DF0900BFFF0AEE1D301970EE76BD64
:10C4E0003A20C2E0002400DC710E380342034A63A4
:10C4F00007010063D7050063DF0900BFFFEAED9580
:10C50000251D302706373A20C30000B6500000032F
:10C51000420048017A637F010063D7050063DF09A9
:10C5200000BFFFCAED1D301980F086D13A20C3202C
:10C53000002400DC8110380342034A018A638F0122
:10C540000063D7050063DF0900BFFFA8EDF50D1DEF
:10C5500030F83A20C340002706BA500000034200DA
:10C56000486307010063D7050063DF0900BFFF8A46
:10C57000ED1996010012C8653A20C36000990019B0
:10C5800098F39E2400DC99135721006152FA4D194B
:10C5900060EC662400DC610C6FFDFFE069D83A2096
:10C5A000C38000CA050030BEFF38A3C4E766978287
:10C5B000251D302706C450000004420048630701CF
:10C5C0000063D7F63A20C3A000050063DF0900BF6F
:10C5D000FF3AED1D301970EE762400DC710E380440
:10C5E00042034A6307010063D71F3A20C3C0000516
:10C5F0000063DF0900BFFF1AED95251D302706C82F
:10C6000050000004420048017A637F010063D7D6DE
:10C610003A20C3E000050063DF0900BFFFFAEC1D0C
:10C62000301980F0862400DC8110380442034A016E
:10C630008A638F0100133A20C4000063D7050063AA
:10C64000DF0900BFFFD8ECF50D1D302706CC5000E8
:10C6500000044200486307010063D7453A20C42024
:10C6600000050063DF0900BFFFBAEC199601001254
:10C67000C899001998F39E2400DC99135721006192
:10C68000520C3A20C44000FA4D1960EC662400DCDC
:10C69000610C6FFDFFE069CA050030BEFF68A2C4EF
:10C6A000DF669782251D304F3A20C460002706D6EA
:10C6B000500000054200486307010063D70500638E
:10C6C000DF0900BFFF6AEC1D301970EE76973A2043
:10C6D000C480002400DC710E380542034A63070160
:10C6E0000063D7050063DF0900BFFF4AEC95251DF5
:10C6F000302706343A20C4A000DA5000000542007A
:10C7000048017A637F010063D7050063DF0900BF3A
:10C71000FF2AEC1D301980F086AB3A20C4C00024FB
:10C7200000DC8110380542034A018A638F010063EF
:10C73000D7050063DF0900BFFF08ECF50D1D30F6DB
:10C740003A20C4E0002706DE50000005420048639E
:10C7500007010063D7050063DF0900BFFFEAEB199B
:10C7600096010012C8403A20C5000099001998F3BC
:10C770009E2400DC99135721006152FA4D1960EC98
:10C78000662400DC610C6FFDFFE069363A20C520AD
:10C7900000CA050030BEFF98A1C4D7669782251D48
:10C7A000302706E850000006420048630701006396
:10C7B000D7E03A20C54000050063DF0900BFFF9ABB
:10C7C000EB1D301970EE762400DC710E3806420342
:10C7D0004A6307010063D71D3A20C5600005006366
:10C7E000DF0900BFFF7AEB95251D302706EC5000CE
:10C7F0000006420048017A637F010063D7B03A2007
:10C80000C58000050063DF0900BFFF5AEB1D30192A
:10C8100080F0862400DC8110380642034A018A63D6
:10C820008F0100103A20C5A00063D7050063DF091F
:10C8300000BFFF38EBF50D1D302706F05000000655
:10C840004200486307010063D71F3A20C5C00005B6
:10C850000063DF0900BFFF1AEB1996010012C899A7
:10C86000001998F39E2400DC991357210061520CA3
:10C870003A20C5E000FA4D1960EC662400DC610C3A
:10C880006FFDFFE069CA050030BEFFC8A0C4CF66D7
:10C890009782251D30603A20C600002706FA500016
:10C8A00000074200486307010063D7050063DF0902
:10C8B00000BFFFCAEA1D301970EE76713A20C6201B
:10C8C000002400DC710E380742034A63070100634D
:10C8D000D7050063DF0900BFFFAAEA95251D3027B1
:10C8E00006323A20C64000FE5000000742004801D0
:10C8F0007A637F010063D7050063DF0900BFFF8A09
:10C90000EA1D301980F086853A20C660002400DCDC
:10C910008110380742034A018A638F010063D705FB
:10C920000063DF0900BFFF68EAF50D1D30F43A200F
:10C93000C680002706025100000742004863070135
:10C940000063D7050063DF0900BFFF4AEA199601BB
:10C950000012C8183A20C6A00099001998F39E2426
:10C9600000DC99135721006152FA4D1960EC6624DE
:10C9700000DC610C6FFDFFE069953A20C6C000CA7B
:10C98000050030BEFFF89FC4C7669782251D30277B
:10C99000060C510000084200486307010063D7CA33
:10C9A0003A20C6E000050063DF0900BFFFFAE91D79
:10C9B000301970EE762400DC710E380842034A63A9
:10C9C00007010063D71C3A20C70000050063DF0998
:10C9D00000BFFFDAE995251D302706105100000839
:10C9E000420048017A637F010063D7893A20C7205B
:10C9F00000050063DF0900BFFFBAE91D301980F0B0
:10CA0000862400DC8110380842034A018A638F01C2
:10CA1000000E3A20C7400063D7050063DF0900BF5E
:10CA2000FF98E9F50D1D302706145100000842005B
:10CA3000486307010063D7F83A20C7600005006328
:10CA4000DF0900BFFF7AE9800778130532BFFFF0E6
:10CA5000EF24EE28A420E6430005DA1D300F3A202B
:10CA6000C7800027061E5100000040004801926365
:10CA700097010063DF050063E70900BFFF48E91D78
:10CA800030243EAF3A20C7A0001C9101420048016B
:10CA90009A639F010063DF050063E70900BFFF2C75
:10CAA000E91D302706205100004B3A20C7C0000284
:10CAB00042004801626367010063DF050063E70924
:10CAC00000BFFF0EE91D3027062E51000003421261
:10CAD0003A20C7E0000048016A636F010063DF0588
:10CAE0000063E70900BFFFF0E81D3027063C510056
:10CAF0000004420048EE3A20C8000001726377014A
:10CB00000063DF050063E70900BFFFD2E88007D0BC
:10CB1000120532BFFF48EF24EE28A4453A20C82072
:10CB20000020E6430005DA1D3027065551000000BD
:10CB3000400048017A637F010063DF050063E70975
:10CB400000303A20C84000BFFFA0E81D30243E1C42
:10CB5000910142004801826387010063DF050063A1
:10CB6000E70900BFFF84E8793A20C860001D30273C
:10CB7000065751000002420048018A638F0100639A
:10CB8000DF050063E70900BFFF66E81D30993A2022
:10CB9000C8800027066551000003420048019263E7
:10CBA00097010063DF050063E70900BFFF48E81D48
:10CBB000302706983A20C8A00073510000044200B4
:10CBC00048019A639F010063DF050063E70900BF26
:10CBD000FF2AE8800728120532263A20C8C000BF85
:10CBE000FFA0EE24EE28A420E6430005DA1D30273E
:10CBF000068751000000400048016263670100FEA3
:10CC00003A20C8E00063DF050063E70900BFFFF8D2
:10CC1000E71D30243E1C9101420048016A636F0108
:10CC20000063DF0500953A20C9000063E70900BFF3
:10CC3000FFDCE71D30270689510000024200480151
:10CC4000726377010063DF050063E7843A20C9203F
:10CC5000000900BFFFBEE71D302706975100000303
:10CC6000420048017A637F010063DF050063E70942
:10CC700000A43A20C94000BFFFA0E71D302706A549
:10CC80005100000442004801826387010063DF0510
:10CC90000063E70900BFFFCE3A20C9600082E78049
:10CCA0000780110532BFFFF8ED24EE28A420E643EB
:10CCB0000005DA1D302706A75100000040A43A20E5
:10CCC000C980000048018A638F010063DF050063AB
:10CCD000E70900BFFF50E71D30243E1C91014200D0
:10CCE000480192C83A20C9A0006397010063DF059C
:10CCF0000063E70900BFFF34E71D302706A9510094
:10CD00000002420048019A639F6C3A20C9C00001AA
:10CD10000063DF050063E70900BFFF16E71D30274A
:10CD200006C951000003420048016263670100B276
:10CD30003A20C9E00063DF050063E70900BFFFF8A0
:10CD4000E61D302706E951000004420048016A63ED
:10CD50006F010063DF3F3A20CA0000050063E70966
:10CD600000BFFFDAE68007D8100532BFFF50ED2480
:10CD7000EE28A420E6430005DA1D304C3A20CA20F4
:10CD8000002706025200000040004801726377014C
:10CD90000063DF050063E70900BFFFA8E61D30243C
:10CDA0003E0A3A20CA40001C9101420048017A63C1
:10CDB0007F010063DF050063E70900BFFF8CE61D0C
:10CDC00030270604520000A63A20CA600002420042
:10CDD0004801826387010063DF050063E70900BF44
:10CDE000FF6EE61D3027060F5200000342F03A2086
:10CDF000CA80000048018A638F010063DF05006379
:10CE0000E70900BFFF50E61D3027061A5200000454
:10CE1000420048CE3A20CAA0000192639701006305
:10CE2000DF050063E70900BFFF32E6800730100529
:10CE300032BFFFA8EC24EE28A44A3A20CAC0002042
:10CE4000E6430005DA1D3027061C520000004000B2
:10CE500048019A639F010063DF050063E7090086CC
:10CE60003A20CAE000BFFF00E61D3027061E520030
:10CE7000000142004801626367010063DF0500634F
:10CE8000E70900BFFF973A20CB0000E2E51D3027FD
:10CE9000062052000002420048016A636F010063ED
:10CEA000DF050063E70900BFFFC4E5973A20CB2008
:10CEB000001D3027062C5200000342004801726317
:10CEC00077010063DF050063E70900BFFFA6E51DEA
:10CED00030F23A20CB4000270638520000044200CE
:10CEE00048017A637F010063DF050063E70900BF43
:10CEF000FF88E58007860F513A20CB60000532BFDE
:10CF0000FFFEEB24EE28A420E6430005DA1D3027BF
:10CF100006515200000040004801826387BF3A205A
:10CF2000CB8000010063DF050063E70900BFFF5607
:10CF3000E51D3027066852000001420048018A635F
:10CF40008F0100C43A20CBA00063DF050063E7092E
:10CF500000BFFF38E51D3027067C5200000242006A
:10CF60004801926397010063DF5C3A20CBC0000563
:10CF70000063E70900BFFF1AE51D30270694520041
:10CF80000003420048019A639F010063DF05006EC1
:10CF90003A20CBE00063E70900BFFFFCE41D302727
:10CFA00006AC52000004420048016263670100635E
:10CFB000DF050063E77F3A20CC00000900BFFFDEF9
:10CFC000E48007DC0E0532BFFF54EB24EE28A420DA
:10CFD000E6430005DA1D302706C352513A20CC2023
:10CFE00000000000400048016A636F010063DF0534
:10CFF0000063E70900BFFFACE41D30243E4091010F
:10D0000042833A20CC4000004801726377010063FC
:10D01000DF050063E70900BFFF90E41D302706DA53
:10D0200052000002420048403A20CC6000017A637E
:10D030007F010063DF050063E70900BFFF72E41DA5
:10D04000302706F2520000034200480182DA3A20FB
:10D05000CC80006387010063DF050063E70900BF40
:10D06000FF54E41D3027060A530000044200480123
:10D070008A638F373A20CCA000010063DF0500638C
:10D08000E70900BFFF36E48007340E0532BFFFAC6E
:10D09000EA24EE28A420E64300863A20CCC000050E
:10D0A000DA1D30270621530000004000480192633A
:10D0B00097010063DF050063E70900BFFF04E43167
:10D0C0003A20CCE0001D3027062353000001420027
:10D0D00048019A639F010063DF050063E70900BF11
:10D0E000FFE6E31D30AD3A20CD00002706325300A5
:10D0F000000242004801626367010063DF050063CC
:10D10000E70900BFFFC8E31D3027062A3A20CD20DB
:10D11000004A53000003420048016A636F01006344
:10D12000DF050063E70900BFFFAAE31D30270662A1
:10D1300053773A20CD40000000044200480172635A
:10D1400077010063DF050063E70900BFFF8CE38020
:10D15000078A0D0532BFFF1D3A20CD600002EA2488
:10D16000EE28A420E6430005DA1D30270679530097
:10D170000000400048017A637F010063DF533A20DA
:10D18000CD8000050063E70900BFFF5AE31D30278B
:10D19000067B53000001420048018263870100635F
:10D1A000DF0500B83A20CDA00063E70900BFFF3CCF
:10D1B000E31D3027068F53000002420048018A63B6
:10D1C0008F010063DF050063E74C3A20CDC0000902
:10D1D00000BFFF1EE31D302706A7530000034200D7
:10D1E0004801926397010063DF050063E70900626D
:10D1F0003A20CDE000BFFF00E31D302706BF5300FB
:10D200000004420048019A639F010063DF05006348
:10D21000E70900BFFF823A20CE0000E2E28007E08B
:10D220000C0532BFFF58E924EE28A420E643000590
:10D23000DA1D302706D65300000040BC3A20CE202D
:10D2400000004801626367010063DF050063E709CE
:10D2500000BFFFB0E21D30243E4091014200480172
:10D260006A1C3A20CE4000636F010063DF05006353
:10D27000E70900BFFF94E21D302706E753000002D4
:10D2800042004801726377A43A20CE600001006337
:10D29000DF050063E70900BFFF76E21D30270601C6
:10D2A00054000003420048017A637F0100473A209E
:10D2B000CE800063DF050063E70900BFFF58E21D71
:10D2C0003027061B54000004420048018263870196
:10D2D0000063DFD93A20CEA000050063E70900BF54
:10D2E000FF3AE28007380C0532BFFFB0E824EE2891
:10D2F000A420E6430005DA1D30953A20CEC0002771
:10D30000063454000000400048018A638F01006326
:10D31000DF050063E70900BFFF08E21D302706DBD9
:10D320003A20CEE0003654000001420048019263EA
:10D3300097010063DF050063E70900BFFFEAE11D15
:10D340003027063854663A20CF0000000002420021
:10D3500048019A639F010063DF050063E70900BF8E
:10D36000FFCCE11D30270650540000C43A20CF20E6
:10D37000000342004801626367010063DF05006348
:10D38000E70900BFFFAEE11D302706685400000426
:10D3900042D33A20CF40000048016A636F01006326
:10D3A000DF050063E70900BFFF90E180078E0B05F2
:10D3B00032BFFF06E824EE6D3A20CF600028A4209B
:10D3C000E6430005DA1D30270686540000004000C1
:10D3D0004801726377010063DF050063E7023A20CA
:10D3E000CF80000900BFFF5EE11D30270688540092
:10D3F0000001420048017A637F010063DF0500639A
:10D40000E70900B23A20CFA000BFFF40E11D30275E
:10D4100006945400000242004801826387010063C1
:10D42000DF050063E70900BFFFDE3A20CFC000221E
:10D43000E11D3027069654000003420048018A632C
:10D440008F010063DF050063E70900BFFF04E1A26D
:10D450003A20CFE0001D3027069854000004420017
:10D460004801926397010063DF050063E70900BF8D
:10D47000FFE6E080070A3A20D00000E40A0532BF48
:10D48000FF5CE724EE28A420E6430005DA1D3027E0
:10D49000069A54000000400048019A593A20D020D2
:10D4A00000639F010063DF050063E70900BFFFB46D
:10D4B000E01D3027069D54000001420048016263D0
:10D4C00067DE3A20D04000010063DF050063E70912
:10D4D00000BFFF96E01D302706A95400000242005D
:10D4E00048016A636F0100C03A20D0600063DF0525
:10D4F0000063E70900BFFF78E01D302706AB54004A
:10D50000000342004801726377010063DF6A3A203A
:10D51000D08000050063E70900BFFF5AE01D3027F7
:10D5200006AD54000004420048017A637F010063A5
:10D53000DF0500923A20D0A00063E70900BFFF3C5E
:10D54000E080073A0A0532BFFFB2E624EE28A420A5
:10D55000E6430005DA1D3027066B3A20D0C000AF45
:10D560005400000040004801826387010063DF052A
:10D570000063E70900BFFF0AE01D30243E1C91B99B
:10D580003A20D0E00001420048018A638F01006325
:10D59000DF050063E70900BFFFEEDF1D302706B19E
:10D5A00054000002423F3A20D1000000480192633B
:10D5B00097010063DF050063E70900BFFFD0DF1DAF
:10D5C000302706CD540000034200480A3A20D120FB
:10D5D00000019A639F010063DF050063E70900BF54
:10D5E000FFB2DF1D302706E9540000044200480165
:10D5F00062C03A20D140006367010063DF05006329
:10D60000E70900BFFF94DF800792090532BFFF0AD8
:10D61000E624EE28A420E64E3A20D160004300051F
:10D62000DA1D3027060255000000400048016A63F9
:10D630006F010063DF050063E70900BFFF9E3A202A
:10D64000D1800062DF1D30243E409101420048013C
:10D65000726377010063DF050063E70900BFFF46DF
:10D66000DF1D302B3A20D1A00027061B55000002F9
:10D67000420048017A637F010063DF050063E70928
:10D6800000BFFF28DF1D3027060F3A20D1C0003829
:10D690005500000342004801826387010063DF05F3
:10D6A0000063E70900BFFF0ADF1D302706555562FA
:10D6B0003A20D1E000000004420048018A638F0153
:10D6C0000063DF050063E70900BFFFECDE8007EAC7
:10D6D000080532BFFF933A20D2000062E524EE280D
:10D6E000A420E6430005DA1D3027066E5500000031
:10D6F00040004801926397010063DF2C3A20D2205A
:10D7000000050063E70900BFFFBADE1D302706876A
:10D7100055000001420048019A639F010063DF0544
:10D72000007A3A20D2400063E70900BFFF9CDE1D6B
:10D730003027069B550000024200480162636701E2
:10D740000063DF050063E78E3A20D260000900BF66
:10D75000FF7EDE1D302706B8550000034200480159
:10D760006A636F010063DF050063E709009F3A20E9
:10D77000D28000BFFF60DE1D302706D555000004B3
:10D7800042004801726377010063DF050063E70927
:10D7900000BFFFBA3A20D2A00042DE800740080551
:10D7A00032BFFFB8E424EE28A420E6430005DA1DCA
:10D7B000302706EE5500000040EB3A20D2C00000B2
:10D7C00048017A637F010063DF050063E70900BF5A
:10D7D000FF10DE1D302706FF5500000142004809FA
:10D7E0003A20D2E00001826387010063DF05006315
:10D7F000E70900BFFFF2DD1D3027060156000002D9
:10D80000420048018AB13A20D30000638F010063CF
:10D81000DF050063E70900BFFFD4DD1D3027061CCC
:10D8200056000003420048019263970B3A20D32030
:10D8300000010063DF050063E70900BFFFB6DD1DDF
:10D840003027063756000004420048019A639F01C2
:10D8500000CE3A20D3400063DF050063E70900BF34
:10D86000FF98DD800796070532BFFF0EE424EE28FF
:10D87000A420E6430005DAEF3A20D360001D3027EC
:10D8800006505600000040004801626367010063D3
:10D89000DF050063E70900BFFF66DD1D30EF3A20BA
:10D8A000D3800027065256000001420048016A63F7
:10D8B0006F010063DF050063E70900BFFF48DD1D5E
:10D8C000302706F83A20D3A0006456000002420038
:10D8D0004801726377010063DF050063E70900BF59
:10D8E000FF2ADD1D3027066656443A20D3C00000CB
:10D8F0000003420048017A637F010063DF05006393
:10D90000E70900BFFF0CDD1D30270668560000E95F
:10D910003A20D3E00004420048018263870100639B
:10D92000DF050063E70900BFFFEEDC8007EC0605BA
:10D9300032BFFF64E35A3A20D4000024EE28A4202A
:10D94000E6430005DA1D3027066A56000000400055
:10D9500048018A638F010063DF05007F3A20D420ED
:10D960000063E70900BFFFBCDC1D3027067B5600C3
:10D97000000142004801926397010063DF050063E4
:10D98000E74E3A20D440000900BFFF9EDC1D30273F
:10D99000068956000002420048019A639F01006315
:10D9A000DF050063E709006E3A20D46000BFFF8006
:10D9B000DC1D302706A456000003420048016263C4
:10D9C00067010063DF050063E70900BFFF0B3A2032
:10D9D000D4800062DC1D302706BF560000044200E0
:10D9E00048016A636F010063DF050063E70900BF58
:10D9F000FF44DC7B3A20D4A000800742060532BFFA
:10DA0000FFBAE224EE28A420E6430005DA1D302701
:10DA100006D856000000400048D63A20D4C0000185
:10DA2000726377010063DF050063E70900BFFF123F
:10DA3000DC1D302706DA56000001420048017A0852
:10DA40003A20D4E000637F010063DF050063E7094B
:10DA500000BFFFF4DB1D302706E95600000242003C
:10DA60004801826387703A20D50000010063DF051A
:10DA70000063E70900BFFFD6DB1D302706EB560029
:10DA80000003420048018A638F01003B3A20D52001
:10DA90000063DF050063E70900BFFFB8DB1D302727
:10DAA00006ED5600000442004801926397010063AE
:10DAB000DFE53A20D54000050063E70900BFFF9A83
:10DAC000DB800798050532BFFF10E224EE28A42072
:10DAD000E6430005DA1D30E23A20D560002706EF64
:10DAE00056000000400048019A639F010063DF0573
:10DAF0000063E70900BFFF68DB1D302706FE3A2000
:10DB0000D58000F1560000014200480162636701C0
:10DB10000063DF050063E70900BFFF4ADB1D302714
:10DB20000603573A3A20D5A00000000242004801FF
:10DB30006A636F010063DF050063E70900BFFF2C24
:10DB4000DB1D302706055700006C3A20D5C00003C6
:10DB500042004801726377010063DF050063E70953
:10DB600000BFFF0EDB1D30270607570000044211DF
:10DB70003A20D5E0000048017A637F010063DF05A9
:10DB80000063E70900BFFFF0DA8007EE040532BF4B
:10DB9000FF66E124EE9C3A20D6000028A420E6434C
:10DBA0000005DA1D30270609570000004000480133
:10DBB000826387010063DF050063E7B53A20D62062
:10DBC000000900BFFFBEDA1D3027060B5700000119
:10DBD000420048018A638F010063DF050063E709A3
:10DBE000000C3A20D64000BFFFA0DA1D3027061AED
:10DBF0005700000242004801926397010063DF056D
:10DC00000063E70900BFFF353A20D6600082DA1DC5
:10DC10003027063557000003420048019A639F01F0
:10DC20000063DF050063E70900BFFF64DA873A207D
:10DC3000D680001D302706505700000442004801DE
:10DC4000626367010063DF050063E70900BFFF4609
:10DC5000DA8007AE3A20D6A00044040532BFFFBCEC
:10DC6000E024EE28A420E6430005DA1D3027065CF8
:10DC700057000000400048016A6B3A20D6C000639C
:10DC80006F010063DF050063E70900BFFF14DA1DC1
:10DC90003027065E57000001420048017263772A70
:10DCA0003A20D6E000010063DF050063E70900BF0A
:10DCB000FFF6D91D3027066F5700000242004801C9
:10DCC0007A637F0100D83A20D7000063DF05006344
:10DCD000E70900BFFFD8D91D302706885700000389
:10DCE00042004801826387010063DF6A3A20D7203F
:10DCF00000050063E70900BFFFBAD91D302706A160
:10DD000057000004420048018A638F010063DF0569
:10DD1000007B3A20D7400063E70900BFFF9CD98011
:10DD2000079A030532BFFF12E024EE28A420E64341
:10DD30000005DA1D302706B83A20D76000A3570047
:10DD4000000040004801926397010063DF05006313
:10DD5000E70900BFFF6AD980FF76030A58A43A207A
:10DD6000D780001D300B3801420048019A639F01A3
:10DD70000063DF050063E70900BFFF4AD91D3027B4
:10DD800006B157D33A20D7A0000000024200480154
:10DD9000626367010063DF050063E70900BFFF2CD2
:10DDA000D91D302706C2570000BF3A20D7C0000354
:10DDB000420048016A636F010063DF050063E70901
:10DDC00000BFFF0ED91D302706D35700000442556F
:10DDD0003A20D7E000004801726377010063DF0555
:10DDE0000063E70900BFFFF0D88007EE020532BFED
:10DDF000FF32DF24EEE43A20D8000028A420E643D6
:10DE00000005DA1D302706E95700000040004801F0
:10DE10007A637F010063DF050063E7E33A20D820DF
:10DE2000000900BFFFBED81D302706FF57000001C4
:10DE300042004801826387010063DF050063E70950
:10DE400000283A20D84000BFFFA0D81D3027061C6C
:10DE500058000002420048018A638F010063DF0519
:10DE60000063E70900BFFF423A20D8600082D81D56
:10DE70003027063958000003420048019263970199
:10DE80000063DF050063E70900BFFF64D8943A2010
:10DE9000D880001D30270656580000044200480173
:10DEA000526357010063DF050063E70900BFFF46C7
:10DEB000D88007C73A20D8A00044020A32BFFF88A2
:10DEC000DE20EE430005E224DE18A71B3027067390
:10DED00058000000400048019A633A20D8C000630F
:10DEE0009F010063E7050063EF0900BFFF14D81B23
:10DEF000302706885800000142004801626367E14C
:10DF00003A20D8E000010063E7050063EF0900BF95
:10DF1000FFF6D71B302706A5580000024200480133
:10DF20006A636F0100B33A20D9000063E70500631C
:10DF3000EF0900BFFFD8D71B302706C258000003E7
:10DF400042004801726377010063E7393A20D92023
:10DF500000050063EF0900BFFFBAD71B302706DFBB
:10DF600058000004420048017A637F010063E7051E
:10DF7000004E3A20D9400063EF0900BFFF9CD780D4
:10DF8000079A010F32BFFFDEDD24EE08AA20E64328
:10DF9000000ADA1D302706F43A20D96000FC580048
:10DFA000000040004801826387010063DF050063D1
:10DFB000E70900BFFF6AD71D3027061959D83A2054
:10DFC000D98000000001420048018A638F0100638C
:10DFD000DF050063E70900BFFF4CD71D3027062C83
:10DFE000590000043A20D9A000024200480192637F
:10DFF00097010063DF050063E70900BFFF2ED71D0F
:10E000003027063F5900000342993A20D9C000004A
:10E010004801526357010063DF050063E70900BF51
:10E02000FF10D71D3027065259000004420048FF58
:10E030003A20D9E000019A639F010063DF05006385
:10E04000E70900BFFFF2D61D30270665590000051D
:10E0500042004801623F3A20DA0000636701006332
:10E06000DF050063E70900BFFFD4D61D302706781F
:10E0700059000006420048016A636F213A20DA2005
:10E0800000010063DF050063E70900BFFFB6D61D8E
:10E090003027068B59000007420048017263770160
:10E0A00000C43A20DA400063DF050063E70900BFDF
:10E0B000FF98D61D3027069E5900000842004801EF
:10E0C0007A637F010063DF5D3A20DA600005006358
:10E0D000E70900BFFF7AD6C53D0532BFFFF2DC6419
:10E0E000078C800030BFFFC04AB535A535483A20BF
:10E0F000DA80000B80200E2A00E181DB2D5000DB4E
:10E10000EE21EF66EFACEFF2EF38F07EF024F3C4CF
:10E11000F08BF1623A20DAA00052F298F2DEF2714E
:10E12000F619F7C5F66DF710FBC1F715F8BFF86AD9
:10E13000F811FABDF964FBB8FB763A20DAC0006644
:10E14000FABBFA0CFD2B0013F962FCB7FC68F90D61
:10E15000FC61FDB6FD0BFE60FEB6FE0BFF60FFE14D
:10E160003A20DAE000F0FF4A06FF708A07E170BF4C
:10E17000071ADD00008007D8070070207E52004497
:10E180007FF8AC016A413A20DB000020866500443C
:10E1900087F9AC0252035A208E7600448FFAAC0005
:10E1A0006080076C0220E630002466273A20DB20DE
:10E1B00000F8AC0B500A96010012588B000C98CA5C
:10E1C0009953E70000800744032466F8AC0B500A1B
:10E1D0007E303A20DB400001000F588B000C80CAD3
:10E1E00081208E3100508F0000800726032466F8BE
:10E1F000AC0B500A960100633A20DB600012588B8A
:10E20000000C98CA99207E3200537F0000800708D6
:10E21000032466F8AC0B500A8601001058F33A202C
:10E22000DB80008B000C88CA892096330051970050
:10E23000008007EA022466F8AC0B500A9E01001326
:10E24000588B00A73A20DBA0000C78CA79208634CE
:10E25000004F8700008007CC022466F8AC0B500A00
:10E260008E010011588B000C90E73A20DBC000CAE9
:10E2700091209E3500529F00008007AE022466F870
:10E28000AC0B500A7E01000F588B000C80CA81F441
:10E290003A20DBE000208E3600508F00008007908F
:10E2A000022466F8AC0B500A96010012588B000C41
:10E2B00098CA99207E853A20DC00003700537F0001
:10E2C00000800772022466F8AC0B500A8601001029
:10E2D000588B000C88CA89209638001E3A20DC2012
:10E2E0000051970000800754022466F8AC0B500AD6
:10E2F0009E010013588B000C78CA79208639004F94
:10E30000877B3A20DC400000008007360220E630A0
:10E31000002466F8AC0B680D8E010011588B000CC0
:10E3200090CD91209E3100B53A20DC6000529F00D4
:10E33000000B500A7E01000F588B000C80CA8150E0
:10E34000E70000800702022466F8AC2056A03A20BD
:10E35000DC800031000B700E8E010011588B000C18
:10E3600090CE91525700000B680D9E010013588B00
:10E37000000C780A3A20DCA000CD794F57000080CD
:10E3800007D2012466F8AC0B680D86010010588B8B
:10E39000000C88CD8920963100253A20DCC0005140
:10E3A0009700000B500A9E010013588B000C78CA8E
:10E3B00079208632004F87000080079E0124663D49
:10E3C0003A20DCE000F8AC0B680D8E010011588B90
:10E3D000000C90CD91209E3100529F00000B500AFE
:10E3E0007E01000F58583A20DD00008B000C80CAD7
:10E3F00081208E3300508F000080076A012466F868
:10E40000AC0B680D96010012588B00B53A20DD2048
:10E41000000C98CD99207E3100537F00000B500AEC
:10E4200086010010588B000C88CA89209634005150
:10E4300097A03A20DD40000000800736012466F8EE
:10E44000AC0B680D9E010013588B000C78CD792021
:10E450008631004F8700004B3A20DD60000B500AE8
:10E460008E010011588B000C90CA91209E350052ED
:10E470009F000080070201A35F03008007CA3A20C3
:10E48000DD8000FA00E061BE058007F2002056F052
:10E4900000EA61CF75206E8000ED61BA05BF07709C
:10E4A000FEED617A3A20DDA000BF3D20564000EA33
:10E4B00061BA05BF07E8FDEA61DF1D20562000EACA
:10E4C00061BA05BF079CFDEA616B3A20DDC000EF31
:10E4D0000D20561000EA61BA05BF076EFDEA61CF54
:10E4E00055E061BA05BF0744FDF54D200E300070C0
:10E4F0003A20DDE000E161BA05BF0790FD854D20BF
:10E50000566000EA61BA05BF07DCFDEA618F0D20A5
:10E510000E5000E161D73A20DE0000BA05BF07AE19
:10E52000FD953D200E7000E161BA05BF07DCFDA539
:10E5300035206EC000ED61BA05BF07C73A20DE2066
:10E54000008CFEED61FF152056A000EA61BA05BF00
:10E550000718FEEA618F0D200E9000E161BA05BF39
:10E56000078E3A20DE4000EAFDB51D200EB000E126
:10E5700061BA05BF072EFEC515206EE000ED61BA39
:10E5800005BF07B8FEED61193A20DE60008F0D204F
:10E590000ED000E161BA05BF0774FED505EA61BA85
:10E5A00005BF07D2FE20EE200020E63000F13A2021
:10E5B000DE80002466F8AC0B500A7E01000F588BF9
:10E5C000000C80CA8150EF00000B680D8E01001115
:10E5D000588B00653A20DEA0000C90CD9152E700E8
:10E5E000000B700E9E010013588B000C78CE792022
:10E5F0008633004F8700000B38543A20DEC00007F6
:10E600008E010011588B000C90C79152EF0000074B
:10E6100032800758030B500A9E010013588B006E7E
:10E620003A20DEE0000C78CA7920864A004F870045
:10E63000000B680D8E010011588B000C90CD9120BD
:10E640009E4100529FA83A20DF000000000B700E90
:10E650007E01000F588B000C80CE81208E4E005022
:10E660008F0000800736030B500A96963A20DF2071
:10E6700000010012588B000C98CA99207E46005366
:10E680007F00000B680D86010010588B000C88CDB0
:10E69000894A3A20DF400020964500519700000B40
:10E6A000700E9E010013588B000C78CE79208642A4
:10E6B000004F8700008007B03A20DF6000F0020BB7
:10E6C000500A8E010011588B000C90CA91209E4D6B
:10E6D00000529F00000B680D7E01000F586E3A201B
:10E6E000DF80008B000C80CD81208E4100508F0098
:10E6F000000B700E96010012588B000C98CE9920DA
:10E700007E52003E3A20DFA000537F00008007AA1F
:10E71000020B500A86010010588B000C88CA892011
:10E72000964100519700000B68443A20DFC0000D6D
:10E730009E010013588B000C78CD79208650004F35
:10E740008700000B700E8E010011588B000C906139
:10E750003A20DFE000CE91209E5200529F000080C0
:10E760000764020B500A7E01000F588B000C80CA10
:10E7700081208E4D002C3A20E00000508F00000BCD
:10E78000680D96010012588B000C98CD99207E419F
:10E7900000537F00000B700E8601004A3A20E020F3
:10E7A0000010588B000C88CE892096590051970094
:10E7B0000080071E020B500A9E010013588B000CAC
:10E7C00078E63A20E04000CA7920864A004F870068
:10E7D000000B680D8E010011588B000C90CD91201C
:10E7E0009E5500529F0000B63A20E060000B700E6C
:10E7F0007E01000F588B000C80CE81208E4E005081
:10E800008F00008007D8010B500A960100943A202F
:10E81000E0800012588B000C98CA99207E4A005361
:10E820007F00000B680D86010010588B000C88CD0E
:10E83000892096303A20E0A0005500519700000B47
:10E84000700E9E010013588B000C78CE7920864CF8
:10E85000004F87000080079201583A20E0C0000B6B
:10E86000500A8E010011588B000C90CA91209E41D5
:10E8700000529F00000B680D7E01000F588B008036
:10E880003A20E0E0000C80CD81208E5500508F00B2
:10E89000000B700E96010012588B000C98CE992038
:10E8A0007E4700537F8D3A20E10000000080074C36
:10E8B000010B500A86010010588B000C88CA892071
:10E8C000965300519700000B680D9E563A20E120A8
:10E8D00000010013588B000C78CD79208645004F3D
:10E8E0008700000B700E8E010011588B000C90CE2B
:10E8F00091563A20E14000209E5000529F00008037
:10E900000706010B500A7E01000F588B000C80CACD
:10E9100081208E4F00508FA93A20E1600000000B4B
:10E92000680D96010012588B000C98CD99207E43FB
:10E9300000537F00000B700E86010010585E3A20D5
:10E94000E180008B000C88CE8920965400519700FE
:10E950000085650B500A9E010013588B000C78CA85
:10E96000792086C63A20E1A0004E004F8700000BB8
:10E97000680D8E010011588B000C90CD91209E4F98
:10E9800000529F00000B700E7E393A20E1C000015A
:10E99000000F588B000C80CE81208E5600508F00C7
:10E9A00000E53D0B500A96010012588B000C98D7D9
:10E9B0003A20E1E000CA99207E4400537F00000B1A
:10E9C000680D86010010588B000C88CD8920964573
:10E9D0000051970000413A20E200000B700E9E01AA
:10E9E0000013588B000C78CE79208643004F8700A7
:10E9F00000C51DA35F03002466F8AC413A20E22065
:10EA00000020E6300020EE2000B5150688010AA19E
:10EA1000896B8AEB0D510050FE73FE96FEB9FEDC49
:10EA2000FECB3A20E24000FFFE22FF45FF68FF8B4D
:10EA3000FFADFFCFFF0B680D9E010013588B000C3C
:10EA400078CD794FEF0000D43A20E260000B700ED1
:10EA500086010010588B000C88CE89209632005118
:10EA60009700000B30069E010013588B000A3A20D5
:10EA7000E280000C78C6794FE700000B380786016A
:10EA80000010588B000C88C78951E700000B400824
:10EA9000960100BB3A20E2A00012588B000C98C8E7
:10EAA00099207E3800537F00000B48098601001032
:10EAB000588B000C88C9895107A83A20E2C0000091
:10EAC000000C504206FF008207E100BF0728F854FF
:10EAD0001A6032C23D633F010063470500634F483F
:10EAE0003A20E2E00009000640AC058041084820D9
:10EAF0003E9E00904ACA050848503AD0420908880C
:10EB00004ACA050148813A20E30000583AC84284C5
:10EB10004ABA055C3AC4426042940D5F3AC142E48D
:10EB2000055F3AC142B4055F3AC1427F3A20E32013
:10EB3000009F32DF32D73A07310808C10A890A013B
:10EB400031D942F905CA05C60E0100B205063601E3
:10EB500000613A20E34000233F01002347050023E2
:10EB60004F09004C1A7F00800F3002206E14000BFA
:10EB70000E01FFE23D090ED93A20E3600001FFD209
:10EB8000450B080C09E24509080A09B235604AE25A
:10EB90000F0000B2054A560080C149605AF63A207B
:10EBA000E38000E20F0000B2054C660080C159AB63
:10EBB00049810D090EE0FFFC1DE9678000C959F588
:10EBC000058049433A20E3A000090EE0FF8C1DE9CF
:10EBD0005780002639C40DCA61890D0B0E02FFD281
:10EBE00025415A81624C6600804C3A20E3C0008087
:10EBF00007FE01AA61B21DC9FD273180618007F0BF
:10EC000001073080077C024062BA0DEB49BAFDD69D
:10EC10003A20E3E0004052FA052639FCF58007AAC5
:10EC200002C051A2F58007A8020A49EAED4731D592
:10EC3000ED80077602CD3A20E4000080078202587A
:10EC40001A63670100636F05008442C442400E00EE
:10EC5000FF0760C162E161EB2506687A3A20E42093
:10EC600000C16AE169AB25EA05EC69CA0507082617
:10EC700009CC1D07080609C109E215000A0760262C
:10EC800061863A20E44000D405E6398215E10F00A0
:10EC9000009F3A2709A2054A420830236F05002346
:10ECA000670100481AE62F303A20E4600020007F18
:10ECB000004142E5F5031EE8FF634F0D0063571165
:10ECC00000635F1500075006580830053A0B3A20DC
:10ECD000E48000206E2800800722020650604292E5
:10ECE0000D413A070FFFFF4132460FFFFF5F429A87
:10ECF000FD7F00783A20E4A000581A63FF0100630A
:10ED0000EF0500E0310658B20D0B36FCFF06E88037
:10ED1000FF8002E051CA051D308A3A20E4C000801D
:10ED2000FFC00223EF050023FF0100481A7F005CAB
:10ED30001A63FF0100000080FF8A020A3080FF434F
:10ED40003A20E4E0005E03E0510A60C2050C56047C
:10ED500000A505005023FF0100441A7F00541A63E8
:10ED6000FF010063EFD63A20E50000050063E709E4
:10ED700000066007300C3880FF000406E080FF507A
:10ED8000020A3080FF2403E0510A58153A20E5209A
:10ED900000BA050050950D0B36040006E800381C3B
:10EDA0004080FF3C001D5023E7090023EF050023AE
:10EDB000FFEF3A20E5400001004C1A7F00000008F8
:10EDC000560000F20D41320657FFFF413A074FFF50
:10EDD000FFCA56FF00C94EA53A20E56000FF00A912
:10EDE00051BA055F42BAF57F0006506042E2054124
:10EDF00032463FFFFF5F42CAFD7F000000583A20C5
:10EE0000E58000031EE0FF633F01006337050063F8
:10EE1000470900634F0D0063571100635F150063DE
:10EE2000671900423A20E5A000636F1D000748C93A
:10EE300049984A0750C95281520658CB59985A06E8
:10EE400060C962816261004062F93A20E5C000A4B5
:10EE50002D404E8000E961E905695AC105585AC83C
:10EE600062A5FD5F5AF21DCC61D41D5F5AB21DAF81
:10EE70003A20E5E000CC61941D5F5AF215CC61D4D4
:10EE8000155F5AB215CC619CF5851500000B3E014B
:10EE9000FFBC45605A8B3A20E60000AF0D2B38428C
:10EEA0003A074EE8FFAC35E7678000205E0000407F
:10EEB0004E0080CC3EFF00073E80FF1B3A20E6203C
:10EEC00000E90DCA05CC3E0001A20D09610C6600E7
:10EED00001E9050B3E02FFE1250B5E01004931C14E
:10EEE00062393A20E6400089620C31D75AE23F008D
:10EEF000000B31603A8A2D23470900234F0D002370
:10EF0000571100235F15009F3A20E6600023671920
:10EF100000236F1D00031E20007F00023AC505007C
:10EF200032E5ED003A9F32DF3285ED043AB23A2005
:10EF3000E68000C505033AA505003A9F32DF324658
:10EF400036807FE5DD053A1F32B5DD003A1F328598
:10EF5000DD2357E73A20E6A0000100235F05000308
:10EF60001ED8FF639F2D0063972900638F250063E0
:10EF7000872100637F1D0063778D3A20E6C000196A
:10EF800000633F01002466FC80CD61636705006378
:10EF9000570900635F0D006337110063FF1500C759
:10EFA0003A20E6E0002336000080FF780223FF15B8
:10EFB000002337110023771900237F1D00238721A9
:10EFC00000238F2500123A20E70000239729002311
:10EFD0009F2D00031E2800A5A5245FC984E05900C9
:10EFE00050820DE659EB050B502B5F983A20E72035
:10EFF000000500E059AAFDE059D205645FCD8464A4
:10F0000057D1840B507F00E031B21524673181E085
:10F0100061903A20E74000F20D015AC66E03009A53
:10F020000D26570100CA760300CA056852A10500E3
:10F03000580B50A5050152E13A20E760007F000619
:10F040005604006852B905085A850DCA6603000ABD
:10F0500058C2051C0A4159445A0B507F00BA3A2045
:10F06000E78000245FC984E05900500660820DECFF
:10F0700059EB050B502B5F0500E059AAFDE059E262
:10F08000052C87593A20E7A0000100CC81EB819B39
:10F090004DE051A20D2A970100CA91EC91AB456A4F
:10F0A0006705000000B5056467F23A20E7C000C9B3
:10F0B000846C5F0500E051B2252A6F01000A98CDEB
:10F0C00099F361DA1D2C7F0100CD796A7F01004B35
:10F0D0003A20E7E0006A5F05002487C984EA810AD4
:10F0E00060BA050050F50D248FC9841150318F0589
:10F0F00000F161820D663A20E800002A6F05000DDC
:10F10000502D6F0500ED61CAFDE05982152C6F018D
:10F11000000C90CD91F259AA0D2B9F153A20E820B2
:10F12000000100CD996C9F01002B7F05006C7F05CD
:10F13000006467CD846457D18400007F0024773158
:10F1400081CE3A20E84000E0710668CA1D440E00F6
:10F1500000217EB89D647FCD84647FC984440E0005
:10F16000002187D5801C0AF33A20E86000418144E1
:10F170000E00006187B99D440E00006107BD9D64CB
:10F1800007D184018A648F31812497CD84363A2057
:10F19000E88000E091B2452467D184245FCD842BC0
:10F1A000570100ED51D12D0D9E0800EA99FB0DADE0
:10F1B000516B579F3A20E8A0000100645FCD846442
:10F1C00067D1842B870100D0596B6F010000009537
:10F1D0001D2B570500E061D2051B3A20E8C0006CEA
:10F1E0005705000000B5056457C9846467D1842BB6
:10F1F0005705006457CD84E051FA05248FC984CBAC
:10F200003A20E8E000648FCD846407D1840B5085F8
:10F21000150B602B5F0500E059CA05245FC9840007
:10F22000602497CD84E13A20E90000EB91B205E03B
:10F2300059BAC500507F00541A63470100634F0557
:10F240000063570900064006500748BF3A20E920EE
:10F25000001F00E730000090421F00E7400000B9A7
:10F2600005D04AC931D042C831903A1F00EA38006F
:10F2700000A13A20E94000C9050A40D042C831D077
:10F280003AC73123570900234F0500234701004C9B
:10F290001A7F0000527F00773A20E96000267F0144
:10F2A00000400E5000210E524DE179B2051F52E58B
:10F2B00045266705006162E6057F3ACA05113A20D6
:10F2C000E9800000400C48850D613AA63DE7618663
:10F2D0003D0746FFFF0748065E0800C462CB61E9B0
:10F2E000410C50EA3A20E9A000CE2D2A87FDFFC646
:10F2F000812A97F9FFD2810B980850C452D3512A22
:10F300009701002A670D00C661A03A20E9C0002AD3
:10F310005709001258CA91E691D305F059B9051F53
:10F3200052E515E051E70D5F520B70415A0C88A76A
:10F330003A20E9E0004162118F00004E8F00000A80
:10F34000685F52E069DFF54142E941D6DD0050A532
:10F35000051F527F006D3A20EA0000524D50000216
:10F3600000000000C0FF0300C0FF030C00000028E5
:10F370000000000CC0FF030CC0FF03B13A20EA20DC
:10F380000034010000340000000000000008C0FF4D
:10F39000030000000004000000000000010000FF66
:10F3A000FFA03A20EA400001000000000400000134
:10F3B000000000429300000000000056C20100005F
:10F3C00000000084C102007B3A20EA6000000000D7
:10F3D00000189303000000000038900400000000B3
:10F3E0000084670500000000002F060600F13A20A7
:10F3F000EA80000000000007A2070000000000777C
:10F40000A408010000000000A9090000000000009D
:10F41000000000F03A20EAA0000001000000000017
:10F4200000000000000200000001000000010000D8
:10F43000000000000000000000513A20EAC0000077
:10F4400000000000000000000000000000000000BC
:10F450000000000000000000000000000000003676
:10F460003A20EAE000E09304000000000000000001
:10F47000000000000000000000000001000100008A
:10F4800000000000009D3A20EB000000000000009A
:10F490000000002C0100000000000000000000003F
:10F4A0000000000000000000000000C83A20EB202F
:10F4B0000000000000000000000000000000002A22
:10F4C000005F5F5F6D756C662E73005F5F5F6469E0
:10F4D00076D93A20EB4000662E73005F5F5F61646F
:10F4E00064662E73005F5F5F737562662E73005FE4
:10F4F0005F5F636D70662E023A08EB600073000078
:10F5000000000000003A3A020000040003F73A0845
:10F51000DF0000A5051E020002E5FD6B3A000000B9
:02F5200001FFE9
:00000001FF
