:020000040000FA
:100000004150504C49434154494F4E3E46454D2086
:100010004170706C69636174696F6E004D41534B40
:10002000204E554D4245523E5265763020323920A1
:100030004A756C7920323030380046494C45204EA4
:10004000414D453E385232392D3134463032392D0A
:1000500041422E6865780052454C45415345204445
:100060004154453E30372F32392F3038004D4F4400
:10007000554C4520545950453E46726F6E7420458C
:100080006E7465727461696E6D656E74204D6F6417
:10009000756C650050524F44554354494F4E204DA6
:1000A0004F44554C452050415254204E554D4245E9
:1000B000523E385232392D3134463032372D41419B
:1000C0000057455253204E4F544943453E00434F3D
:1000D0004D4D454E54533E50726F64756374696F55
:1000E0006E2072656C656173650052454C454153E5
:1000F00045442042593E53756D69746F6D6F2057AA
:100100006972696E672053797374656D73204175E8
:10011000737472616C6961004D4F44554C45204EBB
:10012000414D453E46726F6E7420456E7465727423
:1001300061696E6D656E74204D6F64756C65202805
:1001400046454D29004D4F44554C452049443E30CD
:100150007837363700444F574E4C4F414420464F76
:10016000524D41543E307830300046494C45204392
:100170004845434B53554D3E307834354431004665
:100180004C41534820494E44494341544F523E311B
:1001900000464C4153482045524153452053454366
:1001A000544F52533E307830300024003A204500FE
:1001B000008007E06AE0074001E0074001E00740F7
:1001C00001E0074001E0074001E0074001E007408F
:1001D00001B23A20452000E0074001E0074001E07D
:1001E000074001E0074001E0074001E0074001E06F
:1001F000074001E00740013B3A20454000E007404E
:10020000018107226AE0074001E0074001E0074062
:1002100001E007400181070A6CE0074001593A20DC
:10022000456000E0074001E0074001E0074001E0D1
:10023000074001E0074001E0074001E0074001E01E
:10024000074001FB3A20458000E0074001E00740FD
:1002500001E0074001E00740018107606781072650
:1002600068E0074001E0074001C63A2045A0008051
:1002700007CEAD8007F4AC81077E078007B8888081
:1002800007D08780077C898007808AE0074001DBF0
:100290003A2045C000E00740018007D878E00740D9
:1002A00001E0074001E0074001E00740018107ACA1
:1002B00068E0074001783A2045E000E0074001E0AF
:1002C000074001E0074001E0074001E0074001E08E
:1002D000074001E0074001E00740017B3A2046006B
:1002E00000E0074001E0074001E0074001E007406F
:1002F00001E0074001E0074001E0074001E007405E
:10030000015A3A20462000E0074001E0074001E0A2
:10031000074001E0074001E0074001E0074001E03D
:10032000074001E00740013A3A20464000E007401C
:1003300001E0074001E0074001E0074001E007401D
:1003400001E0074001E0074001E00740011A3A04DC
:10035000466000E00740012E3A1C470000B502004D
:10036000000100000000450000FF9A0300020000A9
:100370000000E00300FF1F0000013A2048000001D8
:1003800016000001200100F0000000012200000121
:100390000000000403000001150000000000002E12
:1003A0003A20482000000000001C4800000D000119
:1003B0000105191900000000000000000101010101
:1003C0000101010102C43A20484000020202020277
:1003D00002020303030303030303040404040404E9
:1003E0000404010204081020408001123A204860F1
:1003F0000002040810204080010204081020408000
:1004000001020408102040800102040810204080EE
:10041000003D3A20488000036700007E000000078E
:1004200000000000000000ACEC00000000000051E3
:1004300000000007000000393A2048A0000000003A
:10044000008C45010000000000580000000700007B
:100450000000000000FC43010000000000873A207B
:1004600048C0005400000007000000000000006ABF
:1004700043010000000000500000000700000000E1
:10048000000000783A2048E00050ED0000FAEC004F
:1004900000E00000000500000000000000122B0139
:1004A00000FCEA0000710000001B3A204900000730
:1004B000000000000000000442010004EB00007294
:1004C00000000007000000000000001A4101008544
:1004D0003A204920000000000073000000070000DF
:1004E0000000000000B23F0100000000007B00009F
:1004F0000007000000893A20494000000000003455
:100500002E01000000000061000000070000000054
:10051000000000DE2D010000000000803A2049604C
:10052000006200000007000000000000008A2F01A8
:10053000000000000067000000070000000000004D
:1005400000A63A20498000382B0100F4EA00006838
:10055000000000070000000000000016EC00000C86
:10056000EB000074000000F93A2049A000060000EA
:100570000000000000762F0100000000007600005F
:10058000000600000000000000642F01003B3A203C
:1005900049C00000000000770000000600000000D5
:1005A000000000522F0100000000006E0000000754
:1005B000000000633A2049E000000000007E3B019B
:1005C00000000000006F00000005000000000000B7
:1005D00000DA450100ECEA0000933A204A0000C529
:1005E0000000000700000000000000982D0100DC62
:1005F000EA0000F1000000070000000000000046D3
:100600003A204A2000C8450100E4EA0000FFFFFF4D
:10061000FFFFFFFFFFFFFFFFFFFFFFFFFF0401FFE3
:10062000FF03FFFFFFA73A204A400002FFFFFFFF42
:10063000FFFFFFFF0A0BFFFFFFFF0C0DFFFFFFFF98
:10064000FF1112FF0607080EFF0F10D43A204A6070
:1006500000FFFFFF09FFFF00FFFFFFFFFFFF13FF8A
:10066000FFFFFFFFFFFFFFFFFFFFFFFFFFFFFFFF9A
:10067000FF373A204A8000FFFFFFFFFFFFFFFF0523
:10068000FFFFFFFFFFFFFFFFFFFFFFFFFFFFFFFF7A
:1006900014FFFFFFFFFFFF1B3A204AA000FFFFFFF0
:1006A000FFFFFFFFFF0127070004261200BC1DBC4F
:1006B0001D5415A00BA00B900B900B780B693A20E2
:1006C0004AC000780B6C0B6C0B600B600B500B4836
:1006D0000B480B0808080808080808080808080854
:1006E0000808080E3A204AE00038CAFF031CCEFF73
:1006F000038CC9FF0324CEFF032CCEFF0334CEFFAF
:10070000033CCEFF0344CEFF035B3A204B00004C7A
:10071000CEFF0354CEFF035CCEFF0364CEFF036C19
:10072000CEFF0384C9FF0374CEFF037CCEFF03DA40
:100730003A204B2000AAC20100A2C1010040E800FB
:1007400000AAC20100A2C10100AAC20100A2C10107
:1007500000AAC201006D3A204B4000A2C10100AACC
:10076000C20100A2C10100AAC20100A2C10100DCB5
:10077000DF0000AAC20100A2C10100C33A204B6001
:100780000002020104040404040404040404040434
:100790000400000000000000000000000000000055
:1007A00000FC3A204B800000000000000000000028
:1007B000000000000100009C1D5C0CF00BC80BA4A5
:1007C0000B940B7C0B700BD53A204BA000640B4CA8
:1007D0000B030000000100020004000500060007F2
:1007E00000080009000808080000000000EA3A209C
:1007F0004BC000000000007CC9FF0384CEFF03183B
:10080000C8FF03000000008CCEFF0394CEFF039CC2
:10081000CEFF032C3A204BE000A4CEFF03ACCEFF6A
:1008200003B4CEFF03000000000000000000000041
:100830000050C3010050C30100193A204C00005081
:10084000C3010050C3010050C3010050C301005058
:10085000C3010096DF000048DF00002EDF000087A4
:100860003A204C20000000000000000000000000C2
:100870000000000000000000000000000000000078
:100880000000000000743A204C400000000000000E
:100890000001020400000000000000000005000349
:1008A000000E000B000900070001001B3A204C60FD
:1008B00000060004000F000C000A000800B4EE005F
:1008C00000B29F01003A9F01009AA101001AA10104
:1008D00000373A204C8000A2A001002AA00100F6B7
:1008E000EE0000C69F01004E9F010096A101002E60
:1008F000A10100B6A001006F3A204CA0003EA0016B
:100900000018EF000030F9000030F9000030F90065
:100910000030F9000030F9000030F90000183A20EA
:100920004CC0002EF900002EF900002EF900002E18
:10093000F900002EF900002EF900002EF900001E2B
:10094000EF0000B63A204CE00016F9000016F9005E
:100950000016F9000016F9000016F9000016F9005B
:10096000000101010101010100533A204D00004046
:10097000EE0000F8F80000F8F80000F8F80000F8C1
:10098000F80000F8F80000F8F8000000EE0000D7CA
:100990003A204D2000F6F80000F6F80000F6F800C6
:1009A00000F6F80000F6F80000F6F8000004EF008A
:1009B00000F4F80000003A204D4000F4F80000F484
:1009C000F80000F4F80000F4F80000F4F8000082E9
:1009D000EE000026A00100AE9F0100323A204D60DB
:1009E0000092A101008EA1010016A101009EA001AC
:1009F00000F2F80000F2F80000F2F80000F2F8004F
:100A000000303A204D8000F2F80000F2F80000F2C9
:100A1000F80000F0F80000F0F80000F0F80000F036
:100A2000F80000F0F80000CD3A204DA000F0F800EA
:100A300000F0F80000A2ED0000EEF80000EEF80073
:100A400000EEF80000EEF80000EEF80000163A2084
:100A50004DC000EEF80000ECF80000ECF80000ECEF
:100A6000F80000ECF80000ECF80000ECF80000ECF6
:100A7000F80000B13A204DE000010101010101013F
:100A80000000FF02020101060605050404FF03033E
:100A9000FFFFFF000201060504753A204E00000327
:100AA00008080808080808280000000000000406DC
:100AB000060606060608080808080808020101CB11
:100AC0003A204E200001010101002709000835FFEE
:100AD0001FFF1FFF1FFF1FFFFFFFFFFFFFFFFF00A5
:100AE0000000000000913A204E40000000FFFFFF90
:100AF000FFFFFFFFFF0000030001020002020003EE
:100B0000020005020006000402000D2B3A204E6090
:100B100000000E0010020007000802000B000C028B
:100B20000009000A00140016001900000006020067
:100B3000008A3A204E8000000000060200100000EB
:100B40000006020008000000060200010000000686
:100B500002000200000006D13A204EA0000200046C
:100B6000000000060200080000000602001000005D
:100B700000060200200000000602004000543A2057
:100B80004EC00000000602008000000006020000C7
:100B9000010000060200000200000602000004003E
:100BA000000602233A204EE0000000080000060282
:100BB00000001000000602000020000006020000F5
:100BC0004000000602000080009A3A204F0000001A
:100BD00006020000000100060200000002000602FA
:100BE0000000000400060200000008000602005A8F
:100BF0003A204F20000000100006020000002000F4
:100C0000060200000040000602000000800006020C
:100C100000000000025F3A204F4000060200000082
:100C200000010602000000000000000400010400B2
:100C30000304000504000804000A040D3A204F6074
:100C400000000D04000F0400110400130400190437
:100C5000001B04001D04001F0400210400230400E5
:100C600025F03A204F800004002704002B04002DBB
:100C700004003004003404003604003A0000004D43
:100C800075736963000050513A204FA0006C617980
:100C90006C6973747300004172746973747300003B
:100CA000416C62756D730000536F6E6773243A2058
:100CB0004FC0000000506F646361737473000043A1
:100CC0006F6D706F736572730000417564696F6258
:100CD0006F6F6B383A204FE0007300004E6F20506A
:100CE0006C61796C6973747300004E6F204172748B
:100CF0006973747300004E6F20F83A205000004171
:100D00006C62756D7300004E6F20536F6E677300D9
:100D1000004E6F20506F64636173747300004ED98E
:100D20003A205020006F20436F6D706F73657273AF
:100D300000004E6F20417564696F626F6F6B7300C6
:100D400000506C6179A33A205040006C69737400C4
:100D5000004172746973740000416C62756D00002B
:100D6000547261636B0000506F6463B13A2050604D
:100D7000006173740000436F6D706F7365720000E3
:100D8000417564696F626F6F6B00004D656E750031
:100D9000006E3A20508000416C62756D20556E6B7C
:100DA0006E6F776E000041727469737420556E6BBC
:100DB0006E6F776E000000883A2050A000FFFFFFA2
:100DC000FFFFFFFFFFFFFFFFFFFFFFFFFFFFFFFF33
:100DD000FFFFFFFFFFFFFFFFFFFFFFFFFF103A20B6
:100DE00050C000FFFFFFFFFFFFFFFFFFFFFFFFFF00
:100DF000FFFFFFFFFFFFFFFFFFFFFFFFFFFFFFFF03
:100E0000FFFFFFF03A2050E000FFFFFFFFFFFFFF72
:100E1000FFFFFFFFFF9EEF9EE77EE77EDFFDCE999F
:100E20008D597D5A7D3A6D1965253A20510000F99A
:100E300054B94C994478447844783C783C383C38F0
:100E40003C583C383C383C383C583C383C383C2CCE
:100E50003A20512000383C583C783C7844794499F9
:100E600044B954F95C1A655A755A7D597D998DFDBE
:100E7000CE7EDF9EE72D3A205140009EEFBEEFFF71
:100E8000FFFFFFFFFFFFFFFFFFFFFFFFFFFFFFFF72
:100E9000FFFFFFFFFFFFFFFFFFFFFF313A20516021
:100EA00000FFFFFFFFFFFFFFFFFFFFFFFFFFFFFF51
:100EB000FFFFFFFFFFFFFFFFFFFFFFFFFFFFFFFF42
:100EC000FF4F3A20518000FFFFFFFFFFFFFFFFFFB2
:100ED000FFFFFFFFFFFFFFFFFFFFFFFFFFFFFFFF22
:100EE000FFFFFFFFFFFFFF2F3A2051A000FFFFFF92
:100EF000FFFFFFFFFFFFFFFFFFFFFFFFFFFFFFFF02
:100F0000FFFFFFFFFFFFFFFFFFFFFFFFFF0F3A2085
:100F100051C000FFFFFFFFFFFFFFFFFFFFFFFFFFCD
:100F2000FFFFFFFFFF7DEF9CBE7CAE1C9EBB85B923
:100F300054984C063A2051E000583C3834F82B18AD
:100F40002C1834383458449844D954D964396D5ADB
:100F5000757A759A7D9B85BB8DCB3A20520000FB3C
:100F60008DFB953B963B963B961B96DB95DB8DBBAD
:100F70008D9B7D7A7D7A753A6D1965D95CD94CB5B2
:100F80003A20522000984438341734372C182C1843
:100F90003438349844B94CD95C9B853C9EBDB6FD31
:100FA000CE7DEFFFFFC43A20524000FFFFFFFFFF5E
:100FB000FFFFFFFFFFFFFFFFFFFFFFFFFFFFFFFF41
:100FC000FFFFFFFFFFFFFFFFFFFFFF6E3A205260B2
:100FD00000FFFFFFFFFFFFFFFFFFFFFFFFFFFFFF20
:100FE000FFFFFFFFFFFFFFFFFFFFFFFFFFFFFFFF11
:100FF000FF4E3A20528000FFFFFFFFFFFFFFFFFF81
:10100000FFFFFFFFFFFFFFFFFFFFFFFFFFFFFFFFF0
:10101000FFFFFFFFFFFFFF2E3A2052A000FFFFFF60
:10102000FFFFFFFFFFFFFFFFFFFFFFFFFFFFFFFFD0
:10103000FFFFFFDFFFDFF71AA6998D5A6DA33A2055
:1010400052C000B954994438343834383C583C992B
:101050004C19657A75BB8D1B9E9CB61DD7BEE7DF0C
:10106000F7FFFFF23A2052E000FFFFFFFFFFFFFF14
:10107000FFFFFFFFFFFFFFFFFFFFFFFFFFFFFFFF80
:10108000FFFFFFFFFFFFFFFFFFCE3A20530000FFEF
:10109000FFFFFFFFFFFFFFFFFFFFFFFFFFFFFFFF60
:1010A000FFBFEF7EDF1DC77CAEFC95BA853A6D0FA2
:1010B0003A20532000D95C994C383C383C383438BD
:1010C000345944F95CBB7DBDBEDFF7DFF7FFFFFF9E
:1010D000FFFFFFFFFF4A3A20534000FFFFFFFFFFE3
:1010E000FFFFFFFFFFFFFFFFFFFFFFFFFFFFFFFF10
:1010F000FFFFFFFFFFFFFFFFFFFFFF6D3A20536081
:1011000000FFFFFFFFFFFFFFFFFFFFFFFFFFFFFFEE
:10111000FFFFFFFFFFFFFFFFFFFFFFFFFFFFFFFFDF
:10112000FF4D3A20538000FFFFFFFFFFFFFFFFFF4F
:10113000FFFFFFFFFFFFFFFFFFFFFFFFFFFFFFFFBF
:10114000FFFFFFFFFF7DEFBF3A2053A0001DD73BFD
:10115000A65A7DD85C784458341834583C984C19B9
:101160006DDB8D5CAEDDBE5ED7FFF7FFFF453A203D
:1011700053C000FFFFFFFFFFFFFFFF9EF75DE7BCCF
:10118000CE3ABED8AD789DF68CD684757C54743436
:101190006C1464333A2053E000F45BD35BB35BB36D
:1011A00053B35BD35BD35BF46314643474557475CD
:1011B00084F68C179D98A5D8B5793A205400003A4A
:1011C000C6BCD65DE7BEF7FFFFFFFFFFFFFFFFFFD7
:1011D000FFBFEF3ED7BDB65CA6BB8DF964984C4A05
:1011E0003A205420003834F723182CB94C3A6D5C5F
:1011F000A61ECF5DE7FFFFFFFFFFFFFFFFFFFFFF23
:10120000FFFFFFFFFFD33A20544000FFFFFFFFFF27
:10121000FFFFFFFFFFFFFFFFFFFFFFFFFFFFFFFFDE
:10122000FFFFFFFFFFFFFFFFFFFFFF6C3A2054604F
:1012300000FFFFFFFFFFFFFFFFFFFFFFFFFFFFFFBD
:10124000FFFFFFFFFFFFFFFFFFFFFFFFFFFFFFFFAE
:10125000FF4C3A20548000FFFFFFFFFFFFFFFFFF1E
:10126000FF9BC61B9E1A657844583C1834783CB9DD
:10127000547B85BDB6BEE7083A2054A000DFF7FFD7
:10128000FFFFFFFFFFFFFF7EF7DCDEB8B59584911F
:1012900063B0424F320E2AEE19EE11CD11E63A201C
:1012A00054C000EE110F1A5012911AB222F32213F9
:1012B00023342B542B542B542B542B542B542B545E
:1012C0002B542B213A2054E000342B1323F322D249
:1012D0001A9122501A2F1AEF11CF11EE11EE210E92
:1012E0002A8F32EF42D26BD594F23A20550000F9A2
:1012F000BD1CDFBEF7FFFFFFFFFFFFFFFFDFF75E55
:10130000DF3CA67A75784C1834173458347844A6E4
:101310003A20552000BB7DBCB6FFFFFFFFFFFFFF5B
:10132000FFFFFFFFFFFFFFFFFFFFFFFFFFFFFFFFCD
:10133000FFFFFFFFFFDD3A20554000FFFFFFFFFFEB
:10134000FFFFFFFFFFFFFFFFFFFFFFFFFFFFFFFFAD
:10135000FFFFFFFFFFFFFFFFFFFFFF6B3A2055601E
:1013600000FFFFFFFFFFFFFFFFFFFFFFFFFFFFFF8C
:10137000FFFFFF7DEF1DCF5985B9545934182C78E4
:10138000446D3A20558000196DDB8DFDC6FFFFFFCF
:10139000FFFFFFDFFFDBD6D8BD369D91634E328C59
:1013A000116C094D018E01063A2055A0000F0AB2BA
:1013B0001A542BB733F83B583C793CBA44BA44BA78
:1013C0004CBA4CBA4CB94CB94CB94CD94CDF3A2058
:1013D00055C000994C794C794C794C794C794C99A1
:1013E0004CB94CB94CB94CB94CD94CDA4CDA4CDB51
:1013F0004CDA4C563A2055E000DA4C9A4CB94C790C
:1014000044173CB633F322300ACE018D098D09CD45
:1014100021CF42127456A5F9BD213A20560000FC96
:10142000DEFFFFFFFFFFFFBFEFBDB69B7DF95C381E
:101430003CF823182C1A657CAE7EE7DEFFFFFF6CBC
:101440003A20562000FFFFFFFFFFFFFFFFFFFFFFD7
:10145000FFFFFFFFFFFFFFFFFFFFFFFFFFFFFFFF9C
:10146000FFFFFFFFFF8A3A20564000FFFFFFFFFF0C
:10147000FFFFFFFFFFFFFFFFFFFFFFFFFFFFFFFF7C
:10148000FFFFFFFFFFFFFFFFFF5DE7243A205660ED
:10149000001B9E195D59343834383C3A755CA67E81
:1014A000DFFFFFFFFFFFFFBAD6F59C516B2D3A8B94
:1014B000199E3A20568000AD19EE119122542BF658
:1014C0003B383C383C583C9A443A6DBB859B85BBC5
:1014D0008DBA8D9A857A7DDC3A2056A000397599AF
:1014E0005C3844F73BB733D733D7331734373C37FF
:1014F0003C373C374437443844384438448D3A20EC
:1015000056C00038443844384438443844384438A5
:1015100044384438443844384439445944994C9AFE
:101520004CD94C6C3A2056E000B94CB94C7844F791
:101530003B542BD222301AEE19ED298E4AB1735743
:10154000AD3CE7FFFFFFFFFFFFBB3A205700003E27
:10155000D7FC95F964182CF82B79449A7D1EC73C6A
:10156000E7FFFFFFFFFFFFFFFFFFFFFFFFFFFF5151
:101570003A20572000FFFFFFFFFFFFFFFFFFFFFFA5
:10158000FFFFFFFFFFFFFFFFFFFFFFFFFFFFFFFF6B
:10159000FFFFFFFFFF893A20574000FFFFFFFFFFDB
:1015A000FFFFFFFFFF3DDF5975994C182C583C1A7F
:1015B000657DAEDFEFFFFFDEFFDBDEA03A20576088
:1015C0000016A50F5B6B21EA108C11F222953B5897
:1015D000449A4CB94C79443844173C9854DB8D5E9E
:1015E000D7613A20578000FFFFFFFFFFFFFFFFFF9B
:1015F000FFFFFFFFFFFFFFFFFFFFFFFFFF7EEFFD8E
:10160000CE5CB69B8DD964703A2057A0007854F711
:1016100043D73BD733B633B733B733B733F7331783
:10162000341734173C1744173C1734F733EA3A2081
:1016300057C000F733F733B633B733373C173C178F
:10164000443744384438443844584498447944B979
:101650004C9A4C723A2057E0009944B633D322CECC
:10166000118B19EC31916BB8B53CE7FEFFFFFF5EC3
:10167000DF3C9EF95C383CD72BE53A20580000BA95
:10168000541B967EE7FFFFFFFFFFFFFFFFFFFFFFFB
:10169000FFFFFFFFFFFFFFFFFFFFFFFFFFFFFF7EDB
:1016A0003A20582000FFFFFFFFFFFFFFFFFFFFFF73
:1016B000FFFFFFFFFFFFFFFFFFFFFFDCCE5A7D595B
:1016C00034F82B7844913A20584000DB951ED7FF20
:1016D000FFFFFF9AD653844D426B196C095122B615
:1016E000335844BA4C994C78445844DD3A205860F9
:1016F00000373CF743D733374C3CAEDFFFFFFFFFEB
:10170000FF3DE71AB63695958434745584F694985F
:10171000A50A3A2058800019BEDCD6DFFFFFFFFF84
:10172000FFFFFFFFFFFFFFBFEF3DDFDDC65CAE9AAF
:101730008DF974B85C784CC83A2058A0003744F74B
:101740003BF63BF733F733D73B173C374C785CF924
:1017500064597D1CAE3DD7BB8D9623173C953A202E
:1017600058C000F73BF73BF73BF73B173C373C17BC
:1017700044174458447844994CBA4C7944B633924F
:101780001ACE11103A2058E000EC21EF52D59CFB04
:10179000E6FFFFFFFFDDC69A7D383CD8239A44FB65
:1017A000955EDFFFFFFFFFFFFF3E3A20590000FF7D
:1017B000FFFFFFFFFFFFFFFFFFFFFFFFFFFFFFFF39
:1017C000FFFFFFFFFFFFFFFFFFFFFFFFFFFFFFA781
:1017D0003A20592000FFFF5DE7BB851834D82B99CC
:1017E0004C1C9EDFEFFFFFBEF7F6A44D422911AD62
:1017F00019132BF73BDD3A205940007944784C58B7
:101800003C373C373C173CD73BF73BF73B7623F95B
:101810006C5EE7FFFFFFFF9BCE505B303A205960C4
:10182000004B190B014C09AD09AD118D094C094B49
:10183000092A096B11ED31F05295847DEFFFFFFF0E
:10184000FF1F3A20598000FFFFFFFFFFFFFFFFFF50
:10185000FFDFFFDFF7BEEF9EEF7EE73EDF3DD73DC8
:10186000DF3EDF9EEF9EEF3A3A2059A000BEEFDF49
:10187000F7FFFFFFFFFFFFB9A5351BF73BD73BD7AE
:101880003BD73BD73BD73BF73BF73BF73B9A3A205D
:1018900059C000F73B373C173C173C374458447855
:1018A0004C7944383C542B0F1A8B212F5BB7B5DE93
:1018B000FFFFFF4B3A2059E0009FEF7A853844D86C
:1018C0002B583C7CAEFFFFFFFFFFFFFFFFFFFFFF3A
:1018D000FFFFFFFFFFFFFFFFFFF13A205A0000FF6D
:1018E000FFFFFFFFFFFFFFFFFFFFFFDFF77DEF5A67
:1018F00085593CB723984C3CA6FFFFFFFF39C641F2
:101900003A205A20000F5B09192C01F32258449AFF
:10191000443944173CD73BD73BD73BD633D73BD78B
:101920003BD73BB633F03A205A40007623F96CFFA0
:10193000FFFFFFBEF7306327006D09132B9633F7C7
:1019400033F733F733F733F733D733843A205A601A
:10195000009633132B0F0A0E22369DFFFF9BD62DC8
:1019600042F27BD8BD5DE7DFFFFFFFFFFFFFFFFF18
:10197000FF093A205A8000FFFFFFFFFFFFFFFFFF34
:10198000FFFFFFFFFFFFFFFFFFFFFFFFFFFFFFB8AE
:10199000BDAC19962BB6333A3A205AA0009633962E
:1019A00033B633D633D633D63BD63BD63BB63BD70E
:1019B0003BD73BD73BD63BD73BF73B173C573A206F
:1019C0005AC000173C38449A447944F422AD09ECDB
:1019D00031F27BDBDEFFFFDFEFDB8D5844761B99B6
:1019E00054DEC65B3A205AE000BEF7FFFFFFFFFF60
:1019F000FFFFFFFFFFFFFFFFFFFFFFFFFFFFFFFFF7
:101A0000FFFFFFFFFF7BBED95C9D3A205B0000B764
:101A100023B62B9B8DFFF7FFFF59CEAD5209110F57
:101A20001A963359443844183CD63BD633D633EC57
:101A30003A205B2000B633B633B633B633B633B68E
:101A4000339633552316449EE7FFFFFFFF916B2724
:101A500000F32AD733893A205B4000B62B752B144C
:101A60001B552B552B552B542B742B552BD312F860
:101A70006CDFEFFFFF19BE49214C09CC3A205B60B7
:101A8000000A09E9088A29CE5257AD3CE7DFFFFF7B
:101A9000FFFFFFFFFFFFFFFFFFFFFFFFFFFFFFFF56
:101AA000FF5B3A205B8000FFFFFFFFFFFFF59CA874
:101AB000102F1AD72B752B752B752B752B7533752E
:101AC000339533963396334D3A205BA0009633B668
:101AD00033B633B633B633B633B633D633D633D65E
:101AE0003BD73BF73B3844793CB633911A7A3A20DE
:101AF0005BC000AC21B0731BE7FFFF7EDF196D9662
:101B000023D7237A85FFFFFFFFFFFFFFFFFFFFFFC4
:101B1000FFFFFF4E3A205BE000FFFFFFFFFFFFFFEC
:101B2000FFFFFFFA9D183C561BB85C3ED7FFFFBA7B
:101B3000D62E5B8800701A1834B53A205C00003845
:101B40003CF733B633B633963396339633963396A3
:101B5000339633953375335533552B552B14232F2B
:101B60003A205C20003BAEFFFFFFFFB8B5470033D3
:101B700023962B342B1323142B3BAED543F41A346A
:101B80002B142B3323DD3A205C4000B2125985FF21
:101B9000FFFFFF548C46006C093423552B132B5048
:101BA000224B11880087008B29916B693A205C6079
:101BB00000369DF9BD9BD65DE79DEF9EEF5DEFBBC7
:101BC000D619BE127C69216700911A952B542B54AB
:101BD0002B313A205C8000542B542B552B552B5520
:101BE0002B552B552B552B552B553355339533955D
:101BF000339633963396338B3A205CA00096339617
:101C0000339633D633D633D63BD633183C1834917B
:101C10001A2B09538C3CE7FFFF9CB63844103A203E
:101C20005CC000761B994C5EDFFFFFFFFFFFFFFFEC
:101C3000FFFFFFFFFFFFFFFFFFDEFF7A8DB82B5591
:101C40001B5A7D133A205CE000FFFFFFFF328C0936
:101C500011CE11F733383CD73396339533952B7526
:101C60002B762B752B752B552BF73A205D000055E5
:101C70002B542B542B552B752B542B132375335E60
:101C8000E7FFFFFFFF91732B01B633332BB21A042A
:101C90003A205D20009112DAA5DEFF113BB222F25C
:101CA0002AD22A5112188DFFFFFFFF327C2600EF47
:101CB00011D86C3664763A205D40009222F32A14E3
:101CC0002B332BF32A7022AD110A01C808C808294A
:101CD00019AA29EB39EB39AA3108215C3A205D6059
:101CE00000A710C900CD11132B742BF22AF32A136D
:101CF0002B142B132B132B132B332B332B332B3472
:101D00002BFF3A205D8000342B352B552B552B149F
:101D10002314231423352B752B752B762B752B95BC
:101D2000339533963396339C3A205DA000D63338F2
:101D30003C18342F122D3276ADFFFF9FEF985C5583
:101D40001BF8335FDFFFFFFFFFFFFFFFFF063A20B7
:101D50005DC000FFFFFFFFFFFFDA9DB723361BBA10
:101D600095FFFF5CEF8D520A01752BF733B63355A3
:101D700033552BEA3A205DE000752B752B752B55FA
:101D80002B542B542B542B342B342B342B342B131C
:101D90002B332B332BD222D54B3C3A205E0000DF75
:101DA000F7FFFFFFFFB4944C01B21A3012B1229931
:101DB0009DFFFF93944B09D22AB12ACF01D77C9182
:101DC0003A205E2000FFFFFFFFF27B46000F127CEF
:101DD000B69EF7BEF7D784511A91229122B122B153
:101DE00022B22AF22A4C3A205E4000B12A51224FF8
:101DF00022EE19ED11ED11ED190F1A9122D22AF3ED
:101E00002AB22AB22AD22AD22AD22AD93A205E600B
:101E100000D22AD22AD22AD22AD22AD32AF32A13A9
:101E20002B132B132B132B1323743B7533954396D2
:101E30003BEE3A205E8000142B542B542B552B552F
:101E40002B752B752B752B55339633B633D73376CD
:101E50002BCD111184FEFF903A205EA000FFF719F0
:101E60006D1513173C3ED7FFFFFFFFFFFFFFFFDF9E
:101E7000FFFA9D761BF4121B9EFFFFDBDE623A2009
:101E80005EC0002819AD09D733B62B542B552B351E
:101E90002B352B342B542B332B142B142B132BF2CD
:101EA0002A122BD03A205EE000122B122BF32AD2FA
:101EB0002AD22AB12A7122944BFFFFFFFFFFFFDED7
:101EC000F7B67CB453967C3DE7883A205F0000FF6C
:101ED000FF5DE7E818CD11B222EF09924BFFFFFF3B
:101EE000FFB48C26006D01F884BEFFE71897B56437
:101EF0003A205F20007BC62F124F22502250224FE3
:101F000022502250225022912291229122912292FB
:101F10002292229122DC3A205F400091229122718C
:101F200022712271227122712291229022912A9192
:101F30002A922AB22AB22AB122B12AFF3A205F603D
:101F400000B12AF22A100AF87CDEF79EF79DEFD343
:101F500063D21A142B142B342B342B542B342B34E4
:101F60002B0B3A205F8000552B552B552B552B768C
:101F70002BD733300ACF4ABDFFFFFF1875F512D7B4
:101F80002B7EDFFFFFFFFF5A3A205FA000FFFFFC20
:101F9000D6F73BD40AB86CFFFF1BE789290F0AB6B6
:101FA00033342B342B342B332B132B132B323A207B
:101FB0005FC000132B332BF32AF22AF22AF22AD223
:101FC0002AB22AB12AB122B12AB12AB122912270B1
:101FD00022B1327D3A205FE0005DDFFFFFFFFFFFAF
:101FE000FFFFFFBEEFFFFFFFFFFFFFCE5AA70091ED
:101FF00022CE110F1ABCCEFFFFB43A20600000B809
:10200000B50400CA008B001AB697B5EC31FFFF94F7
:102010008CAE112F222E222E222E222F222E22C2D1
:102020003A206020002F222E222F222F222F222F13
:10203000222F222F222F222F224F224F224F224F98
:1020400022502270226F3A2060400070227022706D
:1020500022702270227022702270229122501A70F7
:10206000229EEFFFFFFFFFD7BDE810EC3A20606033
:1020700000B22AF22AF22AF22AF22A132B132B1385
:102080002B332B342B342B342B742B542B962B7259
:102090000A443A206080007063DEFFDFF7D63BB46D
:1020A00012B95C5CE7FFFFDFFFB864D30AF643DFD9
:1020B000EF9DF7EA390F0A9F3A2060A000B633F38C
:1020C0002A132B132B132BD32AD22AB22AB22AD2A9
:1020D0002AB22A912A912A912A912A9122F83A2009
:1020E00060C0009122912250225022502250225052
:1020F00022EE11B684FFFFFFFFFFFFFFFFFFFFFF90
:10210000FF5DE7AF3A2060E0006D4A04008D09AD45
:10211000098D11D9B5FFFFFFFFB494B2735795171E
:10212000959EEFDFFFFFFF56AD003A2061000008EB
:1021300019AD19AD19AD21AD21CD19CD21AD19CDF7
:1021400019CE21CE19CE21CE21CE21CE21CE2135C0
:102150003A20612000EE210E220E220E220E220DC8
:10216000220E220F220F220F220F224F224F224F28
:102170002250225022363A206140005022AE09DA25
:10218000ADFFFFFFFFFFFFA6106B119122912A9177
:102190002A922AB22AD22AB22AB22AEE3A206160C0
:1021A00000D22AF32A132B132B132B142B142B5589
:1021B0002B9112127CFFFFFDCE1423F51A5A85BE17
:1021C000F77A3A20618000DCCE552B920AFAA5FFFF
:1021D000FF528C4C01542BF22AD22AD22AD22AB195
:1021E0002AB122B1229122AE3A2061A00091227040
:1021F00022702271227122502250224F224F222F10
:102200002230222F222E222E22EE210E1A513A2087
:1022100061C000AD19D68C7DF7FFFFFFFF7DEFD8C1
:10222000B5C71885107153999D5AC6DCD6FFFFFFBC
:10223000FFFFFFF43A2061E000BEF7BEF73CE7DBAA
:10224000DE59C6FFFFF8BD65002911AD218D198D3E
:10225000198D19AD19AD198D19F63A20620000AD2E
:1022600019AD19AD19AD19AC19AC19AC19AD19AC42
:1022700019AD19AC19AC19AD19CD19AD19CD19E4B9
:102280003A20622000CD19CD19ED19ED19ED19EEA6
:1022900021EE210E226D01B35BFFFFFFFFFFFFD098
:1022A0007B46007022993A206240007022702270B2
:1022B0002271227022902291229122B122B122B168
:1022C0002AB12AD32AF22AF22AF32A9D3A206260FE
:1022D000001423911A59C6FFFFD874730A1644FCE0
:1022E000D6F77CB30A33337EEFBEFFEB299112D2CF
:1022F0002AB73A20628000912A912291229122915C
:1023000022512250225022502250224F222F220F9F
:10231000220F220E220E22B83A2062A0000E22EED8
:1023200021CE21CD21CD21AC196C11AD21AC190BE1
:10233000090C322F630F6388290500D073B03A204F
:1023400062C0007DEFFFFFBBD69DF7FFFFFFFF1CC4
:10235000DF0B42A9310821A61085082400906BBE2E
:10236000F7CF4AB83A2062E0000A094B194B194BE3
:10237000194B194B194B192B11EA08A800A9002A6F
:10238000114B194B194B192A11123A206300000AFC
:10239000116B118B194C198C198C198C198C198C87
:1023A000198C216C19AD198C198D19CD196C11FE70
:1023B0003A206320008C193DDFFFFFFFFF19C6653F
:1023C00010AC192F220F220F220F224F224F225022
:1023D00022502250226B3A206340005022702291FA
:1023E0002291229122912AB12AD22AD22A7112351F
:1023F00064FFFF9CC67112342B3785783A206360E6
:102400000056641002F55BFFFF18C68C097222713A
:10241000229122712250224F22302250224F220E2E
:1024200022DB3A206380000E22EF21ED21ED210D09
:1024300022CD21AD19AD19AD19AD19CD196C19CA3F
:10244000088C190D2A2B190F3A2063A0006B198CE8
:1024500019EA08880067002700B26BFFFF35A5A8BE
:10246000312829DBD6FFFFFFFFAD520300DE3A2003
:1024700063C0008708C808E910880088000500A923
:10248000314919E908A800A908E9180A190A19C95F
:1024900008A8000A3A2063E0000D3AF37351630A7A
:1024A000110911E90888004A19AC29C908C9084A64
:1024B000192A192A194A190A114D3A20640000A94B
:1024C00000C9000909C908C9006B118B19A9003797
:1024D0009DFFFFFFFF9EF7C931C708CE19AD19BA9E
:1024E0003A20642000CD21CD21ED21ED21ED21EE1A
:1024F00021EE212E224F22302250224F22502271D3
:102500002271227022183A206440009122511AF25E
:102510002AFFFF7DEFB12A7212F684F55BAF0176D8
:102520006CFFFFB7AD8D0971226F22C13A20646044
:10253000004F222F222F222E222E22CE21ED21EDFE
:1025400019ED19CD198D198D19AC19AC198C198C7F
:10255000195A3A206480008B196B190A09C908D2EC
:102560006BDBD6DFFFF68C88000A192A192A192A94
:10257000190A110C328B4A003A2064A000040003AF
:102580000057ADFFFFFFFFB7AD440009192B190934
:10259000190600C910B273B8AD39C64D42AE3A2023
:1025A00064C0006700D373B273A8100A198808A921
:1025B0001016A59EEFFFFFFFFF36A50600A808B581
:1025C000941CDFAD3A2064E0009EEF97AD4A19E815
:1025D000080A190A19880047004D3A36A5F9BD972F
:1025E000ADEF52A80047004E42473A20650000BEBA
:1025F000F7FFFFFFFF538C24004B198C198C19AC8B
:1026000019AC19AC198C19AD19CD19CD19ED198D5D
:102610003A20652000CD21CE212E222E222F224FBE
:10262000224F2250227022301A501A3EE79DF7CFD7
:1026300032300A967CED3A20654000D55B2D0114BE
:1026400064FFFFD8B58C090F220E220D220E22CD79
:1026500021AD19AD19AD198D198C19FA3A206560A3
:10266000006C196C198C196B194A194A192A192B03
:10267000194A19A908AB299BD6FFFFFFFF1BE78C5E
:102680004A6E3A20658000A8000A1909190919093B
:10269000190A19C808460006005584FFFFFFFF5DB0
:1026A000EF071966082B19983A2065A000A808685A
:1026B0000034847EEFFFFFFFFFFFFF506BD273FFFC
:1026C000FFFFFF2D3A48008B213CDFFFFF343A200B
:1026D00065C000FFFFFFFFFFFFDEFF69215AC6FF55
:1026E000FFFFFFFFFFFFFF97AD47000A192700EC30
:1026F0003939C6493A2065E000FFFFFFFFFFFFFFC1
:10270000FFFFFFD4946708BBD6FFFFFFFFBBD64493
:1027100000E8104A192A192B198A3A206600002B62
:10272000194A194A198C198C196C196C19AD19CDE3
:1027300019CD19AD19AD21AD210E220D220E229910
:102740003A206620000F22EE110F1A9EE77DF70D4A
:102750002ACF09757C356C2C01F142FFFFDCDE6C61
:10276000118D11AD21663A20664000AC19AC19AD4F
:10277000198C196C196B196B196B194A192A192ABA
:10278000192A192A190A190A1909195D3A206660C5
:1027900000C9108808DBDEFFFFFFFF76ADC61845D5
:1027A000000A1909190A190919091909192A1927F1
:1027B000007E3A206680008E4ABEF7FFFFFFFFD101
:1027C0007B0300E918E908880856A5FFFFFFFFFF13
:1027D000FF97B52B420300EF3A2066A0007063FF1D
:1027E000FFFFFF4F6348007ACEFFFF9EEF9394DB1D
:1027F000DEFFFF9EF759C6FFFF5DEFBEF7AD3A2043
:1028000066C000FFFFFFFF9ACE470826008D425D9D
:10281000EFFFFFFFFF3DE7939497B5FFFF1CDF3607
:10282000A5DFFF813A2066E000FFFFFFFFCC5225C5
:10283000002A19091909190A1909192A192A192A1C
:10284000192A192A196A196B19393A206700006B7D
:10285000196B198B198D19AC19AC19AD19CD19ED6E
:10286000216C096F32FFFFDBDE2A11EF09B67CB164
:102870003A20672000D58C2C098C11DCD6FFFFCFC5
:1028800042EA008C196C194B194B194B194A190A59
:10289000190A190A19593A206740000A190A190930
:1028A0001909190A1909190A190A19A800B494FF73
:1028B000FFFFFF5ACE030066000A19843A206760C2
:1028C000000919091909190919091909194700CB2A
:1028D000313DE7FFFFFFFF5ACE2400A80809196722
:1028E00000653A2067800037A5FFFFFFFFFFFF4F1D
:1028F0006B0400250087082C3ADEFFFFFF738CF87D
:10290000B5FFFF9AD64821ED3A2067A00000005697
:10291000ADFFFFFFFFFFFFFCDE8C4AFFFFFFFFFF65
:10292000FF11840300B273BFF7FFFFFFFFC33A201C
:1029300067C00019C6E610030025005ACEFFFFFF4E
:10294000FFFFFFFFFFF49C2400E918091909190A89
:102950001909195E3A2067E0000A1909190A1909CC
:102960001909190A190A190A190A192A194A194BAF
:10297000194B194B196C198C19653A206800008C99
:1029800019CB005584FFFFF4A487002F221AB6FC50
:10299000D64E3289001374FFFF19BEC9080A11CE42
:1029A0003A206820004A190A190A19091909190A4E
:1029B0001909190919091909190919091909190907
:1029C000190919E9101D3A20684000CB297DEFFF55
:1029D000FFFFFFC93125002A190919091909190929
:1029E00019091909196700E810FCDE753A206860BA
:1029F00000FFFFFFFF9EEFEA4124002A190600F2C4
:102A00007BFFFFFFFFFFFF8F6B0200A810291987D4
:102A1000080B3A20688000ED39DEFFFFFFBFF7FFAB
:102A2000FF39C6A51004002A21FFFFFFFFFFFFFFAB
:102A3000FF528C030015A5AD3A2068A0003CE7B317
:102A4000940300D273FFFFFFFFFFFFD8B56410456A
:102A500000E910A8107ACEFFFFFFFFFFFFF33A2036
:102A600068C0007DEFA51886080A19091909190A16
:102A7000190919091909190A1909190A1909190944
:102A8000190919433A2068E000091909190A190AB5
:102A90001909192A192A194A19C908AC217EEFBE49
:102AA000F7EA3989005253DEF71D3A20690000FF2A
:102AB000FF547448002A195ACEFFFFF27306002A09
:102AC000190919091909190A19091909190919639B
:102AD0003A20692000091909190919091909190960
:102AE00019091988085063FFFFFFFF9ACE440809AF
:102AF0001909190919103A20694000091909190919
:102B00001929194700A808F9B5FFFFDFFFFFFF31BA
:102B10008402000919A808C8109EEF223A206960B3
:102B200000FFFFFFFF56A52300C8100919091987E8
:102B300008AF52FFFFFFFFFFFFFBDEE61844006710
:102B400000D53A20698000169DFFFFFFFFFFFFFFC1
:102B5000FF6F6B0300E71063080200728CFFFFFF3A
:102B6000FFFFFF3CE74721883A2069A00025002AA3
:102B7000198808CC319DEFFFFFFFFFFFFF4F6B036C
:102B800000091909196700C81009190919D83A204C
:102B900069C0000919091909190919091909190937
:102BA0001909190919091909190919091909190A14
:102BB0001909119E3A2069E000680077A5FFFFB36C
:102BC0009405000B09B8ADFFFFFFFF9DEFAF520565
:102BD000006A219DF7FFFFD26B683A206A00000669
:102BE00000E910091909190A190919091909190916
:102BF0001909190919091909190919091987082D34
:102C00003A206A2000548CFFFFDEF7BACE45080A4E
:102C10001909190919091909190919270009199B0D
:102C2000D6FFFF9EF7B43A206A4000FFFF18C603A4
:102C300000A610091926007384FFFFFFFFDFFF487D
:102C40002965002919091909192600063A206A6020
:102C500000748CFFFFFFFFFFFFA5182400A8086D7C
:102C60004AFFFFFFFFFFFFF8BDFFFFDAD60721880D
:102C700010B73A206A80002D42FCDEFFFFFFFFFF05
:102C8000FFFFFFED5A02000919291947000B3A9E70
:102C9000F7FFFFFFFF96B5A03A206AA0000300C827
:102CA00010E91868082F5BAB29E9100919091909FF
:102CB00019091909190919091909190919013A20D4
:102CC0006AC000091909190919091909190919A965
:102CD00008060057ADFFFF59CE030027003374DF0D
:102CE000F7FFFF653A206AE000FFFFFFFF1AB62AF0
:102CF0002106006D4ADEFFFFFF50632600A8100981
:102D0000190919091909190919AC3A206B000009A8
:102D100019091909190919091909190919870874CB
:102D20008CFEFF7DEFBEF72B3A0600291909190B1F
:102D30003A206B2000091988080500CB319ACEDEB5
:102D4000FF5CE7DEF75DEF672925002919C810A8A9
:102D5000109BCEFFFF0B3A206B4000FFFFDBD664D9
:102D600008C81009190919E91887109AD6FFFFFF3A
:102D7000FF2E6303000919470019C61E3A206B6035
:102D800000FFFFFFFF39C60621FFFFFFFF1CDF9B8F
:102D9000CEFFFFFFFFFFFFFFFFFFFF1CDF440886A2
:102DA00008C83A206B80002919E810060077ADFFAB
:102DB000FFFFFFDFFF093A44000A190500D273FF45
:102DC000FF538467000919653A206BA000091909AF
:102DD00019091909190919091909190919091909E3
:102DE0001909190919091968008808B594DA3A20EF
:102DF0006BC000FFFFDBD6E7200500CC29BEEFFF4C
:102E0000FFFFFFFFFFFFFFFFFFB8A56B2106000BD1
:102E10003A3CE70B3A206BE000FFFF57ADC8106764
:102E200000E91809190919091909190919091909CC
:102E3000190919091909198708703A206C000090BE
:102E40006B7DEFDBDE3CE7DAD6AB3147004700872E
:102E5000086A2194945CE75DEFDBDE5CE75DE706E2
:102E60003A206C2000094203002A1909190500F2D2
:102E70007BFFFFDEFFFFFF38C60300E8102919E9DA
:102E8000180500748C153A206C4000FFFFFFFF729C
:102E90008C0300E9184600916BFFFFFEFFDEF7E9A7
:102EA000410200F59CFFFFFFFFFFFF6D3A206C60C1
:102EB00000BEF75284BAD6FFFFFFFF56A5020009F5
:102EC0001909190600716BFFFFFFFFFFFFF17B037C
:102ED00000713A206C8000C8100700916BFFFF5909
:102EE000C60619C810091909190919091909190972
:102EF00019091909190919D33A206CA000091909EF
:102F0000190919C8104700AB319BD6FFFFD7BD8503
:102F1000100400725BDFF7FFFFFFFFFFFF3A3A206C
:102F20006CC000FFFFFFFFFFFFBEF7F8B5AB290441
:102F300000081918C6FFFF1CDFAE524600670009E3
:102F4000190919973A206CE000091909190919099A
:102F500019091909190919C810CC39FBDEBAD6BAF2
:102F6000D6FBDEDBDE76ADF494933A206D0000975D
:102F7000ADBBD65CEFDBDE9AD6FBDE9DEF8B4A0263
:102F800000081909190600CE52DEF7FFFF5DE76E53
:102F90003A206D20009DF77DEFC61805004700061A
:102FA000000F5BDEF7FFFF7ACE6408A708A81029A0
:102FB000195DEF9DEFB13A206D4000FFFF728C026A
:102FC00000C8108610ED5A518C4F6BE518C618FCDE
:102FD000DE9DEFFFFF728C0200A810F23A206D60B8
:102FE000000500706B9DF79DEFBEF75DEF6408452F
:102FF000000600D273FFFFBAD6E61844002919096B
:1030000019E23A206D8000091909190919091909ED
:1030100019091909190919091909114700A8109165
:1030200073BFF7FFFFD394893A206DA0000300041B
:10303000001153FFFFFFFFFFFFFFFFFFFFFFFFFF39
:10304000FFFFFFFFFFFFFF1AB68E4A0500CF3A20B1
:103050006DC00086088F6BFFFFFFFF19BE6A210657
:1030600000870809190919091909190919091909FC
:10307000190919283A206DE0008708149D3CEF9942
:10308000CEBAD6DAD6FBDEFBDEDBDEDAD6BAD6790E
:10309000CEFBDE1CE7CC5A02008B3A206E0000C843
:1030A0001009198708EE5A9DEF7DEFF49C3CE71C50
:1030B000DF9CEF76AD0B3AEB39D49C3CE79DEFC536
:1030C0003A206E20005DEF6721440808190600B41D
:1030D000947CEF3CE7FBDE240886082919A81045FC
:1030E0000044004400DB3A206E400005004A21DA2B
:1030F000D63CE73CE738BE6508C81032849DF75CD3
:10310000EFFBDEBEF7F07B00002600DD3A206E60AC
:10311000003384FFFF3CE726292400091909190917
:10312000190919091909190919091909190919E9AF
:1031300018723A206E8000670826004D421CDFFF9F
:10314000FF5DEF4A4A03000600B26BDFF7FFFFFFA7
:10315000FFFFFFFFFFFFFF033A206EA000FFFFFF0E
:10316000FFFFFFFFFFFFFFFFFFFFFF958CA8080396
:1031700000071935ADFFFFFFFF97B52D3A5B3A20E9
:103180006EC00067006700C81009190919091909FC
:10319000190919E810C71018C63CE79AD659CE5934
:1031A000CE59CEAD3A206EE00059CE59CEBAD63CBB
:1031B000E717C6672902000811C918E818660093C6
:1031C0008C7DEF4A4A010039C6A33A206F00003CCB
:1031D000E779CE1BE71BE73CE71BE73CE7BAD6C81D
:1031E000390400081946008C4A1BE7BAD63BE7357C
:1031F0003A206F20004A4203000819C818C818E88E
:1032000018C8180819E8108708359D3BE779CEDB08
:10321000DEDADEBAD61D3A206F40009DF799CE184F
:10322000BEBAD6DADEB6BD2F63D8BDFEFFD7BDC5A8
:103230001824000919091909190919643A206F603D
:103240000009190919091909190919C8104700A80D
:1032500008CF529AD6FFFF7DE731840300040009AE
:1032600019C73A206F8000B8B5FFFFFFFFFFFFFFCF
:10327000FFFFFFFFFFFFFFFFFFFFFFFFFFFFFFFF5E
:10328000FFFFFFFFFFFFF7AA3A206FA0007ACECE24
:103290005204000400EA3196B5FFFFFFFFB7B52FD7
:1032A00063470805008708081908190819BB3A2060
:1032B0006FC000081987080719B2941BE75CEF3C40
:1032C000E73CE73CE77CEF59CEAF73A4102400E85D
:1032D00018C818793A206FE000C818C818C8102814
:1032E00021A731640026000A42DAD67DEFDAD6DA69
:1032F000D63BE7BDF7F7BD6721743A207000002484
:1033000000C818A81087081BDF7DEF7DEF149D0211
:1033100000C810C810C810C810C818C818C818A00D
:103320003A20702000C81867000A3A5CE73CE79A28
:10333000D6FBDEDEFF9AD606214E6B7DEF79CEBA44
:10334000D69CEFFEFF1E3A20704000F49CA410446F
:1033500000C818E818C818E818081908190919E861
:103360001846000500E818D17359C6D63A20706097
:1033700000FFFFFFFFD394061902002600315B7A9D
:10338000CEFFFFFFFFFFFFFFFFFFFFFFFFFFFFFF7E
:10339000FFA23A20708000FFFFFFFFFFFFFFFFFF4B
:1033A000FFFFFFFFFFFFFFFFFFFFFF59C6AB312607
:1033B0000004002721738C983A2070A0009DF7FF2D
:1033C000FF5CE7F59C4C4287084708A708A710A8B0
:1033D00018A81024000619AB528F6B6F6B0C3A20A3
:1033E00070C000EC52C83123002300A710C818C8D1
:1033F00010C810C810C818C810A7106608C810C890
:10340000186508123A2070E000A5108F7376B5D7C2
:10341000BD92942A4203006500C818C8108708AA04
:1034200031B294107C3184E5187A3A20710000653D
:1034300008C818C818C818C818C810C810C810C8B4
:1034400010C81845006721349D38C696ADEC5A1D4A
:103450003A20712000630804008610F39CDADE9A9B
:10346000D614A5E93902008608C818C818C818C8B3
:1034700018C810C710F93A2071400067006600A70D
:1034800010EF5297B57DEFFFFF3CE76F6B641003C1
:10349000006700CF5ADCCEFFFFFFFF0A3A207160C1
:1034A00000FFFFFFFFFFFFFFFFFFFFFFFFFFFFFF2B
:1034B000FFFFFFFFFFFFFFFFFFFFFFFFFFFFFFFF1C
:1034C000FF2F3A20718000FFFFFFFFFFFF1BE7F493
:1034D0009C0C3A2600030007214E6338C6DEF7FE37
:1034E000FF79CE938C2C42773A2071A000E8182601
:1034F0000046008608670825002400440024004494
:1035000000A708C810C810C810C810C8108A3A20F0
:1035100071C000C810C810C810C810C810C810C8A2
:1035200010C8188608430064088508030024008733
:1035300010C810873A2071E000C710C710C810A744
:10354000080300030003008508C818C810C810C885
:1035500018C818C810C818C810E43A20720000C86B
:1035600010C810C81865082300C510440823008639
:1035700008C81087086508472927214400240088C7
:103580003A20722000C710E818C818A71066002556
:103590000086082921AD52149DDAD6FFFF9CF776EC
:1035A000B56C4A8510163A2072400002006600F0A1
:1035B000529ACEFFFFFFFFFFFFFFFFFFFFFFFFFF5E
:1035C000FFFFFFFFFFFFFFFFFFFFFF343A207260A6
:1035D00000FFFFFFFFFFFFFFFFFFFFFFFFFFFFFFFA
:1035E000FFFFFFFFFFFFFFFFFFFFFF5CE7D49C50E3
:1035F00063C23A207280002600040024006831AFC4
:103600007358CEBDF77DF79AD656AD5063EB318730
:1036100010260046008608C43A2072A0008810A830
:1036200010A818C810C810C818C818C818C710C7DC
:1036300010C718C718C718C718C718C718863A2060
:1036400072C000C818C818A710A608A718C718C7BE
:1036500018C718C718C718C718C718A818C818C88F
:1036600018C818513A2072E000C718C718C718C701
:1036700018C718C718C718C718C718C718C718C851
:1036800018A810A608A710C8181C3A20730000C874
:1036900018C818C810A810860886088710871087D1
:1036A0000846000500C8184C429073D7BDFBDE1BCE
:1036B0003A20732000BDF75CEFF7BD2D63061903B8
:1036C000000300C8183063DCCEFFFFFFFFFFFFFFE1
:1036D000FFFFFFFFFFD43A20734000FFFFFFFFFF13
:1036E000FFFFFFFFFFFFFFFFFFFFFFFFFFFFFFFFEA
:1036F000FFFFFFFFFFFFFFFFFFFFFF4D3A2073605B
:1037000000FFFFFFFFFFFFFFFFFFFFFFFFFFFFFFC8
:10371000FFBAD6538CEB3967080300030048294EE3
:103720006BEB3A2073800055A5DAD69EF7DDFFFAE1
:10373000D656A5327CAD526929E718860866004640
:103740000866088610A710CC3A2073A000C718C7D7
:1037500018C718C718C718C710C710C710C710C791
:1037600010C710C710C710C710C710C710353A20B0
:1037700073C000C710C710C710C710C710C710C745
:1037800010C710C710C710C710C710C710C710C781
:1037900010C7103D3A2073E000C710C710C710C70C
:1037A00018C718C718C718A71087108710460845EC
:1037B0000846088608E818CA31353A207400002EF9
:1037C0005B538C96B53CE7DEFF9DF779CEB394CC86
:1037D0005AE618020004008608CE4A35A5DCD63B1E
:1037E0003A20742000FFFFFFFFFFFFFFFFFFFFFFF6
:1037F000FFFFFFFFFFFFFFFFFFFFFFFFFFFFFFFFD9
:10380000FFFFFFFFFF6C3A20744000FFFFFFFFFF48
:10381000FFFFFFFFFFFFFFFFFFFFFFFFFFFFFFFFB8
:10382000FFFFFFFFFFFFFFFFFFFFFF4C3A20746029
:1038300000FFFFDEF79EF7D7B5D0736A21050003BE
:10384000000400E6182A42F07BF7BD5CEFBEF7BD2E
:10385000F7013A20748000FBDE39C656AD738C0E3A
:103860005BCB3107196608450004000400050045DC
:1038700000460046088608663A2074A000A608A7FD
:1038800008A708A710A710A710A710C710C710C730
:1038900010C710C710C710C710C710C710553A205F
:1038A00074C000C710A710A710A710A710A708A7DB
:1038B00008A608660846084500250005000400051E
:1038C000002500943A2074E000860848190B426FE6
:1038D0006BB49476AD79CE5BE79DF79DF71BDF5611
:1038E000AD6E6BE939A5100300AA3A2075000002FD
:1038F0000046006931B16B1ABEDFF7FFFFFFFFFF23
:10390000FFFFFFFFFFFFFFFFFFFFFFFFFFFFFFD3F3
:103910003A20752000FFFFFFFFFFFFFFFFFFFFFFC3
:10392000FFFFFFFFFFFFFFFFFFFFFFFFFFFFFFFFA7
:10393000FFFFFFFFFF6B3A20754000FFFFFFFFFF17
:10394000FFFFFFFFFFFFFFFFFFFFFFFFFFFFFFFF87
:10395000FFFFFFFFFFFFFF79CEF594773A207560F8
:10396000004D4A4821250003000200230027210DB5
:1039700063928C75AD58C6FBDE5CF79DEF9DEF1B27
:10398000E7623A2075800099CE96B59394F1730E54
:103990005B6D4A2B42CA3169292821E718A718A76D
:1039A00010A610A6088608E43A2075A000860886AE
:1039B000088608860886088608860886088608A677
:1039C0000887108710C718081928298931E63A2076
:1039D00075C000CA316C42AD4A4F631284F49CD763
:1039E000BDDAD63BE77DEF9DEF7CEFDAD638C63403
:1039F000A531842E3A2075E0008B52C510020002DA
:103A0000000400250089290F5BD49C38BEFFFFFF0E
:103A1000FFFFFFFFFFFFFFFFFF363A20760000FFAA
:103A2000FFFFFFFFFFFFFFFFFFFFFFFFFFFFFFFFA6
:103A3000FFFFFFFFFFFFFFFFFFFFFFFFFFFFFF8A0B
:103A40003A20762000FFFFFFFFFFFFFFFFFFFFFF91
:103A5000FFFFFFFFFFFFFFFFFFFFFFFFFFFFFFFF76
:103A6000FFFFFFFFFF6A3A20764000FFFFFFFFFFE6
:103A7000FFFFFFFFFFFFFFFFFFFFFF9EEF3CE7B8E9
:103A8000B5D173AD4A081905000300B93A20766034
:103A90000002000300C51068298B4A6E6B11841464
:103AA000A5F8BDBAD65CE79CEF9DF77DEF7CEF3CB7
:103AB000E7023A20768000FBDE9AD639C6F8BDD7F9
:103AC000B576AD35A5159DF49CB394B394B394B37A
:103AD00094B394D39C159D9E3A2076A00015A535ED
:103AE000A576B5D7B518C659CEBAD6FBDE5CE77C4D
:103AF000EF7DEF7DEF9CEF3BE799D6D7B5E33A201A
:103B000076C000D49CD0732D634A42072164080319
:103B10000002000400660869216C4A7063F8B51C55
:103B2000DFFFFF173A2076E000FFFFFFFFFFFFFFF8
:103B3000FFFFFFFFFFFFFFFFFFFFFFFFFFFFFFFF95
:103B4000FFFFFFFFFFFFFFFFFFAA3A20770000FF04
:103B5000FFFFFFFFFFFFFFFFFFFFFFFFFFFFFFFF75
:103B6000FFFFFFFFFFFFFFFFFFFFFFFFFFFFFF89DB
:103B70003A20772000FFFFFFFFFFFFFFFFFFFFFF5F
:103B8000FFFFFFFFFFFFFFFFFFFFFFFFFFFFFFFF45
:103B9000FFFFFFFFFF693A20774000FFFFFFFFFFB5
:103BA000FFFFFFFFFF5DE777ADF49CB1730B3AE7D2
:103BB0001045000400040003000300883A207760E9
:103BC00000040084082621A8314B4AEC528F6B7206
:103BD0008CD39C75ADD7BDF7BD59CE79CE9AD6BAE8
:103BE000D6473A207780009AD6DADEDADEDADEDAF5
:103BF000DEDBDEFADEDAD69AD69AD679CE59CEF761
:103C0000BD97B535A5D394C93A2077A00011844E4D
:103C10006BAC5A0A428829061944080300030003C2
:103C200000030024004608E7188D4AB173953A2036
:103C300077C0003284F4947EE7FFFFFFFFFFFFFFB1
:103C4000FFFFFFFFFFFFFFFFFFFFFFFFFFFFFFFF84
:103C5000FFFFFF203A2077E000FFFFFFFFFFFFFF9D
:103C6000FFFFFFFFFFFFFFFFFFFFFFFFFFFFFFFF64
:103C7000FFFFFFFFFFFFFFFFFFA93A20780000FFD3
:103C8000FFFFFFFFFFFFFFFFFFFFFFFFFFFFFFFF44
:103C9000FFFFFFFFFFFFFFFFFFFFFFFFFFFFFF88AB
:103CA0003A20782000FFFFFFFFFFFFFFFFFFFFFF2D
:103CB000FFFFFFFFFFFFFFFFFFFFFFFFFFFFFFFF14
:103CC000FFFFFFFFFF683A20784000FFFFBAD6BA37
:103CD000D67ACED8BDF173CD524C420B326929C78A
:103CE0001865080400030002000100F73A2078601C
:103CF000000200010002000200230024006408A565
:103D000010A510C618C618C618C618C618C610A51D
:103D100010033A2078800085104408240023000214
:103D200000020001000200020002000400040086FC
:103D300008E7188929AA31933A2078A0000B3A8C19
:103D4000521174D8BD18C6F7BDDFEFFFFFFFFFFFAC
:103D5000FFFFFFFFFFFFFFFFFFFFFFFFFF3D3A20D9
:103D600078C000FFFFFFFFFFFFFFFFFFFFFFFFFF28
:103D7000FFFFFFFFFFFFFFFFFFFFFFFFFFFFFFFF53
:103D8000FFFFFFC83A2078E000FFFFFFFFFFFFFFC3
:103D9000FFFFFFFFFFFFFFFFFFFFFFFFFFFFFFFF33
:103DA000FFFFFFFFFFFFFFFFFFA83A20790000FFA2
:103DB000FFFFFFFFFFFFFFFFFFFFFFFFFFFFFFFF13
:103DC000FFFFFFFFFFFFFFFFFFFFFFFFFFFFFF877B
:103DD0003A20792000FFFFFFFFFFFFFFFFFFFFFFFB
:103DE000FFFFFFFFFFFFFFFFFFFFFFFFFFFFFFBE24
:103DF000F79DEF9EF78B3A207940009EEF9DEFDB19
:103E0000D6B8A5779D117CB073906B4F6BEF5AAD10
:103E1000524C4A0B3AA93149292821CF3A207960DE
:103E200000082107190719071907190719071908A1
:103E30002128298929A931EB418C4AAD52EE5A2F0C
:103E4000633D3A207980002F638F73AF73779DB9FC
:103E5000A5DBD67DEF7DEF7DEF5CEF9EEFFFFFFFF3
:103E6000FFFFFFFFFFFFFFFC3A2079A000FFFFFFED
:103E7000FFFFFFFFFFFFFFFFFFFFFFFFFFFFFFFF52
:103E8000FFFFFFFFFFFFFFFFFFFFFFFFFFE73A20FE
:103E900079C000FFFFFFFFFFFFFFFFFFFFFFFFFFF6
:103EA000FFFFFFFFFFFFFFFFFFFFFFFFFFFFFFFF22
:103EB000FFFFFFC73A2079E000000000000000008B
:103EC00000000000000000000000000000000000F2
:103ED00000000000000000000F783A207A0000FF88
:103EE000FFFFFFFFFFFFFFFFFFFFFFF000000000ED
:103EF0000000000000000000000000000000008240
:103F00003A207A20000000000000000000000000BD
:103F100000000000000000000000000000000000A1
:103F20000000000000463A207A4000000000000037
:103F30000000003FFFFFFFFFFFFFFFFFFFFFFFFF4E
:103F4000FFFFFFFFFFFFFC00000000FD3A207A604A
:103F50000000000000000000000000000000000061
:103F60000000000000000000000000000000000051
:103F700000063A207A8000000000000000000000E7
:103F8000000000000000000000FFFFFFFFFFFFFF38
:103F9000FFFFFFFFFFFFFFF43A207AA000FFFFFFC3
:103FA000FFFFFFFFFFFFFF00000000000000000018
:103FB00000000000000000000000000000D03A20D7
:103FC0007AC00000000000000000000000000000B7
:103FD0000000000000000000000000000000003FA2
:103FE000FFFFFF6A3A207AE000FFFFFFFFFFFFFFBD
:103FF000FFFFFFFFFFFFFFFFFFFFFFFFFFFFFFFFD1
:10400000FC0000000000000000A13A207B0000003E
:1040100000000000000000000000000000000000A0
:10402000000000000000000000000000000000652B
:104030003A207B20000000000000000FFFFFFFFF80
:10404000FFFFFFFFFFFFFF0000000000000000FF78
:10405000FFFFFFFFFF473A207B4000FFFFFFFFFF0E
:10406000F000000000000000000000000000000060
:1040700000000000000000000000003A3A207B60D1
:104080000000000000000000000000000000000030
:1040900000003FFFFFFFFFFFFFFFFF0000000000E9
:1040A00000CE3A207B8000000000000000000000ED
:1040B00000FFFFFFFFFFFFFFFFFC0000000000000C
:1040C00000000000000000F13A207BA0000000008A
:1040D00000000000000000000000000000000000E0
:1040E000000000000000000000FFFFFFFFC93A20B1
:1040F0007BC000FFFFFFC0000000000000000000C8
:10410000000000000000000000000003FFFFFFFFB0
:10411000FFFFFFEC3A207BE0000000000000000001
:10412000000000000000000000000000000000008F
:10413000000000000000000000853A207C00000024
:10414000000000000003FFFFFFFFFFFFC0000000B2
:10415000000000000000000000000000000000A7B8
:104160003A207C200000000000000003FFFFFFFF5A
:10417000FFFFC00000000000000000000000000081
:104180000000000000873A207C4000000000000092
:1041900000000000000000000000000003FFFFFF1F
:1041A000FFFFF00000000000000000363A207C60B5
:1041B00000000000000000000000000000000000FF
:1041C00000000000000FFFFFFFFFFFC00000000025
:1041D000003A3A207C80000000000000000000004F
:1041E00000000000000000000000000000000000CF
:1041F00000000003FFFFFFE43A207CA000FFFC006A
:1042000000000000000000003FFFFFFFFFFFFFFF76
:10421000FFFFFFFFFFFC000000000000009A3A20B3
:104220007CC00000003FFFFFFFFFC0000000000057
:10423000000000000000000000000000000000007E
:10424000000000A93A207CE000000000000000000F
:1042500003FFFFFFFFF0000000000000003FFFFF32
:10426000FFFFFFFFFFFFFFFFFF613A207D0000FF20
:10427000FFFFFFFFFFFFFC000000000000000FFF3A
:10428000FFFFFFC00000000000000000000000A3CE
:104290003A207D2000000000000000000000000027
:1042A0000000000000000003FFFFFFFFC00000004F
:1042B000000000FFFF863A207D4000FFFFFFFFFF68
:1042C000FFFFFFFFFFFFFFFFFFFFFFFFFFFFFFFFFE
:1042D000FF00000000000003FFFFFF393A207D606F
:1042E00000FFC0000000000000000000000000000F
:1042F000000000000000000000000000000000FFBF
:10430000FF463A207D8000FFFFC000000000003F14
:10431000FFFFFFFFFFFFFFFFFFFFFFFFFFFFFFFFAD
:10432000FFFFFFFFFFFFFFFD3A207DA000FFFFFF23
:10433000FC000000000003FFFFFFFF000000000082
:1043400000000000000000000000000000CB3A2048
:104350007DC0000000000000000000003FFFFFFFE4
:10436000C0000000000FFFFFFFFFFFFFFFFFFFFF88
:10437000FFFFFFA53A207DE000FFFFFFFFFFFFFFEB
:10438000FFFFFFFFFFFFFFFFFFFFF0000000000344
:10439000FFFFFFFC0000000000A83A207E000000A4
:1043A000000000000000000000000000000000000D
:1043B0000000000FFFFFFFC0000000003FFFFF599B
:1043C0003A207E2000FFFFFFFFFFFFFFFFFFFFFF00
:1043D000FFFFFFFFFFFFFFFFFFFFFFFFFFFFFFFFED
:1043E000FFFFFFFC00643A207E400000000003FF56
:1043F000FFFFF000000000000000000000000000CF
:1044000000000000000000000000032F3A207E6042
:1044100000FFFFFFC000000003FFFFFFFFFFFFFFE3
:10442000FFFFFFFFFFFFFFFFFFFFFFFFFFFFFFFF9C
:10443000FF5A3A207E8000FFFFFFFFFFFFFFFFFFD4
:10444000FFFFFFC000000003FFFFFFC000000000EF
:10445000000000000000006E3A207EA00000000076
:104460000000000000000000FFFFFFF0000000035C
:10447000FFFFFFFFFFFFFFFFFFFFFFFFFFDF3A2010
:104480007EC000FFFFFFFFFFFFFFFFFFFFFFFFFFFB
:10449000FFFFFFFFFFFFFFFFFFFFFFFFC000000068
:1044A0000FFFFFEE3A207EE000FF0000000000005A
:1044B0000000000000000000000000000000000FED
:1044C000FFFFFC0000000FFFFF6D3A207F0000FFA0
:1044D000FFFFFFFFFC000000000000FFFFFFFFFFE9
:1044E000FFFFFFFFFFFFFFFFFFFFFFFFFFFFFF7E5D
:1044F0003A207F2000FFFFFFFFFFFFF00000003F9A
:10450000FFFFF000000000000000000000000000BD
:1045100000000000002A3A207F40000000FFFFFF5B
:1045200000000003FFFFFFFFFFFFFFFC0000000093
:104530000000000003FFFFFFFFFFFF2F3A207F6016
:1045400000FFFFFFFFFFFFFFFFFFFFFFFFFFFFFF7A
:10455000FFFFFFFFC0000000FFFFFF0000000000A2
:1045600000573A207F80000000000000000000009B
:10457000000000003FFFFFC0000003FFFFFFFFFF40
:10458000FFFFFF00000000E93A207FA000000000CC
:1045900000000000FFFFFFFFFFFFFFFFFFFFFFFF27
:1045A000FFFFFFFFFFFFFFFFFFFFFFFFFFDA3A20E4
:1045B0007FC000C0000003FFFFFC000000000000FF
:1045C000000000000000000000000003FFFFF000FA
:1045D0000003FFF13A207FE000FFFFFFFFFFFFFF36
:1045E000F00000000000000000000000000FFFFFCE
:1045F000FFFFFFFFFFFFFFFFFF943A20800000FF57
:10460000FFFFFFFFFFFFFFFFFFFFFFFFC000000FE7
:10461000FFFFC0000000000000000000000000E0FC
:104620003A20802000000000003FFFFF000000FF54
:10463000FFFFFFFFFFFFFFFF000000003FFFC00084
:1046400000000000000E3A2080400000003FFFFF05
:10465000FFFFFFFFFFFF0003FFFFFFFFFFFFFFFF65
:10466000FFFFFFFFFF000000FFFFFCF93A20806022
:10467000000000000000000000000000000000003A
:1046800003FFFFC000003FFFFFFFFFFFFFFFFFF042
:1046900000183A208080000003FFFFFFFFFFC000EA
:1046A000000000000000003FFFFFFFFFC00000030C
:1046B000FFFFFFFFFFFFFF2B3A2080A000FFFFFF5F
:1046C000FFFFFFFC000003FFFFC000000000000030
:1046D00000000000000000003FFFFC0000CF3A2077
:1046E00080C0000FFFFFFFFFFFFFFFFFFFC00000C4
:1046F000FFFFFFFFFFFFFFFC0000000000000000C5
:10470000000000E53A2080E0000000000003FFFF09
:10471000FFFFFFFFFFFFFFFFFFFFFFFFF000003F76
:10472000FFFC00000000000000613A208100000052
:10473000000000000003FFFFC00000FFFFFFFFFFBD
:10474000FFFFFFFFFC00000FFFFFFFFFFFFFFFA3C6
:104750003A20812000FFF00000000000000000006F
:10476000000000000003FFFFFFFFFFFFFFFFFFFF50
:10477000FFFFFFFFFF5C3A20814000000003FFFFC6
:10478000C00000000000000000000000003FFFFC2F
:1047900000003FFFFFFFFFFFFFFFFFED3A208160BA
:1047A00000FFF00000FFFFFFFFFFFFFFFFFFC00063
:1047B000000000000000000000000000000FFFFFEC
:1047C000FF4D3A20818000FFFFFFFFFFFFFFFFFF4B
:1047D000FFFFFFFC00003FFFFC00000000000000A6
:1047E0000000000000FFFFB73A2081A000C00003D6
:1047F000FFFFFFFFFFFFFFFFFFFFC00003FFFFFF03
:10480000FFFFFFFFFFFC0003FF000000004D3A2008
:1048100081C00000000000000000003FFFFFFFFF1C
:10482000FFFFFFFFFFFFFFFFFFFFFFFFC00003FFD2
:10483000FF0000AF3A2081E000000000000000000F
:1048400000000FFFFC0000FFFFFFFFFFFFFFFFFF67
:10485000FFFF00003FFFFFFFFF453A20820000FFFF
:10486000FFFFFFF0000FFFFC000000000000000051
:10487000000000FFFFFFFFFFFFFFFFFFFFFFFF74D0
:104880003A20822000FFFFFFFFFFFF00003FFFF004
:10489000000000000000000000003FFFC0000FFF0C
:1048A000FFFFFFFFFF0F3A20824000FFFFFFFFFFE7
:1048B00000003FFFFFFFFFFFFFFFFF0000FFFFFFC4
:1048C000FC00000000000000000003F03A208260BD
:1048D00000FFFFFFFFFFFFFFFFFFFFFFFFFFFFFFE7
:1048E000FFFFFFF00003FFFC0000000000000000DD
:1048F00000223A2082800003FFFF0000FFFFFFFF3D
:10490000FFFFFFFFFFFFFFFC0000FFFFFFFFFFFFB8
:10491000FFFFFC0003FFFFF73A2082A000FFFFFC2F
:1049200000000000000000003FFFFFFFFFFFFFFF4F
:10493000FFFFFFFFFFFFFFFFFFFFFFFF00983A2091
:1049400082C00000FFFFC000000000000000000F58
:10495000FFF0000FFFFFFFFFFFFFFFFFFFFFFFFC68
:104960000003FFE03A2082E000FFFFFFFFFFFFFFB0
:10497000F0000FFFFFFFFFFFF0000000000000034A
:10498000FFFFFFFFFFFFFFFFFFA13A20830000FFB3
:10499000FFFFFFFFFFFFFFFFFFFFF0000FFFF00033
:1049A00000000000000000FFFFC0003FFFFFFF808D
:1049B0003A20832000FFFFFFFFFFFFFFFFF000030F
:1049C000FFFFFFFC3FFFFFFFC000FFFFFFFFFFFFF8
:1049D000FFFC000000683A208340000000FFFFFF5A
:1049E000FFFFFFFFFFFFFFFFFFFFFFFFFFFFFFFFD7
:1049F000FFFFFC0003FFFF00000000353A2083604A
:104A00000000000003FFFC0003FFFFFFFFFFFFFFAC
:104A1000FFFFFFFFFFF0000FFFFFFFF03FFFFFFF73
:104A200000E03A2083800003FFFFFFFFFFFFFFFF4E
:104A3000FFF0000FFFFFFFFFFFFFFFFFFFFFFFFF84
:104A4000FFFFFFFFFFFFFFF73A2083A000FFFFFFFC
:104A5000FFC0003FFFC00000000000000FFFF0009B
:104A60003FFFFFFFFFFFFFFFFFFFFFFFFFD23A20E7
:104A700083C000F0000FFFFFFFC03FFFFFFC000FEF
:104A8000FFFFFFFFFFFFFFFFFFFFFFFFFFFFFFFF36
:104A9000FFFFFFAC3A2083E000FFFFFFFFFFFFFFB7
:104AA000FFFFFFFFFFFFFFFFFFFC000FFFF0000015
:104AB000000000003FFFC000FF963A20840000FF86
:104AC000FFFFFFFFFFFFFFFFFFFFFFC0000FFFFF24
:104AD000FF003FFFFFF0003FFFC03FFFFFFFFF363B
:104AE0003A20842000FFFFFFFFFFFFFFFFFFFFFFD3
:104AF000FFFFFFFFFFFFFFFFFFFFFFFFFFFFFFFFC6
:104B0000FFFF0003FF573A20844000FC0000000034
:104B10000000FFFC000FFFFFFFFFFFFFFFFFFFFF95
:104B2000FFFFFFC0000FFFFFFC00FF5B3A20846027
:104B300000FFFFC000FFFC000FFFFFFFFFFFFFFFB4
:104B4000FFFFFFFFFFFFFFFFFFFFFFFFFFFFFFFF75
:104B5000FF4C3A20848000FFFFFFFFFFFFFFFFFFB5
:104B6000F0003FFF000000000003FFF0003FFFFFE8
:104B7000FFFFFFFFFFFFFF8F3A2084A000FFFFFF32
:104B8000FFC00003FFFFF000FFFFFF0003FFF00086
:104B900003FFFFFFFFFFFFFFFFFFFFFFFF293A209B
:104BA00084C000FFFFFFFFFFFFFFFFFFFFFFFFFFCE
:104BB000FFFFFFFFFFFFFFFFFC000FFFC000000033
:104BC000000FFFD93A2084E000C000FFFFFFFFFF85
:104BD000FFFFFFFFFFFFFFFFFFC00003FFFF00031A
:104BE000FFFFFC000FFFC03F03FC3A20850000FFE1
:104BF000FFFFFFFFFFFFFFFFFFFFFFFFFFFFFFFFC5
:104C0000FFFFFFFFFC0000FFFFFFFFFFFFFFFF7C38
:104C10003A20852000FFFF0003FFF0000000003F66
:104C2000FF0003FFFFFFFFFFFFFFFFFFFFFFFFFF8F
:104C3000FFC00000FF593A20854000F00003FFFF4D
:104C4000F0003FFFC0FF03FFFFFFFFFFFFFFFFFF7D
:104C5000FFFFFFFFFFFFFFFFFFFFFF4E3A208560D2
:104C600000FFF00003FFFFFFFFFFFFFFFFFFFFC09C
:104C700000FFFC000000003FFC000FFFFFFFFFFFF4
:104C8000FF143A20858000FFFFFFFFFFFFFFFFC0FA
:104C900000000000000FFFFFF0003FFFC0FF03FF18
:104CA000FFFFFFFFFFFFFF2E3A2085A000FFFFFF61
:104CB000FFFFFFFFFFFFFFFFFFFFC00003FFFFFF3E
:104CC000FFFFFFFFFFFFFFF0003FFC0000E43A2082
:104CD00085C0000000FFFC003FFFFFFFFFFFFFFF5C
:104CE000FFFFFFFFFFFFFFC000000000003FFFFFCE
:104CF000C000FFB33A2085E000FF00FC03FFFFFF88
:104D0000FFFFFFFFFFFFFFFFFFFFFFFFFFFFFFFFB3
:104D1000FFFFC0000FFFFFFFFFC73A20860000FF24
:104D2000FFFFFFFFFFFC003FFF00000003FFF0005C
:104D3000FFFFFFFFFFFFFFFFFFFFFFFFFFFFFF433F
:104D40003A20862000F00000000000FFFFFF000373
:104D5000FFFF00F00FFFFFFFFFFFFFFFFFFFFFFF61
:104D6000FFFFFFFFFF5D3A20864000FFFFFFFFFFD0
:104D700000003FFFFFFFFFFFFFFFFFFFFFFF000FF0
:104D8000FFC0000003FFC003FFFFFF5B3A20866007
:104D900000FFFFFFFFFFFFFFFFFFFFFFFFF000002F
:104DA000000003FFFFFC000FFFFF00000FFFFFFFED
:104DB000FF013A20868000FFFFFFFFFFFFFFFFFF9C
:104DC000FFFFFFFFFFFFFFFC00003FFFFFFFFFFFB4
:104DD000FFFFFFFFFFFFC0FA3A2086A00003FFC0DD
:104DE00000000FFFC00FFFFFFFFFFFFFFFFFFFFFF0
:104DF000FFFFFFFFFFFC000000000FFFFF213A2034
:104E000086C000FC000FFF0000003FFFFFFFFFFF18
:104E1000FFFFFFFFFFFFFFFFFFFFFFFFFFFFFFFCA5
:104E20000000FF6A3A2086E000FFFFFFFFFFFFFF60
:104E3000FFFFFFFFF003FFF000003FFF003FFFFF19
:104E4000FFFFFFFFFFFFFFFFFF313A20870000FF5A
:104E5000FFFFFFFF000000003FFFFFF00000000029
:104E60000000FFFFFFFFFFFFFFFFFFFFFFFFFF3E11
:104E70003A20872000FFFFFFFFFFFFFFFFF0000346
:104E8000FFFFFFFFFFFFFFFFFFFFFFFFFC00FFFC37
:104E900000003FFC00283A208740003FFFFFFFFF53
:104EA000FFFFFFFFFFFFFFFFFFFFFFFFC00000004E
:104EB000FFFFC00000000000000FFF5E3A20876087
:104EC00000FFFFFFFFFFFFFFFFFFFFFFFFFFFFFFF1
:104ED000FFFFFFFFFFF00003FFFFFFFFFFFFFFFFEC
:104EE000FF233A20878000FFFFFFFC003FFC00000B
:104EF0003FFC00FFFFFFFFFFFFFFFFFFFFFFFFFF84
:104F0000FFFFFFFFF000008B3A2087A0000FFFC0DB
:104F1000000000000000F00FFFFFFFFFFFFFFFFF9A
:104F2000FFFFFFFFFFFFFFFFFFFFFFFFFF013A2033
:104F300087C000C0000FFFFFFFFFFFFFFFFFFFFF65
:104F4000FFFFFF003FFC0000FFFC00FFFFFFFFFF33
:104F5000FFFFFFA93A2087E000FFFFFFFFFFFFFFF1
:104F6000FFFFFF0003FFF0000000003FFFFFFC0316
:104F7000FFFFFFFFFFFFFFFFFF5E3A20880000FFFB
:104F8000FFFFFFFFFFFFFFFFFFFFFF00000FFFFF1F
:104F9000FFFFFFFFFFFFFFFFFFFFFF003FFF0024BA
:104FA0003A2088200000FFF003FFFFFFFFFFFFFF14
:104FB000FFFFFFFFFFFFFFFFFFFFFFFFFFFF0000FF
:104FC000000003FFFF5A3A20884000FFFF00FFFF68
:104FD000FFFFFFFFFFFFFFFFFFFFFFFFFFFFFFFFE1
:104FE000FFFFFF00003FFFFFFFFFFFF53A20886053
:104FF00000FFFFFFFFFFFFFFFFC00FFF0000FFF0FC
:1050000003FFFFFFFFFFFFFFFFFFFFFFFFFFFFFFAC
:10501000FF503A20888000FFFFFFFFF00003F00000
:105020000FFFFFFFFFF3FFFFFFFFFFFFFFFFFFFF8C
:10503000FFFFFFFFFFFFFF0C3A2088A000FFFFFFEC
:10504000FC0000FFFFFFFFFFFFFFFFFFFFFFFFFF71
:10505000FFC00FFF0003FFF003FFFFFFFF0E3A202A
:1050600088C000FFFFFFFFFFFFFFFFFFFFFFFFFF05
:10507000FFFFFFF000FFC0003FFFFFFFFFFFFFFF4C
:10508000FFFFFFC43A2088E000FFFFFFFFFFFFFFA4
:10509000FFFFFFFFFFFFFFFFF00000FFFFFFFFFF2D
:1050A000FFFFFFFFFFFFFFFFFFA53A20890000C0C1
:1050B0000FFFC003FFC003FFFFFFFFFFFFFFFFFF66
:1050C000FFFFFFFFFFFFFFFFFFFFFFF00FFF001AD3
:1050D0003A20892000003FFFFFFFFFFFFFFFFFFF97
:1050E000FFFC003FFFFFFFFFFFFFFFFFFFFFFFFF92
:1050F000F00003FFFFE23A20894000FFFFFFFFFFBF
:10510000FFFFFFFFFFFFFFC003FFC003FFC00FFF54
:10511000FFFFFFFFFFFFFFFFFFFFFFDC3A2089607B
:1051200000FFFFFC00FFFFFFFFF0FFFF0000FFFF9D
:10513000FFFFFF0FFFFFFFFFFFC0000FFFFC003F5F
:10514000FF063A20898000FFFFFFFFFFFFFFC0003E
:105150000FFFFFFFFFFFFFFFFFFFFFFFFFFFFFF05E
:1051600003FFC003FFC00F9A3A2089A000FFFFFF92
:10517000FFFFFFFFFFFFFFFFFFFFFF00003FFFFFFD
:10518000FFFFFFFC0003FFFFFFFF0000FF913A203D
:1051900089C000C0FFFFFC000003FFC0000FFFFF3D
:1051A000FFFC0000FFFF00000FFFFFFFFFFFFFFFFE
:1051B000FFFFFF103A2089E000FFFFFFFFF003FF31
:1051C000C003FFC00FFFFFFFFFFFFFFFFFFFFFFF59
:1051D000FFFFFC00003FFFFFFFCD3A208A0000FFE9
:1051E000FFF00003FFFFFFF00000FC003FFFF000B6
:1051F0000003FC000003FFFFFFC000000FFF008161
:105200003A208A2000003FFFFFFFFFFFFFFFFFFF64
:10521000FFFFFFFFFFF003FFC003FFC00FFFFFFF13
:10522000FFFFFFFFFF8A3A208A4000FFFFFFFFFFDA
:10523000C00000FFFFFFFFFFFFC0000FFFFFFF00E8
:105240000000F0003FFFC0000003F0B43A208A6085
:1052500000000000FFFFFC00000003FC0000FFFF57
:10526000FFFFFFFFFFFFFFFFFFFFFFFFFFF003FF59
:10527000C05A3A208A800003FFC003FFFFFFFFFFF0
:10528000FFFFFFFFFFFFFFFF00000FFFFFFFFFFF1C
:10529000FFC0000FFFFFF0583A208AA00000000373
:1052A000FC003FFC00000003C0000000FFFFF00016
:1052B000000000F00000FFFFFFFFFFFFFFE23A20C9
:1052C0008AC000FFFFFFFFFFFFFFFFC003FFC00317
:1052D000FFF003FFFFFFFFFFFFFFFFFFFFFFFFFCEC
:1052E00000003FF83A208AE000FFFFFFFFFFFF00C9
:1052F000003FFFFFC000003FFC000FFC0000000368
:1053000000000000FFFF000000383A208B00000082
:1053100000F00003FFFFFFFFFFFFFFFFFFFFFFFFA6
:10532000FFFFFFC00FFFC000FFF003FFFFFFFFF50F
:105330003A208B2000FFFFFFFFFFFFFFFFFC000371
:10534000FFFFFFFFFFFFFC0000FFFFFF000003FF68
:10535000FC000FF0004E3A208B40000F00000000D0
:105360000000FFFC000003F000C0000FFFFFFFFF84
:10537000FFFFFFFFFFFFFFFFFFFFFF583A208B609B
:1053800000C00FFF0000FFF003FFFFFFFFFFFFFF64
:10539000FFFFFFFFFFF0000FFFFFFFFFFFFFF00029
:1053A00000583A208B8000FFFFFC00000FFFFC003C
:1053B0000FC000FFC00000300000FFF000003FFC05
:1053C0000000000FFFFFFFDD3A208BA000FFFFFF72
:1053D000FFFFFFFFFFFFFFFFFFC00FFF0000FFFC0D
:1053E00000FFFFFFFFFFFFFFFFFFFFFFFF043A206B
:1053F0008BC000C0000FFFFFFFFFFFFFC00003FFD7
:10540000FFF00000FFFFFC000F0003FFC00000F0F2
:105410000000FF613A208BE000C00003FFFF0000A6
:10542000003FFFFFFFFFFFFFFFFFFFFFFFFFFFFF4B
:10543000FF003FFF00003FFC000B3A208C0000FF04
:10544000FFFFFFFFFFFFFFFFFFFFFFC0003FFFFF6A
:10545000FFFFFFFF00000FFFFFC00003FFFFFC9DE9
:105460003A208C2000000C003FFF000000F00003F9
:10547000FF00000FFFFF0000003FFFFFFFFFFFFFE7
:10548000FFFFFFFFFFB73A208C4000FFFFFFFF0048
:105490003FFC00003FFC003FFFFFFFFFFFFFFFFF5F
:1054A000FFFFFF0000FFFFFFFFFFFF743A208C604B
:1054B00000FF00000FFFFFC0000FFFFFFC00000017
:1054C000FFFF000003FC000FFC00003FFFFF000097
:1054D00000DA3A208C8000FFFFFFFFFFFFFFFFFF95
:1054E000FFFFFFFFFFFFFC003FFC00003FFF003F0E
:1054F000FFFFFFFFFFFFFF363A208CA000FFFFFFFA
:10550000FF0000FFFFFFFFFFFFFC00003FFFFF0069
:10551000003FFFFFFC000003FFFC0000034B3A20AC
:105520008CC000FF003FC00000FFFFFC000003FF35
:10553000FFFFFFFFFFFFFFFFFFFFFFFFFFFFFC007D
:10554000FFFC00B13A208CE000000FFFC00FFFFF0E
:10555000FFFFFFFFFFFFFFFFFC0003FFFFFFFFFF59
:10556000FFF00000FFFFFC0000BE3A208D00003F6E
:10557000FFFFFC00000FFFFC000003FFFFFF000027
:1055800003FFFFFC000003FFFFFFFFFFFFFFFF180B
:105590003A208D2000FFFFFFFFFFFFFFF003FFF029
:1055A000000003FFC003FFFFFFFFFFFFFFFFFFFF40
:1055B000FC0003FFFFA03A208D4000FFFFFFFFC06B
:1055C0000000FFFFFC0000FFFFFFFC00003FFFF0BA
:1055D000000003FFFFFC000003FFFF383A208D604E
:1055E00000FC00000FFFFFFFFFFFFFFFFFFFFFFFBB
:1055F000FFFFFFFFC003FFC0000003FFF000FFFF3D
:10560000FF863A208D8000FFFFFFFFFFFFFFFC00B9
:1056100003FFFFFFFFFFFF000003FFFFF00003FF9A
:10562000FFFFFC00003FFFB63A208DA000F0000015
:1056300003FFFFF000000FFFFFFC00003FFFFFFF34
:10564000FFFFFFFFFFFFFFFFFFFFFFFF00993A2073
:105650008DC0000FFFC0000000FFFC003FFFFFFFF8
:10566000FFFFFFFFFFFFFC0003FFFFFFFFFFFC004A
:10567000000FFF903A208DE000FFF00003FFFFFFD6
:10568000FC0000FFFFC0000000FFFF0000003FFF24
:10569000FFFC00003FFFFFFFFF583A208E0000FF95
:1056A000FFFFFFFFFFFFFFFFFFFC003FFF000000C9
:1056B000003FFC000FFFFFFFFFFFFFFFFFFFFCE5C8
:1056C0003A208E20000003FFFFFFFFFFF000003FA5
:1056D000FFFFC00003FFFFFFF00003FFFF00003CDF
:1056E00000FFF000002B3A208E4000003FFFFFF04B
:1056F0000000FFFFFF3FFFFFFFFFFFFFFFFFFFFF78
:10570000FFF0003FFC000000003FFF4B3A208E609E
:10571000000003FFFFFFFFFFFFFFFFFFFC0000FF94
:10572000FFFFFFFFC000003FFFFFC0000FFFFFFFB4
:10573000F0483A208E8000000FFFFF00003C000080
:1057400000000000FFFFFFF00003FFFFFC03FFFF6E
:10575000FFFFFFFFFFFFFFA53A208EA000FFFFC065
:1057600000FFFC000000000FFFC000FFFFFFFFFF75
:10577000FFFFFFFFFC0000FFFFFFFFFC00403A209F
:105780008EC0000000FFFFFFC0000FFFFFFFC00042
:105790000FFFFC0000FC000000000000FFFFFFC046
:1057A0000003FF443A208EE000FFF003FFFFFFFFFD
:1057B000FFFFFFFFFFFFFF0003FFF00000000003FB
:1057C000FFF0003FFFFFFFFFFF6D3A208F0000FF5B
:1057D000FFFFFC00003FFFFFFFF0000003FFFFFFA3
:1057E00000000FFFFFFFC0003FFFFC0000FC002A8D
:1057F0003A208F20000000000000FFFFFFC0000FD4
:10580000FFFFC00FFFFFFFFFFFFFFFFFFFFFFC00D9
:105810000FFFC00000D83A208F4000000000FFFCBE
:10582000000FFFFFFFFFFFFFFFFFFC00000FFFFF68
:10583000FF0000000FFFFFFF00000FEC3A208F6019
:1058400000FFFFFF0000FFFFF00003FF000000303B
:105850000003FFFFFF00000FFFFF003FFFFFFFFF00
:10586000FF8D3A208F8000FFFFFFFFFFF0003FFF1A
:105870000000000000003FFFC000FFFFFFFFFFFF30
:10588000FFFFFC000003FFB43A208FA000FFF000F0
:1058900000003FFFFFFC00000FFFFFFF0003FFFFC2
:1058A000C0000FFFC00000F00003FFFFFC013A2022
:1058B0008FC00000003FFFFC003FFFFFFFFFFFFF26
:1058C000FFFFFFFF0003FFFC0000000000000FFFD0
:1058D000F0003FE73A208FE000FFFFFFFFFFFFFFF0
:1058E000FF0000000FFC00000000FFFFFFF00000C1
:1058F0000FFFFFFC0003FFFFC0B73A20900000003D
:105900000FFFF0000FF00003FFFFF00000FFFFF0BB
:1059100000FFFFFFFFFFFFFFFFFFFFFC000FFF7413
:105920003A20902000F000000000000003FFFC007F
:1059300003FFFFFFFFFFFFFFFF000000000000006C
:105940000003FFFFFF473A20904000C0000003FF24
:10595000FFF0000FFFFF00003FFFFFFFFFF000031D
:10596000FFFFC00000FFFFC003FFFFA73A209060C9
:1059700000FFFFFFFFFFFFFFFFC0003FFFC0000071
:105980000000000000FFFFC0003FFFFFFFFFFFFF20
:10599000FF443A2090800000000000000000000F4B
:1059A000FFFFFF00000003FFFFC0003FFFFC0000FF
:1059B000FFFFFFFFFFF000DE3A2090A00003FFFF93
:1059C000000003FFFF000FFFFFFFFFFFFFFFFFFFD0
:1059D000FC0003FFFF0000000000000000AB3A20C5
:1059E00090C0000FFFF0000FFFFFFFFFFFFFFFC0A1
:1059F000000000000000003FFFFFFC00000000FF6F
:105A0000FC0000963A2090E000FFFFFC0000FFFF42
:105A1000FFFFFFF00000FFFC000003FFF0003FFF6E
:105A2000FFFFFFFFFFFFFFFFF0783A20910000002B
:105A30000FFFF0000000000000000003FFFF000067
:105A4000FFFFFFFFFFFFFFC0000000000000009706
:105A50003A20912000FFFFFFF0003C000000000012
:105A600003FFFFF00003FFFFFFFFFFF00000FFC098
:105A7000000003FFC0A63A2091400000FFFFFFFF97
:105A8000FFFFFFFFFFFF0000FFFFC000000000005E
:105A9000000000003FFFC0000FFFFF503A20916060
:105AA00000FFFFFFFFF000000000000003FFFFFF0A
:105AB000F000FC00000000000FFFFFF0000FFFFFF0
:105AC000FF0E3A20918000FFFFFC00000000000064
:105AD00003FF0003FFFFFFFFFFFFFFFFFFF00003D7
:105AE000FFFC0000000000EB3A2091A00000000045
:105AF00000000FFFFC0000FFFFFFFFFFFFFC0000A6
:105B0000000000000FFFFFFFF00FFC0000A83A208C
:105B100091C0000000003FFFFFC0000FFFFFFFFF2C
:105B2000FFFC0000000000000000000FFFFFFFFF6F
:105B3000FFFFFF843A2091E000FFFF00003FFFF0ED
:105B40000000000000000000000000FFFFC0000394
:105B5000FFFFFFFFFFFF000000883A2092000000D7
:105B60000000FFFFFFFFFC3FFF0000000000FFFF01
:105B7000FF00003FFFFFFFFFFFFF000000003CA60B
:105B80003A2092200000000000FFFFFFFFFFFFFF10
:105B9000FFFFC00003FFFF00000000000000000046
:105BA0000000003FFF383A20924000FC00003FFF19
:105BB000FFFFFFFFF0000000000FFFFFFFFFFFFFF0
:105BC000FFC000000003FFFFFF0000203A209260AA
:105BD000003FFFFFFFFFFFFF00000000FC00000090
:105BE00003FFFFFFFFFFFFFFFFFC00003FFFFC0084
:105BF00000883A20928000000000000000000000B1
:105C00000003FFFFC00000FFFFFFFFFFFC000000DC
:105C100000FFFFFFFFFFFF1C3A2092A000FFFFF0F4
:105C20000000003FFFFFFC0000FFFFFFFFFFFFFF42
:105C3000C0000003FF0000000FFFFFFFFFC13A207C
:105C400092C000FFFFFFFF000003FFFFC000000045
:105C5000000000000000000000003FFFFC00000FFB
:105C6000FFFFFF8B3A2092E000FFFFF000003FFFB4
:105C7000FFFFFFFFFFFFFFFF000000FFFFFFFC0033
:105C800003FFFFFFFFFFFFFFF0653A2093000000D6
:105C9000003FFFC00000FFFFFFFFFFFFFFFFF0001E
:105CA000003FFFFC00000000000000000000002D8D
:105CB0003A2093200000000003FFFFC000003FFFD8
:105CC000FFFFFFFFFFFFFFFFFFFFFFFFFFFFFFFFE4
:105CD000F000FFFFFF513A20934000FFFFFFFFFF5E
:105CE000FFFFFFFFFFFFFF000FFFFFF0000FFFFFB1
:105CF000FFFFFFFFFFFC000003FFFF173A20936048
:105D000000C00000000000000000000000000000D3
:105D1000003FFFFF000000FFFFFFFFFFFFFFFFFF4F
:105D2000FFFA3A20938000FFFFFFFFFFFFFFFFFF16
:105D3000FFFFFFFFFFFFFFFFFFFFFFFFFFFFFFFF73
:105D4000FFFFFFFFFFFFFFED3A2093A000FFFFFFE3
:105D5000FFFFFF000000FFFFFC000000000000004C
:105D600000000000000000000003FFFFF0C83A2020
:105D700093C000000003FFFFFFFFFFFFFFFFFFFFD7
:105D8000FFFFFFFFFFFFFFFFFFFFFFFFFFFFFFFF23
:105D9000FFFFFFA73A2093E000FFFFFFFFFFFFFF99
:105DA000FFFFFFFFFFFFFFFFFFFFC000000FFFFF30
:105DB000C00000000000000000F13A209400000044
:105DC00000000000000000003FFFFFC0000003FFD4
:105DD000FFFFFFFFFFFFFFFFFFFFFFFFFFFFFF5C76
:105DE0003A20942000FFFFFFFFFFFFFFFFFFFFFFB0
:105DF000FFFFFFFFFFFFFFFFFFFFFFFFFFFFFFFFB3
:105E0000FFC0000003853A20944000FFFFFC000023
:105E10000000000000000000000000000000000082
:105E200000FFFFFF00000003FFFFFF153A20946012
:105E300000FFFFFFFFFFFFFFFFFFFFFFFFFFFFFF71
:105E4000FFFFFFFFFFFFFFFFFFFFFFFFFFFFFFFF62
:105E5000FF0C3A20948000FFFFFFFFFFFFFFC00010
:105E60000000FFFFFF000000000000000000000035
:105E700000000000000000163A2094A00000000F6F
:105E8000FFFFFC0000000FFFFFFFFFFFFFFFFFFF12
:105E9000FFFFFFFFFFFFFFFFFFFFFFFFFFAA3A200B
:105EA00094C000FFFFFFFFFFFFFFFFFFFFFFFFFFAB
:105EB000FFFFFFFFFFF00000003FFFFFF0000000CA
:105EC000000000813A2094E0000000000000000083
:105ED0000000000000000000FFFFFFF000000003D2
:105EE000FFFFFFFFFFFFFFFFFF853A20950000FF48
:105EF000FFFFFFFFFFFFFFFFFFFFFFFFFFFFFFFFB2
:105F0000FFFFFFFFFFFFFFFFFFFFFFFFC00000A835
:105F10003A20952000000FFFFFFF00000000000066
:105F20000000000000000000000000000000000071
:105F300003FFFFFFC05F3A2095400000000003FF11
:105F4000FFFFFFFFFFFFFFFFFFFFFFFFFFFFFFFF61
:105F5000FFFFFFFFFFFFFFFFFFFFFF243A209560D9
:105F600000FFFFFFFFFFFFFFFFC000000003FFFF78
:105F7000FFC0000000000000000000000000000062
:105F800000733A2095800000000000000000000F20
:105F9000FFFFFFC0000000003FFFFFFFFFFFFFFF0C
:105FA000FFFFFFFFFFFFFFCE3A2095A000FFFFFF9E
:105FB000FFFFFFFFFFFFFFFFFFFFFFFFFFFFFFFCF4
:105FC0000000000003FFFFFFF000000000D13A20B6
:105FD00095C000000000000000000000000000006C
:105FE00000000000000000003FFFFFFFC0000000B5
:105FF000000FFF813A2095E000FFFFFFFFFFFFFF4A
:10600000FFFFFFFFFFFFFFFFFFFFFFFFFFFFFFFFA0
:10601000FFFFFFFFFFFFF00000983A20960000000E
:106020000003FFFFFFFC0000000000000000000074
:106030000000000000000000000000000000004E12
:106040003A209620000000FFFFFFFFC00000000084
:10605000003FFFFFFFFFFFFFFFFFFFFFFFFFFFFF0F
:10606000FFFFFFFFFF423A20964000FFFFFFFFFFC8
:10607000FFFFFC000000000003FFFFFFFF00000027
:106080000000000000000000000000163A209660AA
:1060900000000000000000000000000000000003FD
:1060A000FFFFFFFFC0000000000000FFFFFFFFFF39
:1060B000FF313A20968000FFFFFFFFFFFFFFFFFF49
:1060C000FFFFFFFFFFFFFFFFFF00000000000003D6
:1060D000FFFFFFFFC000001D3A2096A00000000057
:1060E00000000000000000000000000000000000B0
:1060F000000000000000000003FFFFFFFFAB3A209C
:1061000096C000F0000000000000003FFFFFFFFF0E
:10611000FFFFFFFFFFFFFFFFFFFFFFFFFFFFFC0091
:10612000000000713A2096E0000000000FFFFFFF22
:10613000FFC00000000000000000000000000000A0
:106140000000000000000000009F3A2097000000BF
:106150000000000000000003FFFFFFFFFC00000044
:106160000000000000003FFFFFFFFFFFFFFFFF17E1
:106170003A20972000FFFFFFFFFC00000000000016
:106180000000003FFFFFFFFFC00000000000000014
:106190000000000000363A20974000000000000098
:1061A00000000000000000000000000000000000EF
:1061B00003FFFFFFFFFFF0000000001B3A20976085
:1061C00000000000000000000000000000000000CF
:1061D0000000000000000000000FFFFFFFFFFFC0F5
:1061E000001F3A209780000000000000000000001F
:1061F000000000000000000000000000000000009F
:1062000000000000000000C93A2097A00000000331
:10621000FFFFFFFFFFFFC0000000000000000000C4
:1062200000000000000000000000000000EC3A2028
:1062300097C000000003FFFFFFFFFFFFC00000004A
:10624000000000000000000000000000000000004E
:10625000000000CC3A2097E00000000000000000A1
:10626000000000000000000000FFFFFFFFFFFFFF35
:10627000C00000000000000000B03A2098000000BC
:10628000000000000000000000000003FFFFFFFF0F
:10629000FFFFFF0000000000000000000000004CB5
:1062A0003A209820000000000000000000000000DC
:1062B00000000000000000000000000000000000DE
:1062C00000003FFFFFEB3A20984000FFFFFFFFFF79
:1062D000FF000000000000000000000000000000BF
:1062E00000FFFFFFFFFFFFFFFFFC001A3A2098604E
:1062F000000000000000000000000000000000009E
:10630000000000000000000000000000000000008D
:1063100000E83A2098800000000000000000000023
:10632000000FFFFFFFFFFFFFFFFFFFFFFF00000069
:106330000000000000FFFFC63A2098A000FFFFFF0A
:10634000FFFFFFFFFFFFF000000000000000000063
:1063500000000000000000000000000000C13A2022
:1063600098C00000000000000000000000000000D5
:1063700000000000000000000000003FFFFFFFFFE2
:10638000FFFFFF503A2098E000FFFFFFFFFFFFFFF5
:10639000FFFFFFFFFFFFFFFFFFFFFFFFFC0000000D
:1063A0000000000000000000007F3A20990000007B
:1063B00000000000000000000000000000000000DD
:1063C0000000000000000000000000000000004786
:1063D0003A20992000000000000000FFFFFFFFFFAF
:1063E000FFFFFFFFFFFFFFFFFFFFFFFFFFFFFFFFBD
:1063F000FFFFFF00003F3A2099400000000000002E
:10640000000000000000000000000000000000008C
:106410000000000000000000000000073A20996022
:10642000000000000000000000000000000000006C
:1064300000000000003FFFFFFFFFFFFFFFFFFFFF27
:10644000FFB33A20998000FFFFFFFFFFFFFFFC0032
:10645000000000000000000000000000000000003C
:1064600000000000000000D23A2099A000000000C7
:10647000000000000000000000000000000000001C
:1064800000000000000000000000000000A73A200B
:1064900099C0000000000FFFFFFFFFFFFFFFFFFF9D
:1064A000FFFFFFF0000000000000000000000000FF
:1064B000000000943A2099E0000000000000000075
:1064C00000000000000000000000000000000000CC
:1064D000000000000000000000673A209A0000035E
:1064E000FFFFFFFFFFFFC0000000000000000000F2
:1064F0000000000000000000000000000000008913
:106500003A209A20000000000000003FFFFFFFFF3C
:10651000FFFFFFFFFFFFFC00000000000000000085
:106520000000000000F53A209A4000000000000042
:10653000000000000000003FFFFFFFFFFFFFFFFF24
:10654000FFFFFFFFFFFFFC00000000D93A209A6028
:10655000000000000000000000000000000000003B
:1065600000000000FFFFFFFFFFFF00000000000031
:10657000FFED3A209A8000FFFFFFFFFF00000000C0
:10658000000000000000000000000000000000000B
:1065900003FFFFFFFF0000CC3A209AA0000000009C
:1065A00000000000000000FFFFFFFFC0000000002F
:1065B00000000000000000000000000000EA3A2097
:1065C0009AC00003FFFFFF00000000000FFFFFFF65
:1065D000FFF00000000000FFFFFFC000000000000F
:1065E000000000CE3A209AE0000000000000000009
:1065F00003FFFFFC0000003FFFFFFFFFFFFFFFFF67
:10660000FFFFFC0000003FFFFFFB3A209B0000C0A3
:106610000000000000000000000000000003FFFF79
:10662000F000003FFFFFFFFFFFFFFFFFFFFFFF60E6
:106630003A209B2000FFFFFFFC00000FFFFFC0007F
:106640000000000000000000000000FFFFF0000359
:10665000FFFFFFFFFF733A209B4000FFFFFFFFFF9C
:10666000FFFFFFFFFFFFFFFFC0000FFFFF00000065
:1066700000000000000000000FFFF0473A209B6080
:1066800000000FFFFFFFFFFFFFFFFFFFFFFFFFFF08
:10669000FFFFFFFFFFFFFFF0000FFFF00000000013
:1066A00000FC3A209B80000000000000FFFC000F6F
:1066B000FFFFFFFFFFFFFFFFFFFFFFFFFFFFFFFFEA
:1066C000FFFFFFFFFFFFF0E13A209BA000003FFF2C
:1066D0000000000000000000000FFF0003FFFFFFAC
:1066E000FFFFF0000000FFFFFFFFFFFFFF723A20F7
:1066F0009BC000FFFFFFFFFFFFFFFFC000FFF00098
:1067000000000000000000FFC003FFFFFFFFFFFCD0
:10671000000000253A209BE00000000FFFFFFFFF74
:10672000FFFFFFFFFFFFFFFFFFFFC003FF000000B1
:10673000000000000FFF00FFFF963A209C0000FFC2
:10674000FFFFFF0003FFFF00000000FFFFFFFFFF50
:1067500003FFFFFFFFFFFFFFFF00FFF000000062ED
:106760003A209C2000000000FFF00FFFFFFFFFFF1A
:10677000FC00FFFFFFFFF00000000000000003FF2F
:10678000FFFFFFFFFF463A209C4000FFFFF00FFF96
:10679000000000000003FF003FFFFFFFFFFFF00FBE
:1067A000FFFFFFFFF0000000000000E13A209C60C6
:1067B00000000FFFFFFFFFFFFFFFFFFC00FFC00017
:1067C0000000003FF00FFFFFFFFFFFFFC03FFFFF94
:1067D000FFEE3A209C8000FFC0FFC00000000000D8
:1067E0003FFFFFFFFFFFFFFFFFFFF00FFC00000078
:1067F00000FF00FFFFFFFF1A3A209CA000FFFFFFF1
:1068000000FFFFFFFFFC03FFFFC0000000003FFF91
:10681000FFFFFFFFFFFFFFFFFF00FF0000BA3A206E
:106820009CC0000003FC03FFFFFFFFFFFFFC00FF15
:10683000FFFFFFF00FFFFFFFC000000FFFFFFFFF94
:10684000FFFFFFCC3A209CE000FFFFFFFFC03FC0EE
:1068500000000FF03FFFFFFFFFFFFFFC03FFFF0FF4
:10686000FFC03FFFFFFFFFFFFF6D3A209D0000FFCD
:10687000FFFFFFFFFFFFFFFFFFFFFFFC0FF0000028
:106880003FC0FFFFFFFFFFFFFFFC03FFFC3FFF24B4
:106890003A209D200000FFFFFFFFFFFFFFFFFFFFEB
:1068A000FFFFFFFFFFFFFFFFFFFF03FC0000FF03F1
:1068B000FFFFFFFFFF3B3A209D4000FFFFF003FF7B
:1068C000F03FFC03FC03FFFFFFFFFFFFFFFFFFFFA5
:1068D000FFFFFFFFFFFFFFFFC0FF00393A209D6071
:1068E0000003FC0FFFFFFFFFFFFFFFF000FFC0FFF3
:1068F000F00FF0F3FFFFFFFFFFFFFFFFFFFFFFFCC5
:1069000003583A209D8000FFFFFFFFFFF03FC003C8
:10691000F03FFFFFFFFFFFFFFFFC000000FFC03F55
:10692000F3F3FFFFFFFFFFD33A209DA000FFFFFF1F
:10693000FFFFFFF003FFFFFFFFFFFC0FC00FF0FFA3
:10694000FFFFFFFFFFFFFFFC000003FFC03B3A20FB
:106950009DC000FFF3C3FFFFFFFFFFFFFFFFFFFF2F
:10696000FFC00FFFFFFFFFFFFF0FF00FC3FFFFFF91
:10697000FFFFFF453A209DE000FFFFFC00000FFFF6
:1069800000FFC00FFFFFFFFFFFFFFFFFFFFFFFC084
:106990003FFFFFFFFFFFFFC3F0EC3A209E00003FE8
:1069A000C3FFFFFFFFFFFFFFFFFF0000FFFC000032
:1069B00000FFFFFFFFFFFFFFFFFFFFFFFF003F1B89
:1069C0003A209E2000FFFFFFFFFFFFC3FC3FCFFFE9
:1069D000FFFFFFFFFFFFFFFFF00FFC0000FFFC3F8A
:1069E000FFFFFFFFFF343A209E4000FFFFFFFFFF45
:1069F000FC00FFFFFFFFFFFFFFF3FC3F0FFFFFFF68
:106A0000FFFFFFFFFFFFFFFFC0300FE13A209E6056
:106A100000FFFF3FFFFFFFFFFFFFFFFFFFFFFC0344
:106A2000FFFFFFFFFFFFFFF0FC3F0FFFFFFFFFFF38
:106A3000FF833A209E8000FFFFFFFFFF0FF03FFF24
:106A4000FFFFFFFFFFFFFFFFFFFFFFFFF003FFFF61
:106A5000FFFFFFFFFFF0FCBE3A209EA0003F0FFFAC
:106A6000FFFFFFFFFFFFC00FFFFFFF003FFFC00F53
:106A70000FFF000FC003FFFC003FC00FFF9A3A203A
:106A80009EC000FFFFFFFFFFFFF0FC3F0FFFFFFF77
:106A9000FFFFFFFF003FFFFFFF00FFFC003C03FC88
:106AA000000300E03A209EE00000FFC0000F003F1E
:106AB000FFFFFFFFFFFFFFF0FC3F0FFFFFFFFFFFA8
:106AC000FFFC03FFFFFFFC03FF2E3A209F0000C0E6
:106AD00003FF03F00C000000FF000C0C00FFFFFFA1
:106AE000FFFFFFFFFFF0FC3FCFFFFFFFFFFFFF7D3A
:106AF0003A209F2000F00FFFFFFFF003FF000FFF81
:106B000003C0FC000C00F000FF0000FFFFFFFFFFD0
:106B1000FFFFFFF3FC843A209F40003FC3FFFFFFCD
:106B2000FFFFFFC00FFFFFFFC00FFF003FFF00038D
:106B3000FC003C03C003FF0003FFFF2C3A209F60D2
:106B400000FFFFFFFFFFFFC3FC0FC3FFFFFFFFFFBF
:106B5000FFC03FFFFFFF003FFC00FFFF000FFC00F6
:106B60003FDD3A209F80000F000FFF000FFFFFFF67
:106B7000FFFFFFFFFFC3F00FF0FFFFFFFFFFFFC0AE
:106B80003FFFFFFC003FF0C93A209FA00003FFFF3A
:106B9000003FF0003FFF003FFF000FFFFFFFFFFF40
:106BA000FFFFFF0FF003F03FFFFFFFFFFFC23A20A0
:106BB0009FC000003FFFFFF000FFF00FFFFC00FF51
:106BC000F0003FFC00FFFF003FFFFFFFFFFFFFFF64
:106BD000FC0FC0303A209FE00003FC0FFFFFFFFFD7
:106BE000FF003FFFFFC003FFC00FFFFC03FFC00C0F
:106BF0000FC000FFFF00FFFCFFFA3A20A00000FFDB
:106C0000FFFFFFFFF03FC000FF03FFFFFFFFFF009C
:106C10003FFFFF0003FFC00FFFFC03FF003C00121B
:106C20003A20A020000003FFFC00FFF03FFFFFFF21
:106C3000FFFFC0FF00003FC0FFFFFFFFFFC00FFFCF
:106C4000F0000FFF00743A20A040000FFFF00FFF8C
:106C500000FC000C03FFF003FFC0FFFFFFFFFFFF7E
:106C600003FC00000FF03FFFFFFFFF053A20A0608C
:106C700000C000FF00003FFF000FFFC03FFC00FF0F
:106C8000C0FC03FFC003FF03FFFFFFFFFFFC0FF08B
:106C900000623A20A080000003FC03FFFFFFFFC05A
:106CA00000000000FFFF000FFF00FFF003FFFFFCEC
:106CB00003FF000FFC0FFFEF3A20A0A000FFFFFF33
:106CC000FFC03FC0000000FF00FFFFFFFFF000001B
:106CD0000003FFFC3003FC00FFF00FFFFFD13A2060
:106CE000A0C000FC03FC000FF03FFFFFFFFFFF0010
:106CF000FF000000003FF00FFFFFFFF00000000F5B
:106D0000FFF030F43A20A0E000000003FFC00FFFC6
:106D1000FFFF0000000FC0FFFFFFFFFFF00FFC00B0
:106D200000000003FF003FFFFF8E3A20A10000FF9C
:106D3000000000FFFFFFFC00000FFFC03FFFFFFF50
:106D40000000F00003FFFFFFFFFC00FFC000009306
:106D50003A20A12000000000FFF00FFFFFFFC0005D
:106D60000FFFFFFFFF0000FFFF00FFFFFFFF00031B
:106D7000F0003FFFFF2F3A20A14000FFFFF00FFF80
:106D80000000000000000FFF00FFFFFFFFFFFFFFFC
:106D9000FFFFFFFC3FFFFFFFFFFFFFCA3A20A1609C
:106DA00000FFF03FFC03FFFFFFFFFF00FFF00000CC
:106DB0000000000000FFC003FFFFFFFFFFFFFFFF19
:106DC000FF0F3A20A18000FFFFFFFFFFFFFFFFFF43
:106DD000FFFFFFFFFFFFFFFFC003FF0000000000F9
:106DE0000000000FFF0003FD3A20A1A000FFFFFFFD
:106DF000FFFFFFFFFFFFFFFFFFFFFFFFFFFFFFFFA3
:106E0000FFFFFFFFFFC000FFF000000000083A2076
:106E1000A1C0000000000000FFFC000FFFFFFFFF0B
:106E2000FFFFFFFFFFFFFFFFFFFFFFFFFFFFFFFF72
:106E3000FFFFF09B3A20A1E000003FFF00000000B0
:106E40000000000000000FFFF0000FFFFFFFFFFF3A
:106E5000FFFFFFFFFFFFFFFFFF223A20A20000FF1E
:106E6000FFFFFFFFFFF0000FFFF000000000000039
:106E70000000000000FFFFF00003FFFFFFFFFF6ABC
:106E80003A20A22000FFFFFFFFFFFFFFFFFFFFFFF1
:106E9000FFFFC0000FFFFF00000000000000000027
:106EA00000000003FF5C3A20A24000FFF000003F1A
:106EB000FFFFFFFFFFFFFFFFFFFFFFFFFFFFFC00E4
:106EC000000FFFFFC0000000000000153A20A26084
:106ED000000000000000000003FFFFFC0000003F76
:106EE000FFFFFFFFFFFFFFFFFFFFFC0000003FFF72
:106EF000FF733A20A28000C00000000000000000E4
:106F00000000000000000003FFFFFF000000000081
:106F10000FFFFFFFFFF000033A20A2A000000000D7
:106F200000FFFFFFC00000000000000000000000A4
:106F300000000000000003FFFFFFFF0000E23A2016
:106F4000A2C00000000000000000000000FFFFFFE2
:106F5000FFC0000000000000000000000000000072
:106F6000000000C23A20A2E000000000FFFFFFFF87
:106F7000FFFF000000000000FFFFFFFFFFFF000019
:106F80000000000000000000006A3A20A30000009A
:106F900000000000000000000000003FFFFFFFFFB6
:106FA000FFFFFFFFFFFFFFFFFFFFFC0000000010DF
:106FB0003A20A320000000000000000000000000B4
:106FC00000000000000000000000003FFFFFFFFF86
:106FD000FFFFFFFFFFE73A20A34000FFFC00000097
:106FE00000000000000000000000000000000000A1
:106FF0000000000000000000000000023A20A36032
:107000000003FFFFFFFFFFFFC000000000000000C3
:107010000000000000000000000000000000000070
:1070200000203A20A38000000000000000000000C3
:107030000000000000000000000000000000000050
:1070400000000000000000BD3A20A3A000000000E6
:10705000000000000000000003FFFFFFFFFFFFFF34
:10706000FFC00000000000000000000000E23A2025
:10707000A3C00000000000000000000003FFFFFFAD
:10708000FFFFFFFFFFFFFFFFFFC000000000000049
:10709000000000C63A20A3E000000000000000004D
:1070A000003FFFFFFFC000000000000003FFFFFFE4
:1070B000FC0000000000000000653A20A400000071
:1070C0000000000000003FFFFFC000003FFFFFFF87
:1070D000FFFC000003FFFFFC000000000000000BAD
:1070E0003A20A420000000000000003FFFF0000351
:1070F000FFFFFFFFFFFFFFFFFFFFC0000FFFFC00D0
:1071000000000000002B3A20A44000000000000016
:107110000FFFF0003FFFFFFFFFFFFFFFFFFFFFFF3D
:10712000FFFC000FFFF00000000000D13A20A46037
:10713000000000000000FFF000FFFFFFFFFFFFFF67
:10714000FFFFFFFFFFFFFFFFFF000FFF000000003A
:1071500000EF3A20A48000000000003FFC00FFFF89
:10716000FFFC0000003FFFFFFFFFFFFFFFFFFFFFEF
:10717000003FFC00000000183A20A4A0000000001E
:1071800003FF00FFFFFFFF000FFC000003FFFFFFF6
:10719000FFFFFFFFFFFFFF00FFC0000000DB3A2002
:1071A000A4C0000000003FC03FFFFFFFFC0FFFFF37
:1071B000FFC0000000000003FFFFFFFFFFFC03FC17
:1071C000000000803A20A4E000000003FC0FFFFF55
:1071D000FFFFC03FFFFFFFC3C0000000000FFFFF25
:1071E000FFFFFFFFF03FC00000DB3A20A5000000DA
:1071F000003FC0FFFFFFFFFFC0FFFFFFFC0FFFC00E
:107200000000003FFFFFFFFFFFFFFF03FC000083C4
:107210003A20A520000000FC0FFFFFFFFFFF03FF47
:10722000FFFFF03FFFFFC00003FFFFFFFFFFFFFF77
:10723000FFF03F0000FE3A20A540000003F0FFFFF2
:10724000FFFFFFFC03FFF3FFC0FFFFFFFFFFFFFF98
:10725000FFFFFFFFFFFFFFFF0FC0009D3A20A5606B
:1072600000000FC3FFFFFFFFFFFC03FFC3FF03F09E
:10727000FFFFFFFFFFFFFFFFFFFFFFFFFFFFC3F069
:1072800000B63A20A58000003F0FFFFFFFFFFFFC84
:1072900000FC0FFC0FCF3FFFFFFFFFFFFFFFFFF0E2
:1072A0003FFFFFFFF0FC00423A20A5A00000FC3F9A
:1072B000FFFFFFFFFFFC00003FF03FCF3FFFFFFF5E
:1072C000FFFFFFFFFFC03FFFFFFFFC3F00BE3A2074
:1072D000A5C00000F03FFFFFFFFFFFFF0000FFF031
:1072E000FFC0FFFFFFFFFFFFFFFFFFC0FFFFFFFF2C
:1072F000FC0F00E63A20A5E00003F0FFFFFFFFFFD0
:10730000FFFFC003FFC00003FFFFFFFFFFFFFFFF02
:10731000FF00FFFFFFFFFF0FC0293A20A600000378
:10732000C0FFFFFFFFFFFFFFFC3FC003FFF3FFFFB6
:10733000FFFFFFFFFFFFFC03FFFFFFFFFF03C0D9BD
:107340003A20A620000FC3FFFFFFFFFFFFFFFFFC57
:107350003C0FFFFFFFFFFFFFFFFFFFFFFC0FFFFFE3
:10736000FFFFFFC3F05A3A20A640000FC3FFFFFF04
:10737000FFFFFFFFFFFFFC0FFFFFFFFFC0FFFFFF4F
:10738000FFFFF00FFFFFFFFFFFC3F0C23A20A66030
:10739000000FC3FFFFFFFFFFFF03FFFFF03FFF00F2
:1073A000F3FF003C03FFF00FC03FFFFFFFFFFFC3F1
:1073B000F0033A20A680000FC3FFFFFFFFFFF03F5E
:1073C000FFFFC0FFF003C0F0003000FF0003C0FF6C
:1073D000FFFFFFFFFFC3F0BF3A20A6A00003C0FFDE
:1073E000FFFFFFFFC0FFFFFF00FFC03FC0F0F00046
:1073F00000FC03F000FFFFFFFFFFFF03C0D53A20B2
:10740000A6C00003F0FFFFFFFFFF03FFFFFC03FF29
:1074100000FFC003F00F03F00FF003FFFFFFFFFFBB
:10742000FF0FC00E3A20A6E00000F03FFFFFFFFF75
:1074300003FFFFFC0FFF03FFC00FF00FFFC03FF083
:107440000FFFFFFFFFFFFC0F00513A20A7000000D5
:10745000FC3FFFFFFFFF03FFFFF00FFC0FFFC03FEC
:10746000C00FFC00FFF00FFFFFFFFFFFFC3F00FA23
:107470003A20A72000003F0FFFFFFFFF03FFFFC0E0
:107480003FFC0FFFC0FFC0C3F003FFF03FFFFFFF53
:10749000FFFFF0FC007B3A20A74000000FC3FFFF76
:1074A000FFFF00FFFC00FFF00FFF03FF03C000031E
:1074B000FFC0FFFFFFFFFFFFC3F000FF3A20A76000
:1074C000000003F0FFFFFFFF000FF003FFF00FFFCE
:1074D00003FC03F00C03FF00FFFFFFFFFFFF0FC0E3
:1074E00000223A20A780000000FC0FFFFFFFC00031
:1074F000000FFFC00FFC0FFC0FFFFF03FC03FFFF9B
:10750000FFFFFFF03F0000D43A20A7A00000003F9B
:10751000C0FFFFFFC000003FFF3C03F03FF03FFF14
:10752000FF03F003FFFFFFFFFF03FC0000143A20FE
:10753000A7C000000003FC0FFFFFF00003FFFFFFE8
:107540000000FFF0FFFFFF000303CFFFFFFFF03F4E
:10755000C00000D03A20A7E0000000003FC03FFF7D
:10756000FF00FFFFFFFFC00FFFC0FFFFFFC03FC0D6
:107570003FFFFFFC03FC0000009F3A20A800000032
:10758000000003FF00FFFFFFFFFFFFFFFFFFFFFF04
:10759000FFFFFFFFFFFFFFFFFF00FFC00000008BAA
:1075A0003A20A82000000000003FFC00FFFFFFFF82
:1075B000FFFFFFFFFFFFFFFFFFFFFFFFFFFF003F9A
:1075C000FC00000000B43A20A840000000000000C9
:1075D000FFF000FFFFFFFFFFFFFFFFFFFFFFFFFFC9
:1075E000FFFFFF000FFF00000000000B3A20A86023
:1075F0000000000000000FFFF0003FFFFFFFFFFF53
:10760000FFFFFFFFFFFFFFFC000FFFF00000000087
:1076100000AD3A20A880000000000000003FFFF00D
:107620000003FFFFFFFFFFFFFFFFFFFFC0000FFF93
:10763000FC000000000000C73A20A8A000000000E5
:10764000000000003FFFFFC000003FFFFFFFFFFC06
:10765000000003FFFFFC00000000000000673A206C
:10766000A8C00000000000000000003FFFFFFFC0B6
:1076700000000000000003FFFFFFFC00000000000E
:10768000000000803A20A8E0000000000000000098
:10769000000003FFFFFFFFFFFFFFFFFFFFFFFFC033
:1076A000000000000000000000A13A20A900000036
:1076B0000000000000000000000003FFFFFFFFFFCC
:1076C000FFFFFFC000000000000000000000007C81
:1076D0003A20A92000000000000000000000000384
:1076E000FFFFFFFFFFFFC0000000000000000000E0
:1076F00000000000005A3A20A940000000000000ED
:10770000FFFF000000000000FFFF0000000000007D
:10771000000000000000000000000FEC3A20A9600B
:1077200000FFF000000000000000000FFFF000006C
:1077300000000000000000000000003FFF0000000B
:10774000FFAD3A20A98000FFFFFFFFFF000000FF10
:10775000FC00000000000000000000000FC000005E
:107760000FFFFFFFFFFFFFE93A20A9A000FFFFF096
:10777000000003F00000000000000000000FFC000B
:107780003FFFFFFFFFFFFFFFFFFFFFFFFF783A20F4
:10779000A9C000FC003FF00000000000000000FC59
:1077A000000FFFFC0000000FFFFFFFFFFFFFFFFFC8
:1077B000F0003F103A20A9E00000000000000000A7
:1077C0003FC03FFFFFF0000000000FFFFFFFFC3F46
:1077D000FFFFFFFC03FC000000EC3A20AA000000C1
:1077E0000000F003FFFFFC000000000000000000AC
:1077F000003FFFFFFFFFC00FC0000000000FC0B040
:107800003A20AA2000FFFFFFFC00FFFFFF0000005E
:10781000000000FFFFFFFFFFFFC0F000000000FCC2
:107820000FFFFFFFF07E3A20AA400003FFFFFF0397
:10783000F000000000FFFFFFFFFFFFF03F0000002F
:1078400003C03FFFFFFFC00FF0FFF02D3A20AA60FA
:10785000000FFF00000003FFFFFFFFFFFFFC03C05E
:1078600000000F03FFFFFFFFC0FFF0FFC03FFFFF5F
:10787000FF543A20AA80000FFFFFFFFFFFFFFFFF2A
:10788000C0F000003C3FFFFFFFFFC0FFC0FF00F063
:107890003FFFFFFFFFFFFFE13A20AAA000FFFFFF2D
:1078A000FFFFFC3C000030FFFFFFFFFFC03F03FC79
:1078B0000FC03FFFFFFFFFFFFFFFFC3FFFF93A2034
:1078C000AAC000FFFF0F0000F3FFFFFFFFFFC00093
:1078D00003FC0FCC3FFFFFFFFFFFFFFFF03FFFFF69
:1078E000FFC300BA3A20AAE00003C3FFFFFFFFFF77
:1078F000C0000FF03FC03FFFFFFFFFFFFFFFC03F93
:10790000FFFFFFF3C0030FFFFFE03A20AB0000FFD3
:10791000FFFFC0003FC00003FFFFFFFFFFFFFFFFAF
:10792000C0FFFFFFFFF0C00F0FFFFFFFFFFFFCFDD9
:107930003A20AB20000000000000FFFFFFFFFFFF28
:10794000FFFF00FFFFFFFFF0F00C3FFFFFFFFFFF17
:10795000FFFF0303FFF83A20AB4000FFFFFFFFFFEC
:10796000FFFFFFFC03FFFFFFFFFC300C3FFFFFFFAB
:10797000FFC0FFFF3003FFC3CFFC030E3A20AB6014
:1079800000F00FFF00FC03FFFFFFFFFC300C3FFF88
:10799000FFFFFF00FFFFF00FFF0303F000C00FF039
:1079A00000B83A20AB8000300FFFFFFFFFFC300F24
:1079B0003FFFFFFFFF03FFFFF00FFC0300C00000CD
:1079C0000FC000000FFFFF693A20ABA000FFFFFCD3
:1079D000F0030FFFFFFFFC03FFFFC00FC00F00000D
:1079E000C0000F003C003FFFFFFFFFF0C00B3A203C
:1079F000ABC00003C3FFFFFFF00FFFFF00FF00FF5E
:107A0000C00F003FFC03FF00FFFFFFFFFFF3C000BC
:107A1000C3FFFF3C3A20ABE000FFF03FFFFC00FC5F
:107A200003FFC03C003FC00FFC00FFFFFFFFFFC390
:107A30000000F0FFFFFFF03FFF4F3A20AC0000F0E6
:107A400003F00FFF00FC030F000FFC03FFFFFFFF1D
:107A5000FF0F00003C3FFFFFF03FFFF00FC00FA8FB
:107A60003A20AC2000FF00FC0300000FF003FFFFF2
:107A7000FFFFFF3C00000F03FFFFF003FC003FC0CF
:107A80003FFC03F003AE3A20AC400000003FC00FC3
:107A9000C0FFFFFFC030000003C3FFFFF000F00095
:107AA000FF003FFC3FF03FFFF03F00BF3A20AC60DB
:107AB000003FC3FFFFFFC3C0000000F00FFFF00056
:107AC0000003F00003C03FC03FFFF00C003C0FFF7D
:107AD000FF2C3A20AC8000F00F000000003FC0FFF8
:107AE000FF00003FF0FC0000FFC0FFFFF0000000BF
:107AF0003FFFFFC0FC0000E73A20ACA000000003FD
:107B0000F03FFFC000FFFFFF0003FF00FFFFFC008E
:107B10003000FFFFF00FC000000000003F7E3A2061
:107B2000ACC000003FFC0FFFFFFFC00FFFC3FFFF13
:107B3000FF03FC03FFFC003C00000000000003FC0E
:107B400003FFFF663A20ACE000FFFFFFFFFFFFFFEF
:107B5000FFFFFFFFFFFFFFC03FC00000000000006D
:107B6000000FC0003FFFFFFFFF993A20AD0000FF6C
:107B7000FFFFFFFFFFFFFFFC0003F000000000001D
:107B8000000000003FC000FFFFFFFFFFFFFFFF55A9
:107B90003A20AD2000FFFFFFFF0003FF00000000C0
:107BA000000000000000003FC0000000FFFFFFFFDA
:107BB000FFFF0000001C3A20AD400000FC00000068
:107BC00000000000000000000000FFFFF0000000C7
:107BD00000000000000FFFFFC000003C3A20AD6035
:107BE0000000000000000000000000000000FFFF97
:107BF000000000000000FFFF000000000000000087
:107C000000D73A20AD800000000000000000000016
:107C10000000FFFFFFFFFFFFC000000000000000AA
:107C200000000000000000F93A1BADA000000000B9
:107C30000000000000000000000000000000000044
:107C40000000000000028500113A20AE0000400153
:107C5000480150015801600118012001280130013C
:107C60003801F000F800000108011001C800053AD1
:107C700020AE2000D000D800E000E800A000A8005E
:107C8000B000B800C0007800800088009000980024
:107C9000CC01D001EC3A20AE4000D401D801DC0187
:107CA000B801BC01C001C401C801A401A801AC0114
:107CB000B001B401900194019801823A20AE6000B5
:107CC0009C01A0017C018001840188018C01680174
:107CD0006C017001740178018007E170E0074401D4
:107CE000C23A20AE80008207E170E00744018407B9
:107CF000E170E00744018607E170E007440188076E
:107D0000E170E00744018E3A20AEA0008007E13028
:107D1000E00744018207E130E00744018407E130D5
:107D2000E00744018607E130E0074401763A20AEDF
:107D3000C0008807E130E00744018007E110E00758
:107D400044018207E110E00744018407E110E007E5
:107D50004401B43A20AEE0008607E110E007440198
:107D60008807E110E00744018007E100E0074401D3
:107D70008207E100E0074401D23A20AF0000840707
:107D8000E100E00744018607E100E00744018807BD
:107D9000E100E007440180076100E00744014F3A39
:107DA00020AF200082076100E007440184076100E2
:107DB000E007440186076100E0074401880761008D
:107DC000E0074401AD3A20AF400080072100E00702
:107DD000440182072100E007440184072100E007F5
:107DE000440186072100E0074401953A20AF600076
:107DF00088072100E00744014006FF704206FF703B
:107E00004406FF704606FF704806FF704006FF30CC
:107E1000E33A20AF80004206FF304406FF304606BA
:107E2000FF304806FF304006FF104206FF104406B0
:107E3000FF104606FF10693A20AFA0004806FF1069
:107E40004006FF004206FF004406FF004606FF0012
:107E50004806FF0040067F0042067F003B3A20AF05
:107E6000C00044067F0046067F0048067F004006AB
:107E70003F0042063F0044063F0046063F004806DA
:107E80003F00633A20AFE000250600000000240612
:107E90000C400004C5212306D8EDFF033E0600C0B8
:107EA000FF0380FF52062D06C63A20B000008CC6A4
:107EB000FF032C06D8EBFF03EC69E9056D07010011
:107EC000446AEC69C1FD2D06D8EBFF032C06423A4B
:107ED00020B02000D8EDFF03EC69E9056D07010033
:107EE000446AEC69C1FD2C0600AE0000ECA720003E
:107EF0002A0600C04D3A20B04000FF032B0600F0D8
:107F0000FF036A0701004452EB51CAFD440EFFFF14
:107F10002137F57F440EFFFF213EF53A20B0600087
:107F2000F87F80FF540080FF7000E007200100020E
:107F30002606B0C901001F3A81FF98181E5A00603A
:107F4000863A20B080000C6FE0F04B69406FE0F0A3
:107F500000700E7FE2F04B79407FE2F00080108FDE
:107F6000E4F04B89408F783A20B0A000E4F0009014
:107F7000129FE6F04B99409FE6F0015240576EF099
:107F80001E02000280FFEE0680FF860C1E3A20B023
:107F9000C00080FF2C0C80FFE40B80FF6A0B80FF89
:107FA0001A0A80FF18091E02050280FFB64A80FFE8
:107FB000545F3C3A20B0E00080FF5C48013280FF13
:107FC000E4634407668664077086846767866A622E
:107FD000BA0580074A01200E393A20B1000014008A
:107FE000E1610C58BA05800782020B06E7FFBA056B
:107FF00080070E030B06E2FFBA0580074403DE3A52
:1080000020B120000B06BFFFBA0580078E030B06C8
:108010009CFFBA0580070C04848F81861C0A418965
:10802000448F8086843A20B1400084978186130A69
:10803000419144978086849F8186200ECFFF41998D
:10804000449F8086846F8186200EEC3A20B16000C8
:108050003FFF4169446F8086A45781861C0A4151C5
:1080600044578186A4778186130A417144778186BB
:108070001F3A20B18000A47F8186200ECFFF417976
:10808000447F8186A4878186200E3FFF41814487FB
:108090008186848F8386B73A20B1A0001C0A41896B
:1080A000448F828684978386130A419144978286FF
:1080B000849F8386200ECFFF4199449FE93A20B1E7
:1080C000C0008286846F8386200E3FFF4169446F23
:1080D0008286A45783861C0A415144578386A4771D
:1080E0008386163A20B1E000130A417144778386F3
:1080F000A47F8386200ECFFF4179447F8386A487A7
:108100008386200E3FFF4181AC3A20B200004487B5
:10811000838680FF8663E0510A60921561620C5885
:10812000BA0580077203625AA20D635ABA05E73A8C
:1081300020B22000800766030B0601FFB205BF07CF
:10814000C8FE248F0488E089B2058007120300303E
:1081500080FF4A2BAB3A20B2400080070E03846FA9
:108160008186CD6E0300B205BF07A4FE84778186A9
:108170001C0A41718E7601004477653A20B2600096
:10818000808680FFDA46845F0B88CB7E4000825D6C
:10819000CB86BF0044870A886407708680FF4862E8
:1081A000543A20B280002A8EFFFF6C8A8B7D5100EA
:1081B0000D00460046007600760076004600760008
:1081C000460046004600203A20B2A0007600460055
:1081D000249F1188CD9A9D9AE09982154407BA810F
:1081E000046F0080E069EA0501724477E93A20B241
:1081F000C000008080FFB471013280FF222ED5556F
:1082000020365500013A06E880FF7C94047F1488EC
:10821000617AC13A20B2E000F205013A443F948805
:108220001D3080FFE49480FF6C47E051D20D80FF49
:108230005047E051920D80FF923A20B30000F25671
:1082400066529A3D003080FFE22DD535003080FF28
:10825000DA2D9535013280FFD22DD52D80FFDC3A05
:1082600020B32000A66161529A2D248F70861106DA
:1082700018FCC92520365500013A06E880FF1A94FB
:1082800004971488923A20B340006192F205013AB3
:10829000443F94881D3080FF829480FF0A47E0515C
:1082A000D20D80FFEE46E051920DE43A20B360001B
:1082B00080FF905666528A0D003080FF802DC505E4
:1082C000003080FF782D846F81861C0A41698D6E95
:1082D000DA3A20B380000200446F8086BF076CFD4D
:1082E00084778186DC729E72E071B205BF075CFD07
:1082F000847F8186130A153A20B3A00041798F7ECE
:108300000400447F808680FF924580FFC2FA61525C
:108310000A60A21562620C58821D635A103A20B39B
:10832000C000F21D64077886846F8186130A416954
:108330008D6E0800446F8086BF071CFD80FF8AFA9F
:10834000E4872B3A20B3E0007986EA8197F580FF35
:1083500084FA850580FF78FAE48F7986EA8987EDCB
:1083600080FF72FA850580FF923A20B4000066FA19
:10837000E4977986EA91F7DD80FF60FA209F010794
:10838000450E010021FE1EB400307300C5D5E13A50
:1083900020B4200084778186DA729E72E071B20583
:1083A000BF07C6FC847F8186200ECFFF41798F7E78
:1083B0001000447F7E3A20B44000808680FFE802AF
:1083C00080FFF64484878186200ECFFF418190860E
:1083D000200044878086BF0796FC953A20B4600051
:1083E000848F8186D88A9E8AE089B205BF0786FC81
:1083F00084578186200E3FFF41518A5640004457E2
:10840000253A20B48000808680FFBA44C4E7F8870C
:10841000A20DC4A7F8872437F18780FF4CAA0A3041
:1084200080FF5E2A8497C23A20B4A0008186200E85
:108430003FFF41919296800044978086BF0742FC9F
:10844000A49F8186D39E0300B205BF077F3A20B464
:10845000C00034FCA46F81861C0A41698D6E010046
:10846000446F818680FF6A4480FFEE5F2A76FFFFBB
:108470006C72273A20B4E0009B254E000D002200CC
:1084800010001F001F001F0022001F0022002200FA
:1084900022001F00220080FF3B3A20B50000B87187
:1084A000B515845F1589625A820D0B06EFFFCA0D60
:1084B000013280FF566C850D013280FF026D6F3AEC
:1084C00020B52000C505013280FFA65FA487818604
:1084D0001C0A41819086020044878186BF07BAFB4F
:1084E00080FF0044483A20B5400044076686BF0735
:1084F000AEFB023280FF3C28E4976F86200EF40129
:10850000E1978092E091EA0580FF323A20B5600061
:10851000ECF6019A649F6E86A06F0DF48D6E80005C
:10852000406F0DF4013280FFA62880FFB65A440741
:10853000C23A20B58000B881BF0770FB80FFC09DA4
:1085400024771188CD729D72E071D20580FF485B5F
:10855000BF0758FBE47F1D3A20B5A0006F86200EB0
:10856000F401E17F807AE079EA0580FF9CF60182E0
:1085700064876E86003080FFCC27A08F8D3A20B5AF
:10858000C0000DF4918E8000408F0DF4013280FF09
:108590005028003080FF565A003080FFDA554407DB
:1085A000B9810F3A20B5E000003080FFB84A80FF63
:1085B000D2E1063280FFBEE2073280FFB8E2083225
:1085C00080FFB2E20B3280FFB63A20B60000ACE288
:1085D0000C3280FFA6E2063280FFE8E2073280FF1D
:1085E000E2E2083280FFDCE20B3280FFD6E26F3A33
:1085F00020B620000C3280FFD0E2019264971689E9
:108600006407188944071A8944071B8944071C8991
:1086100044071D89A43A20B640004407A7854407B3
:10862000B881BF07AAFA581A635F010063670500A3
:10863000005FE0F0CB5EFE00405F8C3A20B6600049
:10864000E0F0005FE2F0CB5EFE00405FE2F0005F32
:10865000E4F0CB5EFE00405FE4F0005FE6F0CB5E4E
:10866000063A20B68000FE00405FE6F0E55F40007D
:108670008B5E8000EB2F2000C08702F8005A405F1D
:10868000FCF1405FFCF9553A20B6A0000000000064
:108690000000000000000058006728F8CC66F800D1
:1086A0000C59405FFCF1405F28F80000D13A20B639
:1086B000C00000000000000000004007FCF1C0B74F
:1086C00028F8205E00100000000000005F5AE0590A
:1086D000BAFD683A20B6E0004007FCF1C09F28F8D8
:1086E000C0E728F8EAFD035A405FC1F6C0072CF83E
:1086F000005F24F8E059DAFDC03A20B70000C00F4F
:108700002CF8E55F4000CB5E7F00EB2F2000235F5D
:10871000010023670500481A065A405FC0F6A73AD1
:1087200020B72000205E1F00405FD0F67F0020565B
:10873000FF0040572FF4205ED700405F2EF42066E4
:10874000E3004067333A20B7400020F4405722F45A
:10875000016A406F27F42076F600407726F4207EE9
:10876000F900407F28F440572AF46F3A20B76000A0
:1087700020867F0040872DF440572CF4405730F47A
:10878000208EC400408F33F42096BE00409732F410
:10879000713A20B78000209EF700409F38F4205E99
:1087A000FD00405F2EF040572CF0405728F0405716
:1087B0002AF0405724F0F33A20B7A000405725F0A4
:1087C0007F00206EFF0020661800205E80000352AC
:1087D00040070FF42076280040770EF41F3A20B7A8
:1087E000C000406F2FF4207ED700407F2EF440075A
:1087F00000F42086E300408720F4400740F440075F
:1088000060F48C3A20B7E000208E1C00408F40FCC2
:10881000400700FC400720FC400702F4406F22F4B0
:10882000400742F4400742FCCA3A20B80000400723
:1088300002FC400722FC400707F40892409706F428
:10884000019A409F27F42076F600407726F4DF3A1D
:1088500020B82000406746F4400747F4400766F41C
:10886000406706F7400747FC400746FC400707FC07
:10887000400706FCBA3A20B84000400727FC4007F2
:1088800026FC400708F4207EF900407F28F44007CA
:1088900048F41380408748FC4007F83A20B860004D
:1088A0000AF4406F2AF440074AF4208E3F00408FBC
:1088B0006AF440070AF740074AFC405F0DF440079E
:1088C000A23A20B880000CF420967F0040972DF447
:1088D000406F2CF440074DF440074CF440076DF412
:1088E000079A409F6CF4153A20B8A00040074DFC51
:1088F00040074CFC40070CFC40072CFC400710F4E0
:10890000406F30F4400750F4400750FC6F3A20B8F5
:10891000C000400710FC400730FC400713F42076ED
:108920004000407712F4207EC400407F33F420865C
:10893000BE00153A20B8E000408732F4405773F487
:10894000405F72F4400713F7400712F7405753F4A3
:10895000208E8300408F52F4933A20B900004007E4
:1089600053FC400752FC400713FC400733FC400710
:1089700018F42096F700409738F4029A409FB23AD4
:1089800020B920000EF02076FD0040772EF0400741
:108990000CF0406F2CF040074CF0400708F0406F9F
:1089A00028F04007C33A20B9400048F040070AF0D9
:1089B000406F2AF040074AF0406F05F0406F04F026
:1089C000406F24F0406F25F040070F3A20B9600057
:1089D00045F0400744F07F00C700613AD61D643A75
:1089E000BF1D613AD605265F0000605F16F6623A49
:1089F000673A20B98000D60526670200606718F63E
:108A0000633AD605266F0400606F1AF6643ADA05F9
:108A1000267706006077813A20B9A0001CF6005046
:108A2000B505205685007F00C600C700E731910DCF
:108A3000E039F205603716F6603F18F64E3A20B975
:108A4000C0000050B505205685007F00005710F685
:108A5000200E7FFF4151405710F67F00005710F65F
:108A60008A56EF3A20B9E0008000405710F67F00A8
:108A7000005710F6200E7FFF4151405710F6005F5F
:108A800011F6200EDFFF4159673A20BA0000405F1F
:108A900011F6006710F68C660500406710F6046A50
:108AA000406F6EF100776EF18E7640004077223A8B
:108AB00020BA20006EF1007F11F6180A4179407F3C
:108AC00011F62086300C608716F63106FFFF000095
:108AD000608F18F6783A20BA4000608F1AF6608FDF
:108AE0001CF6400713F6400714F600976EF1200EAF
:108AF000BFFF419140976EF17F00DC3A20BA6000E1
:108B0000C700613AD61D643ABF1D613AD605265F9B
:108B10000000605F46F5623AD6052667020060678E
:108B2000353A20BA800048F5633AD605266F04002E
:108B3000606F4AF5643ADA052677060060774CF5EF
:108B40000050B5052056923A20BAA00085007F005B
:108B5000C600603746F500507F00005740F5200EF4
:108B60007FFF4151405740F5005F24F1113A20BA90
:108B7000C0008B5E4000405F24F17F00005740F54D
:108B80008A568000405740F5005F24F1200EBFFF59
:108B90004159583A20BAE000405F24F17F00005765
:108BA00041F5200EDFFF4151405741F5005F40F590
:108BB0008B5E0500405F40F5C53A20BB00000362B4
:108BC000406724F1006F24F18D6E4000406F24F166
:108BD000007741F5180A4171407741F5207E753ADA
:108BE00020BB20007002607F46F53006FFFF0000CA
:108BF000608748F560874AF560874CF5008F24F15F
:108C0000200EBFFF433A20BB40004189408F24F132
:108C10007F00C600C700E731910DE039F2056037EB
:108C2000C6F5603FC8F50050B505AD3A20BB600001
:108C3000205685007F000057C0F5200E7FFF415170
:108C40004057C0F57F000057C0F58A568000405756
:108C5000333A20BB8000C0F57F000057C0F5200EDE
:108C60007FFF41514057C0F5005FC0F58B5E0500A6
:108C7000405FC0F500671E3A20BBA000C1F5200E82
:108C8000DFFF41614067C1F5006FC1F58D6E0400E3
:108C9000406FC1F50077C1F51D0A4171353A20BB1F
:108CA000C0004077C1F5007FC1F51E0A4179407FC1
:108CB000C1F5208671026087C6F56087C8F5008F10
:108CC000C2F5C73A20BBE000170A4189408FC2F5C0
:108CD0000097C2F5929604004097C2F57F00C60047
:108CE000C700E731910DE039F13A20BC0000F205F0
:108CF0006037B6F5603FB8F50050B50520568500E1
:108D00007F000057B0F5200E7FFF415140574A3A8F
:108D100020BC2000B0F57F000057B0F58A568000D7
:108D20004057B0F57F000057B0F5200E7FFF41514E
:108D30004057B0F5533A20BC4000005FB0F58B5E61
:108D40000500405FB0F50067B1F5200EDFFF41611F
:108D50004067B1F5006FB1F58D6E963A20BC6000AA
:108D60000400406FB1F50077B1F51D0A41714077FD
:108D7000B1F5007FB1F51E0A4179407FB1F520863B
:108D8000063A20BC800071026087B6F5208E320260
:108D9000608FB8F50097B2F5170A41914097B2F588
:108DA000009FB2F5939EFB3A20BCA0000400409FB8
:108DB000B2F57F007F00C600603796F500507F0057
:108DC000005790F5200E7FFF41514057943A20BC48
:108DD000C00090F5005F2EF18B5E4000405F2EF1E9
:108DE0007F00005790F58A568000405790F5005F4D
:108DF0002EF1253A20BCE000200EBFFF4159405F14
:108E00002EF17F00005791F5200EDFFF41514057B2
:108E100091F5005F90F5405F663A20BD000090F547
:108E2000076240672EF1006F2EF18D6E4000406F9B
:108E30002EF1007791F5180A4171407791F5CA3A01
:108E400020BD2000207E1F4E607F96F53006FFFF7C
:108E50000000608798F5008F2EF1200EBFFF41893A
:108E6000408F2EF1943A20BD40007F002A06FFFF7C
:108E70000000605700F1605702F1605704F160573D
:108E800006F1205EFF00405F08F1753A20BD6000EA
:108E90007F005C1A630F0100581AF00F4000630F47
:108EA0000500F10F4000630F0100230F0100E18F67
:108EB000DD3A20BD80002000230F0500E18720005F
:108EC000481A230F0100441AE00740015C1A630F9F
:108ED0000100581AF00F4F3A20BDA0004000630F68
:108EE0000500F10F4000630F0100230F0100E18F27
:108EF0002000230F0500E1872000481A353A20BDE5
:108F0000C000230F0100441AE00740015C1A630F00
:108F10000100581AF00F4000630F0500F10F4000E8
:108F2000630FE73A20BDE0000100230F0100E18F4D
:108F30002000230F0500E1872000481A230F0100BD
:108F4000441AE00740015C1A2F3A20BE0000630F6C
:108F50000100581AF00F4000630F0500F10F4000A8
:108F6000630F0100230F0100E18F2000230FDF3A80
:108F700020BE20000500E1872000481A230F0100D1
:108F8000441AE00740010452015A405F0CF84007C0
:108F9000D0F62C06C73A20BE4000FB8F0000606769
:108FA00064F0806F27F4170A4169406F26F48077D8
:108FB00027F48E761000407726F4A83A20BE600091
:108FC000807F47F48F7E0800407F46F4808747F417
:108FD00090861000408746F4400766F4208E180003
:108FE000AA3A20BE8000408F06F71190609746F4A1
:108FF00040575CF140575EF1405758F140575AF1E5
:109000007F005C1A630F113A20BEA0000100501AC5
:1090100063570D00635F0900F00F4000630F050008
:10902000F10F4000630F01002457E987313A20BE59
:10903000C00041526457E987015A645FED87230FEE
:109040000100E18F2000230F0500E1872000235F4E
:109050000900053A20BEE00023570D00031E100052
:10906000230F0100441AE0074001005780F61C0A54
:109070004151405780F67F00C03A20BF00000057A2
:1090800080F68A560300405780F6005F62F1200E9A
:10909000BFFF4159405F62F17F002056EFFF573A12
:1090A00020BF2000005F80F61C0A4159405F80F617
:1090B0000067B0F84A614067B0F8006F62F18D6EEA
:1090C0006000406F823A20BF400062F1007764F197
:1090D0008E766000407764F14007B0F8007F80F63C
:1090E000200E7FFF4179407F80F6D33A20BF600099
:1090F000008780F6200EBFFF4181408780F6008FF9
:1091000080F6918E2000408F80F6009780F64A917D
:10911000683A20BF8000409780F6009F80F6939EBB
:109120000400409F80F6005F80F6170A4159405FB7
:1091300080F605624067023A20BFA00062F17F001E
:10914000005780F61C0A4151405780F67F000057B7
:1091500080F68A560300405780F6005F823A20BFAF
:10916000C00064F1200EBFFF4159405F64F1006709
:1091700064F144673C897F00045784864057B0F807
:10918000005FE43A20BFE00080F6CB5E0300046796
:1091900085860C59405F80F67F00005780F61C0AD8
:1091A0004151405780F6005F3F3A20C00000B0F8C0
:1091B000200EEFFF4159405FB0F8006762F18C6606
:1091C0006000406762F1006F64F18D6E6000563A96
:1091D00020C02000406F64F14007B0F8007780F6AF
:1091E0008E768000407780F6007F80F6200E8FFF1D
:1091F0004179407F453A20C0400080F6008780F6E4
:10920000200E7FFF4181408780F6008F80F6918E8F
:109210000400408F80F6009780F6483A20C0600036
:10922000170A4191409780F6009F64F1939E0500D4
:10923000409F64F1005764F11D0A4151405764F1A9
:10924000D13A20C08000005F80F6445F85860067C9
:10925000B0F8446784867F00C800E041D20D5F42C9
:10926000C8000658C8592A3A20C0A0000768C86933
:109270000D6F00004B6F0000E041DAF57F00C80081
:10928000E041D20D5F42C8000658C8598B3A20C051
:10929000C0000768C8690D6F00004B6F0000E04117
:1092A000DAF57F00C700E039920D5F3AC700065833
:1092B000C759BE3A20C0E0004B070000E0399AFDD4
:1092C0007F008700C800E041920D5F42C800065849
:1092D000C8594B3F0000E0411D3A20C100009AFDF3
:1092E0007F00050280FF680C0AE8E0076001245F48
:1092F000B9865F5A645FB986E059EA1580FFA13AE2
:1093000020C12000500C6457B586E0076001006062
:109310002C6F04F12477AC86CD6E0FFF0E69606F61
:1093200004F1C4EF713A20C14000B486BA05E08769
:109330006001DD7E2000BA05E08760012302860718
:10934000610080FF160C0AE8E0078F3A20C1600038
:109350006001245FB986E059BA2D80FF040C635781
:109360000900E0076001206704F1CC66F000636744
:109370007A3A20C18000000000682D7704F18E76D3
:10938000F000607704F1C3EF0800BA05E0876001E0
:1093900023860000308F353A20C1A0000100247ED2
:1093A000AC866F8F0100309705006F970500309FE6
:1093B00009006F9F0900245FB9860B56C23A20C18D
:1093C000C00001006457B986DD662000BA05E08759
:1093D000600146067F000467BC865F620C50AA00ED
:1093E0004457A03A20C1E000BC86E0519A0D245FAA
:1093F000C186CB6E2000CA050B50E08760017F005C
:109400000002045FBC86E059B13A20C20000AA0DF8
:1094100080FF6C0B0A58E0076001645FC186045F3F
:10942000BC860B6601004467BC861E021402833AA8
:1094300020C220002B0600C0FE036437A9862B57EC
:109440000000CA560100615200D800E006D0E20DCB
:10945000400E0000213A20C2400001874A4E2F06EC
:1094600002C0FE034F870000208E00016B8F0000BA
:109470003D0650C0FE033D9700001F3A20C2600029
:10948000D2961800C21D3D9F0000D39E18001306FF
:10949000E8FFDA05205610007D5700003D7F0000F0
:1094A000053A20C28000CF7E0800687ACA0508828B
:1094B0007D8700001D8831970000D29618007D97A7
:1094C00000003D9F00002D3A20C2A000D39E07005F
:1094D000E20D07527D5700003D7F0000CF7E070060
:1094E000E2053D870000D0860700CAFD0B3A20C286
:1094F000C0001A58C15A3206264E0000CB9132974E
:10950000000033065AC0FE03539700002F06284E72
:109510000000173A20C2E000CB792F7F0000300610
:109520005CC0FE03707F0000400E0000219F244EAF
:10953000310656C0FE03719F2C3A20C30000000084
:109540002496888664975D890457C486CA560400A9
:10955000820DE45FD9866F5ACF050B3080FF233A26
:1095600020C320009A133006FFFF00006487D886CE
:10957000027A400EFF03617F0EC1400EFF03218F70
:109580000EC1D18E2A3A20C340000100D20D019AAB
:10959000400EFF03619F0EC1400EFF0321970EC1D5
:1095A000D2960100DAF520561C00A23A20C36000D2
:1095B000400EFF0361570EC10182400EFF03418739
:1095C00009C1207E0008400EFF03617F0EC11060BC
:1095D0006C3A20C380000C58C55A4B0EFF03218FF4
:1095E0000EC1D18E0100D20D019A4B0EFF03619F77
:1095F0000EC14B0EFF03E13A20C3A00021970EC11C
:10960000D2960100DAF520361E004B0EFF036137BB
:109610000EC14B0EFF03410709C14162783A20C3D6
:10962000C0000C06E2FFE6DDC3D22E06424E00006B
:10963000DA7127063A4E0000DA3906601A400C58F3
:10964000C55AF83A20C3E0004B0EFF03217F0EC13C
:10965000CF7E0100D20D018A4B0EFF03618F0EC138
:109660004B0EFF03219F0EC1B73A20C40000D39ECA
:109670000100DAF54B0EFF0361370EC11B960200A5
:109680009200C392929601004B0EFF034197233A3A
:1096900020C4200009C11C68C16A0E80CD813087BA
:1096A00000004B0EFF0361870AC10788CD89318F07
:1096B00000004B0EE43A20C44000FF03618F0CC150
:1096C000209E00094B0EFF03619F0EC141DA41E26B
:1096D00041620C06E0FF86C52C06DD3A20C460001E
:1096E000324E0000C8612C9700002A0640C0FE03DD
:1096F0006A9700002B062A4E0000C8592B870000ED
:10970000A23A20C480002F0642C0FE036F870000EB
:109710002C8F0200330644C0FE03738F00002B57CA
:109720000200320646C0AF3A20C4A000FE037257C2
:1097300000002C7F0400300648C0FE03707F00004C
:109740002B9F040031064AC0FE03719FB53A20C426
:10975000C00000002C9706002A064CC0FE036A9742
:1097600000002B8706002F064EC0FE036F87000007
:1097700033062A3A20C4E00058C0FE0333570000E5
:10978000138871570000209620007D970000207EEE
:1097900006017D7F00003202773A20C500000002FA
:1097A0002437A986BFFF18FD01521E022A0650C0A9
:1097B000FE032A5F0000CB5E1800C21D2A67CE3A66
:1097C00020C520000000CC6618000C06E8FFDA0572
:1097D000206E10006A6F00002A770000CE76080025
:1097E0006872CA05CC3A20C54000087A6A7F00003A
:1097F0000A80308F0000D18E18006A8F0000079217
:109800006A9700002A9F0000D39EE33A20C56000BB
:109810000700E2052A5F0000CB5E0700CAFD015287
:109820007F002B0650C0FE0308626B6700000152E8
:10983000AA3A20C580007F002D0600C0FE032C063A
:10984000008000002D770000CE760080EE61EA0DEA
:10985000205600082B06193A20C5A00050C0FE0370
:109860006B5700002D7F0000CF7E0080EF6192FDDE
:10987000300658C0FE03308F0000D18EE33A20C579
:10988000C0000300920D320650C0FE03089A729F7A
:1098900000000058A505015A00000B507F00045F2E
:1098A000C486D93A20C5E000CB5E01000B507F0092
:1098B0008457D7867F000502860006E880FF7A0776
:1098C0000A58E00760010467F03A20C60000D68617
:1098D0005D618C004467D686CB6E2000DA05245E7D
:1098E000D686E087600123020502860006E8EF3A8B
:1098F00020C6200080FF4E070A58E0076001046779
:10990000D6861D618C004467D686CB6E2000DA05B2
:10991000245ED6868E3A20C64000E087600123028E
:1099200005024407D58600E80457C486CA560400D9
:10993000B20D2466C586DD610C674A3A20C6600018
:109940000000E061C2051D3080FF5010246EC58606
:10995000DD694D07000041EA6FEAA7ED230200022E
:10996000D03A20C6800080FFEE060A60E007600162
:10997000246EC4860D770000CE76FE000D584B771E
:109980000000CC7E2000423A20C6A000BA05E08745
:109990006001BFFFA0FF1E02000280FFC0060A6038
:1099A000E0076001246EC4860D7700001D3A20C6D2
:1099B000C0008E7601000D584B770000CC7E200051
:1099C000BA05E08760011E0214028600C7002A065D
:1099D00053C0773A20C6E000FE030A7F0000CF7E26
:1099E000100006D007D8C20DC1D2248ED886DA89DD
:1099F0003206FFFF000071978B3A20C7000000007D
:109A00000050A57D1A60C5621B98C19A2F06B04A06
:109A10000000D3792F7F00004C0EFF03617F933A43
:109A200020C720000CC13106D04A0000DB89118F0D
:109A300000004C0EFF03418F08C11B90C2923D06EF
:109A4000E04A0000763A20C74000D2E93DEF01002D
:109A5000E0E91AE0D21D80FF22060A68E0076001F3
:109A60001A78C57A2B0600C1FE031A3A20C7600097
:109A7000CF5900600B80CC811D88CC8911970000E4
:109A80005097000041626862E1F5CD9E2000BA0562
:109A9000433A20C78000E087600180FFEA050A584A
:109AA000E0076001247ED8861C70C1720F60CE79F9
:109AB000EF8F0100F1D9FB3A20C7A000EA15048717
:109AC000C486D086010092151A60C56220960001F6
:109AD0004C0EFF0361970EC1209E00026C3A20C716
:109AE000C0004C0EFF03619F0EC1016A95150C501A
:109AF000CE51EA7F0100EFD9E28F0000E58A0C80A9
:109B0000CE81B13A20C7E0003206FFFF0000709717
:109B100000001168CB9E2000BA05E08760010D505F
:109B200032021902860006C8733A20C80000C53206
:109B300006584B0EFF0321570EC1CA56010019D01B
:109B4000D20D016A4B0EFF03616F0EC14B0E7A3AC4
:109B500020C82000FF0321770EC1CE760100DAF580
:109B600024E6D8861978C17ADC79EFEF0100210666
:109B7000FFFF0000EE3A20C84000E1E9BA05800787
:109B800014012106FEFF0000E1E9F22D80FF1C0513
:109B90000A60E00760013006704B633A20C860003D
:109BA0000000DD81908F0100245E5489D159320676
:109BB000804B0000DD91129F00000B6F00000D999B
:109BC0006F3A20C880004B9F0000CC762000BA0579
:109BD000E08760011D78C27A2B06204B0000CF5928
:109BE0002B5F0100E0596C3A20C8A000F205450E39
:109BF000010021FEAEC81D306B0080FFC0040A5872
:109C0000E00760010487D586E0818245E53A20C8F7
:109C1000C000CB8E2000BA05E08760010FDA24EE89
:109C2000C5861D68DB690D6F0000E069A22D80FF0D
:109C30009204A03A20C8E0000A58E0076001049F9F
:109C4000D586E099B20D1D70DB714E070000047FD0
:109C5000D5865F7A8F00447F213A20C90000D586DF
:109C6000CB862000BA05E0876001C1D2DCD11A881A
:109C700071DF00001B38C7001930BFFFBAFDBA3AC8
:109C800020C920006552BA1DDB001B3080FF900DFB
:109C9000E5155FDAE0D9FECD80FF3A040A58E00707
:109CA00060011A98573A20C94000C19ADC992E06E3
:109CB000FFFF000073770000CB7E2000BA05E0872D
:109CC000600137020502C60006E8073A20C96000B5
:109CD00080FF0E040A60E00760012D063C4C000086
:109CE000DD698D770100245E5889CE592F06464CD8
:109CF0001D3A20C980000000DD790F8700000B8F1E
:109D0000000011814B870000CC962000BA05E08747
:109D100060011D98C29A933A20C9A0002B06144CEA
:109D20000000D3592B5F0100E059F205450E0100F8
:109D300021FEBCC91D306B00230219020F3A20C955
:109D4000C000C6002D06B84B000064374C890DE0FA
:109D5000C6698D6F01002477458948728E7F0100A6
:109D6000EF69493A20C9E00006C8B7050050A5557B
:109D70002436408906E880FFAC0C61521DD0B20544
:109D80000050854D19D8C2DA153A20CA00002C06B9
:109D9000EC4B0000DB612C870100E081F20D64CF09
:109DA00050891D302C8F0100450E010021FED53A4F
:109DB00020CA200024CA7100E051BA050050853540
:109DC0003306C44B000013E8DB99339F0100E09990
:109DD000E22580FF143A20CA400030030A60E00701
:109DE00060011C68D9690D6F0000E0690058D31547
:109DF0001978C27ADD792F8701004C3A20CA6000B9
:109E00003A8F0900CB81CB89119700005097000051
:109E1000415A1C98D99993570100EB51DBEDCC7650
:109E2000C33A20CA80002000BA05E08760010152D1
:109E30003702050224568886645745896457498944
:109E40002D06FFFF00008D3A20CAA000646F4C89E8
:109E5000245F45894C5A2B7F0000CF7E0080D07A4A
:109E6000E079DA352B870000D086FC1F8B3A20CAB8
:109E7000C000D08E03FE200E0014E1891060BA0DE0
:109E8000CC96FC01829244974E892436408980FF0B
:109E9000CC1B663A20CAE000852509EA2B06904BC8
:109EA00000001D68C16ACB69ED6F0100ED61C2055C
:109EB0005FEAE0E9FEF5E0E9693A20CB00008615AB
:109EC000C1EA2606A44B0000DD31E637010006E8B2
:109ED000BFFFACFE6152CA051D30BFFF3EFE693AAE
:109EE00020CB2000230200022B0658C0FE032B5774
:109EF0000000CA561C00C21D2B670000CC6618006B
:109F0000D205206EA63A20CB400018006B6F0000EF
:109F10002B770000CE760400C205047A6B7F000028
:109F2000300653C0FE03108F0000E13A20CB6000E2
:109F3000D18E1000B20580FF801D1E020F02C600E8
:109F40000457C486CA56010006D8BA050050E57504
:109F50006F3A20CB80003006604B0000DB81108719
:109F60000000848FD7865181B2050252A56D32065A
:109F700053C0FE03129F653A20CBA0000000D39E81
:109F80001000B2050050856580FFC20100E80A5844
:109F900000E0E0076001047FC486CF7E353A20CB25
:109FA000C00001008A0DCB8E2000BA05E087600159
:109FB0000050D54D2486D8862C06FFFF00001D706A
:109FC000C172533A20CBE0001068CE81F0970100B7
:109FD000EC91821D2466C586DB610C9F0000E09930
:109FE000AA0D01524C570000E83A20CC0000047F33
:109FF000D586417A8F00447FD586CB8E2000BA0566
:10A00000E08760010152952D0D80CE81F097563A80
:10A0100020CC20000100EC91DA1D1C98C59A530E4B
:10A02000FF0321570EC1CA560300CA150D78CE7919
:10A030006FDF0000A63A20CC4000CB8E2000BA058E
:10A04000E08760011B381C30BFFF88FA65520A5850
:10A05000AA0500580B50F505CB862F3A20CC60009E
:10A060002000BA05E087600100502D020A02C600F8
:10A070006F3206E0AF2D80FFF8000AE8E0076001CC
:10A08000A83A20CC8000245EC586DC590B6700000E
:10A09000E061C20D046FD5865F6A8D00446FD5867E
:10A0A0004B0700001C30403A20CCA00080FF180A6B
:10A0B000E477D986EEE100589A0D2F06FEFF0000E6
:10A0C000647FD8861C3080FFFE09DD86A33A20CC51
:10A0D000C0002000BA05E0876001280200024407A2
:10A0E000BC8644075889440754894407C4866407DA
:10A0F0004189D63A20CCE0006407B9864407D68669
:10A10000BFFF5EF90030BFFF30F52456C4860A67F2
:10A1100000000A588C6605002D3A20CD00004B67E0
:10A1200000001E028600C5322B0600C1FE03C65980
:10A1300024568886006806600A70CD710B80193A33
:10A1400020CD2000CD81108700004E870000416A9D
:10A15000686AE6F54C0EFF03018F08C1448F9086B4
:10A160004C0EFF03E73A20CD400021970AC16497C7
:10A1700092864C0EFF03219F0CC1649F94864C0E67
:10A18000FF03217F0EC1647F96866D3A20CD60006B
:10A1900004724C0EFF0361770EC17F00D505E557B1
:10A1A00040007F007F00C5FD000280FF32071E02D5
:10A1B000CB3A20CD80005C1A630F0100A407610038
:10A1C00063374500633F410063473D00634F3900FB
:10A1D00063573500635F593A20CDA00031006367B3
:10A1E0002D00636F290063772500637F210063875B
:10A1F0001D00638F190063971500639F2B3A20CDD4
:10A20000C0001100E00F4000630F0D00E10F40009F
:10A21000630F0900F00F4000630F0500F10F4000CD
:10A22000630F813A20CDE00001003D0658C0FE03D7
:10A230003D570000CA562000F205BFFF86FF205E92
:10A2400020007D5F0000230F1C3A20CE000001009B
:10A25000E18F2000230F0500E1872000230F090074
:10A26000E10F2000230F0D00E1072000239F6E3A2D
:10A2700020CE2000110023971500238F190023877B
:10A280001D00237F210023772500236F29002367EA
:10A290002D00235F0A3A20CE4000310023573500BD
:10A2A000234F390023473D00233F4100233745001A
:10A2B00064066000230F0100441A033A20CE6000B8
:10A2C000E00740015C1A630F0100A4072100633717
:10A2D0004500633F410063473D00634F39006357CA
:10A2E000873A20CE80003500635F310063672D0020
:10A2F000636F290063772500637F210063871D005A
:10A30000638F190063976A3A20CEA0001500639FFF
:10A310001100E00F4000630F0D00E10F4000630FDC
:10A320000900F00F4000630F0500F10F3B3A20CE0B
:10A33000C0004000630F0100BFFF5CFC230F010061
:10A34000E18F2000230F0500E1872000230F090083
:10A35000E10FDC3A20CEE0002000230F0D00E107E2
:10A360002000239F110023971500238F19002387B6
:10A370001D00237F210023773A3A20CF00002500DB
:10A38000236F290023672D00235F310023573500F9
:10A39000234F390023473D00233F41002337C93A6B
:10A3A00020CF2000450064062000230F0100441A3E
:10A3B000E00740015C1A630F0100A407E100633766
:10A3C0004500633F733A20CF4000410063473D00A2
:10A3D000634F390063573500635F310063672D00B9
:10A3E000636F290063772500637F093A20CF6000FF
:10A3F000210063871D00638F190063971500639F19
:10A400001100E00F4000630F0D00E10F4000630FEB
:10A410000C3A20CF80000900F00F4000630F0500C8
:10A42000F10F4000630F01002A0658C0FE030262CC
:10A430006A670000E0873A3A20CFA00060013D063D
:10A4400060C0FE03FD5F0100CB6E0200FA0DCBE69B
:10A4500000FF88E21C30BFFF4CFD1C30543A20CF77
:10A46000C000BFFFCCFAFD5F0100CB8E0200B2F549
:10A47000E0076001230F0100E18F2000230F05009A
:10A48000E187C43A20CFE0002000230F0900E10F4C
:10A490002000230F0D00E1072000239F11002397C8
:10A4A0001500238F19002387683A20D000001D0073
:10A4B000237F210023772500236F290023672D00A8
:10A4C000235F310023573500234F39002347883A53
:10A4D00020D020003D00233F410023374500640683
:10A4E000E000230F0100441AE00740015C1A630FEB
:10A4F0000100A407DA3A20D040006100633745002C
:10A50000633F410063473D00634F390063573500A7
:10A51000635F310063672D00636F303A20D06000C5
:10A52000290063772500637F210063871D00638F07
:10A53000190063971500639F1100E00F4000630F3F
:10A54000B03A20D080000D00E10F4000630F0900F9
:10A55000F00F4000630F0500F10F4000630F010092
:10A560002A0658C0FE03263A20D0A00001726A775E
:10A570000000E08760013D0664C0FE03FD6F01003E
:10A58000CD7E0200BA0DCD3600FF8832AF3A20D022
:10A59000C000BFFF3AF7FD6F0100CD960200F2F553
:10A5A000E0076001230F0100E18F2000230F050069
:10A5B000E187FE3A20D0E0002000230F0900E10FE0
:10A5C0002000230F0D00E1072000239F1100239797
:10A5D0001500238F19002387673A20D100001D0042
:10A5E000237F210023772500236F290023672D0077
:10A5F000235F310023573500234F39002347873A23
:10A6000020D120003D00233F410023374500640650
:10A610006000230F0100441AE0074001000280FFA0
:10A6200006041E02423A20D14000000280FFEA03E5
:10A630001E020F0287008800890009E808E007D899
:10A64000BFFFA2F0245660890A58CB3A20D160009F
:10A65000DC510A7700005D71FA1D846F6189DC5955
:10A660000B600C7F00001D794C7F0000E069CA156B
:10A670008B3A20D1800004876189E0818A0D048FA4
:10A680006289E089CA05039244976289209EFF008F
:10A69000449FE586449F233A20D1A000E18644DF11
:10A6A000E286BFFF2EF02D02000204576189E051BF
:10A6B000EA1D014A444F6189400E0000DD3A20D175
:10A6C000C000A147114800300038BFFF80FF206E56
:10A6D000F501646FDC8604776289E071CA05027A4D
:10A6E000447FEB3A20D1E00062898437E38680FF23
:10A6F0001A03023280FF9E0A80FF66031E020002D8
:10A7000080FF14031E020002673A20D200004407B3
:10A71000E4860457DF866152FA0580FFD402BFFF4A
:10A7200062F34407DF861E020002BFFFE2FF0E3A1B
:10A7300020D220001E02000280FFF8021E027F00CD
:10A740000002BFFFCAEFBFFF50F3E0510A58E20D0D
:10A75000445FE386AC3A20D240004407E48680FFA1
:10A7600092024407618901624467DF86A45FE38641
:10A77000445FE3860B3080FFDADB773A20D260005B
:10A780004457E48644076289BFFF6CEF1E02000253
:10A79000BFFFBCFF1E024407E0867F000152445702
:10A7A000813A20D28000E0867F000F028700880077
:10A7B000890009E808E007D8BFFF66EF24566089E2
:10A7C0000A58DC510A77C23A20D2A00000005D711D
:10A7D000A21DDC590B780F8700003D889100518144
:10A7E0000B684D87000084676189E0610E3A20D2D2
:10A7F000C000CA0D8497E386120601FFBA0544DF44
:10A80000E186209EFF00449FE286BFFFFCEE2D0202
:10A81000A457B83A20D2E00061897F00000280FF8F
:10A82000AE021E02000280FFA8021E020002206685
:10A83000FF00400E0000A15F543A20D300001148F1
:10A840004467E5864407E48601524457E386027272
:10A85000447761894457E086440763894407F63AA0
:10A8600020D32000DF86400E000081871348F05976
:10A870008F150B68245E60890B88CD895107000015
:10A88000416A8D00933A20D34000400E0000819F22
:10A890001348F369D7F54467E2864467E1866407A5
:10A8A000DC86400E0000C1C71048BC3A20D36000CF
:10A8B000E20D400E0000A1471148014A0030003867
:10A8C000BFFFD8FD2056F5016457DC864407628936
:10A8D0002A3A20D380000477DE866172BA0580FFB1
:10A8E00010021E02000280FF5A011E0200024407ED
:10A8F000DE86BFFFF2FF0F3A20D3A000BFFF54FF58
:10A9000080FF120201524457DE861E020502BFFF7D
:10A9100046EE0457E0866152DA7520EE8D3A20D378
:10A92000C000FF00845FE386FD59F2252467DC86C2
:10A93000E061CA050B3080FF2C01046F6189E0697A
:10A94000BA153C3A20D3E000400E0000C1C71048C1
:10A95000E20D400E0000A1471148014A00300038C6
:10A96000BFFF50FD2076F501373A20D40000647710
:10A97000DC86027A447F618944EFE28644EFE58613
:10A980004407E486A45FE186EBE9920D018A503A20
:10A9900020D42000448F61890B3080FFC60044EF33
:10A9A000E186049FE586619A8A2504676189E061F2
:10A9B000AA1D0152AD3A20D440004457618980FF5E
:10A9C000B200400E0000C1C71048E20D400E00006A
:10A9D000A1471148014A00300038B73A20D460003E
:10A9E000BFFFE8FC206EF501646FDC864407E48657
:10A9F00044EFE586047FE486E079B205BFFFB0FD51
:10AA0000963A20D48000E45FDD86E05982155F5AD3
:10AA1000CB00645FDC86E059AA0D400E0000A14720
:10AA20001148014A0030733A20D4A0000038BFFF1B
:10AA3000E2FDBFFF2EED23028457E3860A0601FFE5
:10AA4000BA0D015A445FE58604676289BF3A20D493
:10AA5000C000E061CA05026A446F62897F00C0F7E6
:10AA60000EF4EA5700007F000002023280FF202728
:10AA70001E021E3A20D4E0000002013280FF162799
:10AA80001E027F000002003080FFFA0B1E0200024F
:10AA9000013280FFF00B1E02F73A20D500000002C1
:10AAA000013280FFE60B00501E02000280FF4603C9
:10AAB00080FF5A0380FFE4D81E02000280FF743A30
:10AAC00020D52000660380FF7A0380FFD6D81E02BF
:10AAD000000280FF860380FF96034407638980FF9E
:10AAE000F0D81E02793A20D54000000201524457A6
:10AAF000638980FFB0D880FF900380FFD0031E02DF
:10AB0000000280FF840380FFC403163A20D5600052
:10AB10001E02000280FFCE0280FFDA0280FF64EB9B
:10AB200080FF0AE8BFFF3CFE80FF4E1B845FE98682
:10AB30006E3A20D58000E059CA0580FFD80B025A32
:10AB40000B56FFFF4457E8861E027F007F0000027D
:10AB50000030BFFF82ECE13A20D5A00080FFAE03B9
:10AB6000013280FF6E0A02524457618980FF46D845
:10AB70001E0200024407E886BFFF0EF7FD3A20D50B
:10AB8000C00080FF8E03013280FF4E0A02524457FC
:10AB9000618980FFFAF280FF3A1C1E027F000A02E0
:10ABA000C600A73A20D5E00006E0BFFF16EC2F064E
:10ABB0002F480000DC798F7F010024760688CF7152
:10ABC0008EEF01002C065748BE3A20D60000000048
:10ABD000DC618C6701001D684CE9E2052C8891005E
:10ABE0004D894E8F0000BFFFBCEB1D502802443A38
:10ABF00020D62000C600246E6889C6698D6F0100CA
:10AC0000200EFF00E1690058AA05015A24766589E3
:10AC1000C6710E7F503A20D640000000CF7E8000E3
:10AC2000B2058B5E02000B507F000002C4CF648926
:10AC3000D215845769890A0601FF3B3A20D6600085
:10AC40008A1544076889BFFF92EB246665890C6FFB
:10AC500000000C588D6E80004B6F0000BFFF58EB5A
:10AC6000073A20D680001E02C60024566589C651C8
:10AC70000A580B6700008C6680004A6700007F005E
:10AC8000265F0C00635A613A20D6A000B10501523C
:10AC9000950D04676489CC660C00BA050050A505C3
:10ACA00001527F00C600400E0000E157523A20D604
:10ACB000C0002948EA31BA05440768897F000F02BD
:10ACC000C60006D8BFFF26EB245E65890BE8DB597A
:10ACD0000B50CE3A20D6E0000A670000CC667F0019
:10ACE0004B670000BFFFE8EA24E66889DBE1206EDD
:10ACF000FF005C6F00001B702C3A20D70000C1726F
:10AD0000260628480000CE31E6370100BFFF5EF47A
:10AD100061528215BFFFE2EADBE91D881197283AEC
:10AD200020D720000000929680001D584B9700000D
:10AD30005C070000BFFFA4EA2D020002C4CF6489B3
:10AD40008245846FD03A20D740006989200EFF00E9
:10AD5000E1690D58D205E059B7055F6A8D00446F6F
:10AD6000688904776589CE760100873A20D760002C
:10AD7000A2258467ED86E0610C58E2050C5EFFFFBA
:10AD80008B00445FEC86446F6889E059CA15400E19
:10AD9000E63A20D78000000001872D484487EC86E2
:10ADA000BFFF6EEA248E658911970000929680009D
:10ADB00011584B970000FE3A20D7A000BFFF34EA9D
:10ADC000049F6589D39E8000820D04576889E051F5
:10ADD000CA050030BFFF14FF1E020F02FE3A20D743
:10ADE000C00004576489CA560300C235400E0000F3
:10ADF000E16729482106FFFF0000E161B22D24EE42
:10AE00005489AB3A20D7E0003B06704B0000CCD908
:10AE10003C06804B0000CCE19B6F0100DD690D77A3
:10AE200000009C7F01004F711D3A20D80000821D58
:10AE3000BFFFF6E99B5F0100DD590B881197000009
:10AE40009C9F01003398930053914B970000003A68
:10AE500020D82000400E000001572C484457688934
:10AE6000BFFFA8E92D020002BFFF8AFFBFFFFEFE61
:10AE70001E027F00223A20D840007F000002BFFF60
:10AE8000FCFFBFFFF6FF1E02045764897F00845752
:10AE90006589CA5E0100F205CA66DB3A20D8600007
:10AEA000FE008C660200446764897F0084576589D0
:10AEB000CA5E0400F205CA66FB008C66080044679F
:10AEC000E33A20D8800064897F0084576589CA5E90
:10AED0000200F205CA66FD008C66010044676489C1
:10AEE0007F0084576589323A20D8A000CA5E0800E6
:10AEF000F205CA66F7008C660400446764897F0027
:10AF000084576589CA5E0300D205CA66123A20D802
:10AF1000C000FC00446764897F0084576589CA5E6D
:10AF20000C00D205CA66F300446764897F00000202
:10AF3000C4CF923A20D8E0006489EA1D400E000098
:10AF400001572A484457658944076889400E000024
:10AF5000015F2B48445FEC86213A20D9000024365B
:10AF60006689023ABFFFCCE780FF960604676489D2
:10AF7000CC66FE008C660200446764891E02C23AF9
:10AF800020D920000002C4DF6489BA15243606885F
:10AF9000053ABFFFA4E724366989053ABFFF9AE75F
:10AFA00004576489043A20D94000CA56FB008A56E7
:10AFB0000800445764891E020A02440764893D065A
:10AFC000C44B000000E01C58C25A163A20D9600059
:10AFD000DD592B5F0100E059A20D2706B84B000098
:10AFE000DC39873F01000B30BFFF5AE741E263E2E3
:10AFF000503A20D98000E6EDBFFF58FC2436068881
:10B00000053ABFFF46E724366989053ABFFF3CE7AA
:10B010002606E04A0000CE3A20D9A000400E0000EB
:10B02000E19729481258C292C69132970100E091E7
:10B03000B21D400E000021EF25482C06143A20D9FD
:10B04000C000D04A0000CB618C670100C25AC659CB
:10B050002B6F0100E0E9F2050D301D380C40BFFFF9
:10B06000B6E63F3A20D9E000D5050D300C38BFFFD9
:10B07000ECE644076589440768894407EC86243672
:10B080006689023ABFFFD6E60B3A20DA00002802B2
:10B090000002BFFF4AFF1E0201527F000002400E65
:10B0A0000000C1EF2A48C2050030BFFF66FC583AD5
:10B0B00020DA20001E020002C4D7F886B205015A29
:10B0C000A5050058E059F255C4C70087B205015ADA
:10B0D000A5050058F13A20DA4000E059F21DC4C736
:10B0E000FC86B205015AA5050058E059920DBFFF34
:10B0F00088FEC4070487BFFFB2FF7C3A20DA6000F5
:10B10000C487FC86C4D7FC86B205015AA505005841
:10B11000E059F2054407F086C497F886C497FC8688
:10B12000013A20DA8000C4D70087B205015AA5058C
:10B130000058E059922DC4DFFC86B205015AA505DE
:10B140000058E059F205EF3A20DAA000BFFF3CFEBC
:10B1500080FF7050C49FFC86C4C7FC86B205015AAC
:10B16000A5050058E059F205C4070487A33A20DA80
:10B17000C000BFFF4EFFC487FC86C4D7FC86B20563
:10B18000015AA5050058E059D205C497F886C4971E
:10B19000FC86773A20DAE000C4D7F886B205015A77
:10B1A000A5050058E059BA25BFFF1AFFE051FA1D66
:10B1B000C4C70087B205015A9E3A20DB0000A505EE
:10B1C0000058E059F2158467F1866262BE15C4CF5B
:10B1D000FC86B205015AA5050058E059BA05A93AFE
:10B1E00020DB2000E0619A0DC40704870C6E01008B
:10B1F000446FF086C48FFC861E020002C4CFF8861E
:10B20000B205015AE93A20DB4000A5050058E05993
:10B21000E235846F6F890A5AE477F5864172CE0071
:10B22000207E6400AD794B78EF71823A20DB6000BC
:10B23000BA05C41FFC862086FA00AD814B80F071F0
:10B24000BA05C407FC86208EF401AD894B88F171E4
:10B250006D3A20DB8000DA0DC417FC86C4C7008776
:10B26000B2050162A5050060E061BA05C48FF886E9
:10B270006477F48620962F3A20DBA000EE02AD9191
:10B280004B90F271DA05C40FFC86C48FF886C4C7F0
:10B29000F886B205015AA5050058E0599E3A20DB10
:10B2A000C000921D245FF2865F5ACB00E059645FB4
:10B2B000F2869A15C487F886C4DFF886B205015A6B
:10B2C000A5054E3A20DBE0000058E059F205C49F86
:10B2D000F886C497F886BFFFEEFC1E020002BFFF8F
:10B2E00040FFBFFF28FE1E02183A20DC0000C60007
:10B2F0006437F286C407F8867F006407F486C48743
:10B30000FC86C497FC86C49FFC86C40FF8869E3AD0
:10B3100020DC20007F007F007F000002C4D7F88679
:10B32000B205015AA5050058E0598A15C4C7F88628
:10B33000B205015A453A20DC4000A5050058E05905
:10B34000CA1DBFFFC6FD20361900BFFFB0FFD515CF
:10B35000C4DFF886B205015AA5057E3A20DC6000FC
:10B360000058E059D20DBFFF76FCBFFFA4FDC49F7B
:10B37000F886C497F88620361900BFFF86FF1E02A4
:10B38000193A20DC80000002BFFFA4FF00501E021B
:10B390000502860044070487440700874407FC86AB
:10B3A0004407F88606E8F83A20DCA000BFFF82FFD9
:10B3B00061EACA05C4070087850D62EACA05C40FA1
:10B3C0000087B505C4170087C417F8863D3A20DC0E
:10B3D000C000BFFF4CFFBFFF5CFCC4CF0087B205BD
:10B3E000015AA5050058E059D20DC41FF886203631
:10B3F000FA002E3A20DCE00084676F890A0AAC313B
:10B400004130C600BFFF14FF2302050206E8BFFF5C
:10B4100002E5845771895D57003A20DD0000000085
:10B42000245F7189D05A985A5D5F01002467718941
:10B43000C86298625D670200246F7189986AAF3AAA
:10B4400020DD20005D6F0300847775895D7704003F
:10B45000247F7589D07A987A5D7F05002487758965
:10B46000C8829882583A20DD40005D870600248F0C
:10B470007589988A5D8F0700BFFF86E42302C4C7E1
:10B480007E89EA57000024677D89623A20DD6000EA
:10B49000C85298620C517F00245779898467798952
:10B4A000D0529852C852246F7989D0620C51C86A20
:10B4B000CD3A20DD8000986A0D517F0000028600A1
:10B4C00024577D89CC529D52EA318215245F7D89B3
:10B4D000C6660700D162ED3A20DDA0002106FFFF1D
:10B4E000F1FF41590C59645F7D890030BFFFD2F8EC
:10B4F0001E020502C60006E8BFFF98FF9E3A20DD47
:10B50000C000EAE9D215BFFF34E41D608862CC6652
:10B510000100C205C4077E89B505C4877E899D00E8
:10B5200044EFA43A20DDE0007F89BFFFF2E3003062
:10B53000BFFF9AF823020002860024577D89D1526A
:10B540009D52EA31F20D245F2B3A20DE00007D8906
:10B55000C6660700CC62200EFF8F41590C59645F0C
:10B560007D890030BFFF6CF81E02000286001D3A84
:10B5700020DE200024577D89DA529E52EA31F20DF6
:10B58000245F7D89C6660300C462200ECFFF415947
:10B590000C59645F8F3A20DE40007D890030BFFF88
:10B5A0003EF81E020002860024577D89DC529E521E
:10B5B000EA31E20D245F7D89C666923A20DE6000A2
:10B5C0000300C262130A41590C59645F7D8900303F
:10B5D000BFFF12F81E020002860024577D89CA565A
:10B5E000553A20DE80000300EA31D20D245F7D89C8
:10B5F000C66603001C0A41590C59645F7D890030FE
:10B60000BFFFE8F71E02F23A20DEA000000286002B
:10B61000245779899C52EA31D20D245F7989DC3232
:10B620001F3A843A47590659645F7989073A20DE00
:10B63000C0000030BFFFC0F71E0200028600245782
:10B640007989C5529D52EA318215245F7989C6668F
:10B650000700083A20DEE000D8622106FFFFFFF86D
:10B6600041590C59645F79890030BFFF90F71E0281
:10B67000050206E8BFFF6CFE563A20DF0000EAE94B
:10B68000D215BFFFF4E21D6090628C004467788998
:10B690001D68886A8D00446F79899D0044EF833A64
:10B6A00020DF20007A89BFFFB2E20030BFFF5AF7E7
:10B6B000230204570A888A56C00044570A88045F48
:10B6C0006D898B5E2C3A20DF4000C000445F6D899D
:10B6D0007F002056FF00045F06888B5EFE00445FFB
:10B6E00006884457078844570888163A20DF6000C8
:10B6F0004457098804670A888C663F0044670A88B3
:10B70000046F69898D6EFE00446F698944576A89A8
:10B71000793A20DF800044576B8944576C8904775D
:10B720006D898E763F0044776D897F00C407068857
:10B73000C40769897F00E93A20DFA0000002BFFF4B
:10B7400056E2245654890A6700000A58CC66FE0067
:10B750004B670000BFFF1CE21E0200027F3A20DFA1
:10B76000C000BFFF38E2245658890A6700000A5813
:10B77000CC66F8004B670000BFFFFEE11E022056BA
:10B78000FF002D3A20DFE00044576689C40767892F
:10B790007F000002BFFF0CE2C4971087BFFFE0E10B
:10B7A0001E020002BFFFFCE1813A20E00000C41746
:10B7B0001087BFFFD0E11E02C4871087C4B711876E
:10B7C0007F000002860044370C87BFFFDCE17A3A35
:10B7D00020E02000440710874407118744070E87A4
:10B7E00044070D8744070A87205E5500445F0B8796
:10B7F00044078089243A20E0400044078189BFFF44
:10B80000C6FF0A6244670887846F0D87666A8B2DBE
:10B810004D00260007002B000A00843A20E060005B
:10B820000F0026001200C4171087A525C417108723
:10B83000C43F1087D51DC43F1087A51DBFFF02E67A
:10B840001D3A20E08000C4171087C43F1087C43F12
:10B850001187C4271087077A447F0C87BFFFD8F170
:10B86000BFFF90F1BFFFFC3A20E0A00036E1951544
:10B8700044070C87BFFF2CE1C50DBFFF6CF1BFFF74
:10B88000FAE5BFFFF6F0018244870C87E73A20E033
:10B89000C000BFFF14E11E0200020030BFFF4AFFDC
:10B8A0001E0200020132BFFF40FF1E0284571187B3
:10B8B0007F00D03A20E0E000045710874657000090
:10B8C0007F00050206E8BFFF0AE1E0E9CA05C43FC0
:10B8D0001087F50561EADA051E3A20E10000C4BFD1
:10B8E0001087C4BF1187BFFFCCE02302C42F11878C
:10B8F000015244570E87045F0A870B5E1000C03A5E
:10B9000020E12000445F0A87C4871087C4B71187ED
:10B9100024678189200EFFF041618C660001646715
:10B920008189046F273A20E140000987446F8089AC
:10B93000C4FF1087C205C4278189B505C4A78189C2
:10B94000C4AF81897F000502BFFF6D3A20E160002E
:10B950009AE0A45F0D87E059D7050B56FFFF4457C7
:10B960000D87BFFF62E0BFFF82E084670D87047729
:10B97000D13A20E180000A87CC667F00CE76F000C5
:10B9800084726872A70D207E1000447F0A8720868B
:10B99000320044870D874C3A20E1A00004624467DE
:10B9A0000C87E061BE058007A60444670C87200E63
:10B9B0008000E1610C58B70580079404193A20E132
:10B9C000C000655ABA0580076C02655AFF15635AB4
:10B9D000BA058007F201635ABF0D615AD21D615A40
:10B9E000BF05513A20E1E00080077004625AA27D51
:10B9F00080076804645ABA058007400280075C0427
:10BA0000675ABA0580073004EE3A20E20000675A10
:10BA1000B70580074C04665ABA0580077E03800785
:10BA20004004BFFFF6FD20EE550044071187613A40
:10BA300020E22000C4B71087C4AF1087C4A71087C6
:10BA4000C49F1087C4871087C48F108744070E8750
:10BA500044EF0B87553A20E24000048F0A87418A61
:10BA6000448F0A87BFFF62E4C4D71087922DC42F8A
:10BA70001187019244970E87049F453A20E26000A7
:10BA80000A87139E1000449F0A8744EF808944EF81
:10BA9000098724578189200EFFF041518A56000101
:10BAA000C43A20E2800064578189C4AF8189C4A769
:10BAB000818944078289440783894407848944072C
:10BAC0008589440786890F3A20E2A00044078789C8
:10BAD000046F0A87CD6E0F00646A9F0D057244776C
:10BAE0000D87027A447F0C878007B403653A20E211
:10BAF000C0002086100044870A87208E3200448FC1
:10BB00000D87049244970C8780079A03C4D7108747
:10BB10009A15DC3A20E2E000C4FF1087C205C43F5A
:10BB20001187B505C4BF11870C5244570D87036AAE
:10BB3000446F0C87800774034F3A20E30000C4DF92
:10BB40001187B205BFFF08FEC4CF11879215C4D775
:10BB50001187E205047244770D8780075403B83AD1
:10BB600020E320000C7A447F0D87038244870C87F2
:10BB700080074403048F0D87E089B20580073803EE
:10BB8000A45F0987B33A20E34000C42F11870192D4
:10BB900044970E87049F0A87139E1000449F0A87CC
:10BBA0000B06ABFFD215C4FF1187C93A20E3600032
:10BBB000F205C4FF1087C205C42F8189B505C4AF43
:10BBC0008189C4FF1087C205C4278189850DC4A758
:10BBD0003E3A20E380008189D505C4AF8189C4A79E
:10BBE0008189C4F71187C205C4071087B505C4371A
:10BBF0001187246F8189413A20E3A000200EFFF0D5
:10BC000041698D6E0002646F8189445F80890C7286
:10BC100044770D87037A447F0C878007E93A20E355
:10BC2000C000B202C4CF11879215C4D71087B20DDD
:10BC3000C4D71187820D048244870D87028A448FFE
:10BC40000C872D3A20E3E000C5050C9244970D8740
:10BC5000C4D71087F205C4DF1187C215BFFF1AFDD4
:10BC60009515C4F71187C205723A20E40000C40795
:10BC70001087B505C4371187C4FF1087C205C43FBC
:10BC80001187B505C4BF118704570D87E0519C3A51
:10BC900020E42000B20580074E02016A446F0C8741
:10BCA0008007440204EF0A87DDEEF000BFFFD2FBFD
:10BCB000C41F10878C3A20E4400044EF0A87C4C7B1
:10BCC0001187B205C4271187C4E711878215C4D72D
:10BCD0001087D205047F0A87E0794B3A20E46000A0
:10BCE0009A0D44070A872086810044870C878007C5
:10BCF0000202048F0C87648AEA5504970D87E0914D
:10BD0000163A20E480009A3DC4CF1087D205C48F34
:10BD10001087BFFF6AEDBFFF1CE2C4D71087922DCA
:10BD2000C4FF1087C205D73A20E4A000C43F1187A2
:10BD3000B505C4BF1187C42F1187015244570E8720
:10BD4000206E1000446F0A8724778189573A20E4D7
:10BD5000C000200EFFF041718E7600046477818967
:10BD6000047F0987447F8089C4AF8189C4FF10871D
:10BD7000C205033A20E4E000C4278189B505C4A7C1
:10BD80008189208E3200448F0D87C4D710879A0D89
:10BD9000C4FF1087C205C43FB43A20E500001187F4
:10BDA000B505C4BF1187C4FF1187BA0580076201BA
:10BDB0000C9A449F0D872056850044570C87443ABF
:10BDC00020E5200080075001C4FF1187F225C4CF71
:10BDD0001187E2050C6A446F0D8780073A010477EA
:10BDE0000D87E071A03A20E54000B20580072E01E2
:10BDF000BFFF38E1C42F1087C4AF118744070E87F7
:10BE0000C4CF1087D205C48F1087173A20E5600091
:10BE1000BFFF96EC207E4B00447F0D87068244874F
:10BE20000C878007FE00C4A71187208E3200448F44
:10BE3000FA3A20E580000D87049244970C87C57577
:10BE4000BFFF80FAC4A7118744070A87049F0D87A4
:10BE50001306B6FFBA05CE3A20E5A000BFFFA0EB5F
:10BE6000C4FF1187EA25C4AF1087BFFFFEE0C4DF1F
:10BE70001087821D2056100044570A87773A20E524
:10BE8000C000C4CF1087920D046F0887E069D30506
:10BE9000027244770D87D505207E3200447F0D87DE
:10BEA0000482053A20E5E00044870C87D505208E02
:10BEB0008100448F0C87BFFF4AEBF53DA45F0D87DF
:10BEC000615ABA0DBFFF82E0F03A20E60000C4AF2D
:10BED000118744070E870030BFFF14DC9535E05909
:10BEE000FA2DC4AF1087C4271087BFFF52EC7F3AEA
:10BEF00020E62000BFFF0AEC079244970C87B52587
:10BF0000C49F1087C4FF1187EA1DC4A71087BFFF15
:10BF1000E0EBBFFFA03A20E640006EE0BFFF6AEB17
:10BF2000209E8100449F0C879515BFFFBAF94407F6
:10BF300010874407118744070E87E43A20E6600023
:10BF400044070D8744070A872056550044570B873E
:10BF5000046F1187CD6EF000446F1187BFFF58DB6F
:10BF6000753A20E68000C4FF0C87B205BF07F0FADF
:10BF700004770E876172BA0DC4D71087820D023222
:10BF8000BFFFD2E46152F73A20E6A000BA054407A9
:10BF90000E8723020002265705004C52EA77010063
:10BFA00082728E00CE767F0044770B87803A20E63F
:10BFB000C000265F09000B7F0100CF7E0F00627A70
:10BFC00082150B870100D0860F006182A20D0B8FB6
:10BFD00001002D3A20E6E000D18E0F00648A8A75B8
:10BFE000C4071187D56D205E5500A4670987C40773
:10BFF0001187EB61A70DA46F363A20E700000B878D
:10C00000EC69E90DEB69C70D446F0987950DA46FC5
:10C010000B87EC69B105EB69B705446F09870C3AEA
:10C0200020E7200026970900129F0100D39E0F00F1
:10C03000629A8A4DC40F1187266709008C57010048
:10C04000EA59822D373A20E740008C770100A47F1F
:10C050000B87EE79A225C4971187266709008C8784
:10C060000100EB81CE0DA46F0B87493A20E76000F9
:10C070008C8F0100F1698635EB69EE2DC41F1187A5
:10C08000B52DA46F0B878C970100F269EE05EB6963
:10C09000313A20E78000BE25C41F11878525C41FC3
:10C0A0001187D51DC4171187269F090093570100DA
:10C0B000EA59DA15C4EFF33A20E7A0001187AA1570
:10C0C0004407828944078389440784894407858912
:10C0D0004407868944078789D505C487CA3A20E77B
:10C0E000C0001087C4B71187C4C71187923D047F71
:10C0F0000A87CF7EF000447F0A87265F09000B770E
:10C100000100E73A20E7E000200E1000CE76100094
:10C11000E171CA05C4E71087D205C4BF1187265F45
:10C1200009000B870100D086BB3A20E80000200000
:10C130001006E0FFBA1DC4E710878A1DC4EF108700
:10C14000DA15C4FF1087A215BFFF64DEC43FD63ADC
:10C1500020E820001187C42F1087C4AF118744073F
:10C160000E87208E4B00448F0D87069244970C87D4
:10C1700000501E02F53A20E840000002C4AF1187CB
:10C1800004570A87CA560F0044570A870A62446751
:10C190000887245F8189D45A9C5A0D3A20E86000B0
:10C1A000625A9A2DC4FF1187A215C4EF8189F20D3E
:10C1B000BFFF0EDEC42F108744070E8720764B008A
:10C1C000523A20E8800044770D87067A447F0C8736
:10C1D000D52DC4FF1087E205C4E78189B205C43FAD
:10C1E0001187C4EF1087BF3A20E8A000AA25C497A2
:10C1F00011870C8244870D87038A448F0C87951D15
:10C20000645ABA0DC4D71087C215C4E7CB3A20E8E8
:10C21000C00011879215019244970C87D50D615A81
:10C22000BA0D845F0D87645AB205655ADA05209EFF
:10C2300010003C3A20E8E000449F0A871E020002FA
:10C24000BFFF96DDC40F10870030BFFF2CD9C4FF9D
:10C250001187F205C4E71087603A20E900008A2DB3
:10C26000C4EF1087DA2504571187CA56F0004457E7
:10C270001187C4A71187C4AF118744070E87D33A2B
:10C2800020E920002066100044670A87046F0C87AD
:10C29000CD6E7F00656AF20D845F0987E059EF7704
:10C2A0000000EE76013A20E94000D0FF0E76320021
:10C2B00044770D87047A447F0C87845F0987E059AF
:10C2C000D7050B86FFFF448708879E3A20E9600068
:10C2D000BFFFC2E81E0200028600870003524457D7
:10C2E0002C8A20667F0044672D8A44372E8A443F7B
:10C2F0003D3A20E980002F8A4407308A4407318A7A
:10C300004407328A4407338A400E0000E137514C1B
:10C31000BFFFD2E11E02103A20E9A0000457938922
:10C3200061529A0DC4C7288AA20D205EF401645F91
:10C33000228AD5052066F4016467228AEC3A20E956
:10C34000C0007F000502860006E80030BFFFD6FF70
:10C3500061EAB20563EAFA0584379989203E7200E2
:10C36000BFFFC13A20E9E00088FF23020002C4D7E2
:10C37000288A820D003080FF66D2C497288AC4972D
:10C380008D891E020502E657C43A20EA00000D001E
:10C390003006F74D0000CA8110870000E081B20529
:10C3A0000152F555268F0500488A11970000A43ADE
:10C3B00020EA20006892B9050050E54DC4D78D8968
:10C3C000C20DC4D7288A9A0DC4DF288ACA45003016
:10C3D000BFFF64FF733A20EA400000508545265FA6
:10C3E00009008B770100CE6EF000A22520661000B8
:10C3F000EC69CA35EE619A15AB671E3A20EA600017
:10C4000001006862DE0DE061F7058B370300203E16
:10C410007500BFFFF4FEBFFF6EFF0050B525C4D707
:10C420006B3A20EA8000288AC205C4978D89B50539
:10C43000C417288AC48F9489F515C48F948901EA9A
:10C44000265F09000B57803A20EAA0000000CA5678
:10C450000F006752870DAB370100203E1200BFFF6F
:10C46000B4FE00E8BFFF2CFF1D50A5052F3A20EABF
:10C47000C0000152230200022056F4016457228AB0
:10C48000BFFF2AD7C407288ABFFFFED61E020002BC
:10C49000BFFF3C3A20EAE000E6FF1E020002BFFFB9
:10C4A000DEFF1E020002BFFFD6FF1E020002BFFF1A
:10C4B000CEFF1E020002BFFF323A20EB0000C6FF93
:10C4C0001E020002BFFFBEFF1E020002BFFFB6FF3A
:10C4D000C4CF288A820D8437258ABFFFFEDA2A3A24
:10C4E00020EB200080FF0E40950D8437258A2630F2
:10C4F0008600BFFFC0DA80FFFE3F1E0200028600FA
:10C5000004579289EE3A20EB4000E051DA05E03121
:10C51000BA05C42F8D890030BFFF52FEC49F288A00
:10C520006407208A64071E8A245FCE3A20EB6000ED
:10C530008D89200EFFE74159645F8D89C48F9489EE
:10C54000BFFF88D6C4978D89BFFF5CD61E0200024C
:10C55000E93A20EB8000C6006407228A6407188A43
:10C5600064071E8A6407208A04579289E051F215F5
:10C57000BFFF5ED6C407F83A20EBA0008D89BFFF4D
:10C5800032D6045F9889445F998920667F004467AA
:10C590009889046F9289446F9A890372863A20EBD6
:10C5A000C00064779089851D067E0100CF00647FFE
:10C5B000908984878D89320684480000F0861400B3
:10C5C000D0913F3A20EBE000129700004497988901
:10C5D000BFFF10D6C4078D89BFFFE4D51E0200023D
:10C5E000C600C4879489C4F7693A20EC00008D899D
:10C5F0000658D2050B30BFFF76FFC5050030BFFFE0
:10C6000028FF1E020002C700633A06680760013A6D
:10C6100020EC2000EA350D5700006152E20520763B
:10C620001200447792899535AD5F0100615AE705A4
:10C63000207E3100EC3A20EC4000447F9289852D29
:10C64000CB860100C205C40F288AB505C48F288A8D
:10C650008D5F0300615A820D625AD23A20EC60006D
:10C66000E20D209E3100449F9289D515048A448FA3
:10C67000248A0D300C3880FF1243D50D0192449767
:10C680001A3A20EC8000248A0D300C3880FF0243D7
:10C69000D50520561200445792890030BFFF60FF35
:10C6A0001E020002BFFF3C3A20ECA0005AD5C4B7DE
:10C6B0008D89BFFF2ED51E020A02C700613A06E02F
:10C6C00007E8BA159C5F0100615AD205133A20ECC5
:10C6D000C000625A8A0DBFFFD8FF1C301D3880FF92
:10C6E000F458A50D2056120044579289D5052066AE
:10C6F00012007E3A20ECE000446792890030BFFFD0
:10C7000010FF2802000286004437938980FF423ED2
:10C710001E02000284678989EA3A20ED00000C06B7
:10C720007FFFA20D200E8500E1610C58F20D0B0673
:10C7300079FFC215A51D0132BFFFD2FFBFFFBA3A74
:10C7400020ED2000DAD4C407288ABFFFAED48515B7
:10C750002056F4016457228A0232BFFFB6FF850DCE
:10C76000206EF401403A20ED4000646F228A0432CA
:10C77000BFFFA6FF440788891E020002C700613A76
:10C7800006700758CA1D8E670100093A20ED600047
:10C79000200E8100E1610C68920D200E8500E16998
:10C7A0000D30C205060679FF8A0D446788890E3070
:10C7B000793A20ED80000B3880FF1055A50D2056EA
:10C7C000120044579289D505207E1200447F928939
:10C7D0000132BFFF5AFEAB3A20EDA0001E026407F3
:10C7E000228A7F0000026407208A64071E8AC487A9
:10C7F000288A045793896152C2050132523A20EDCA
:10C80000C000BFFF2CFF2036FA00BFFF26D880FFF4
:10C81000643D80FF463D1E0200026407228ABFFF7E
:10C82000CCFF5A3A20EDE000C4978D891E02000229
:10C830002036FA00BFFF02D880FF403D4407288A17
:10C840000152445793891E02753A20EE00000002FF
:10C850008600C7004407928905526457208A2066E3
:10C86000751764671E8AC4378D89643F90892F3A93
:10C8700020EE2000C40F8D89246F8D89200EFFE7E4
:10C8800041698D6E0008646F8D8980FF1ECEC4974C
:10C89000288A1E02FE3A20EE400000028600C800F0
:10C8A000C4CF9489085806680760B20DC4D794892C
:10C8B000DA150C57000044579889F83A20EE6000CA
:10C8C000C4179489E50DEC6A2486348ACD81F087FB
:10C8D000050024369889D0310B400C3880FF72DA7D
:10C8E0004A3A20EE80001E02C700C4D78D89DA0DB7
:10C8F000070680FFD705C40F9489C4979489C4178D
:10C900008D8924569889973A20EEA000A5050050FD
:10C910007F000002C600C4079489BFFFD0FC1E023E
:10C9200000028700C4DF94890758C205103A20EE40
:10C93000C000C49F9489851DC4C79489A215E0597D
:10C94000BA0D05526457208A2066751764671E8ADF
:10C95000C42F7D3A20EEE0008D89950DC48794891F
:10C96000C4978D89C5050B30BFFF48FC1E0200022D
:10C9700086008700BFFFB8FFD63A20EF00000050C6
:10C980001E02000287000730BFFFB8FAC48F9489E7
:10C99000C4978D891E02C41F288A7F0000023A3A7C
:10C9A00020EF2000C4DF94890670920D2E37050019
:10C9B00003422E3F090080FFBCD98525EE6F0D0094
:10C9C000E069E3156E3A20EF4000245E988900602C
:10C9D0002E870500E497198ACC81CC91D200CB91A7
:10C9E00012970000509700004162CB3A20EF6000A0
:10C9F000CC00EE6F0D00EC69FBED247F188ACD7939
:10CA0000CF00647F188A00501E020A02E4E7918971
:10CA1000DE3A20EF8000E0E1BA0DC4B78D892056E0
:10CA20001100445792890030BFFF64FCE56D8467B4
:10CA30009989CC5EC000843A20EFA000B2150B06A5
:10CA400080FFF215205EFF000B0601FF9A1D445F78
:10CA50008989207E1100447F928900303C3A20EF82
:10CA6000C000BFFF36FCF5552B06284A0000CC5904
:10CA70008B5F0100D5ED2B06684A0000CC598B5F17
:10CA800081FF103A20EFE000E5E5445F8989C4CFDB
:10CA90009489920D20861200448792890030BFFF4E
:10CAA00000FCC53D445F8C89013A20F00000EB5E3C
:10CAB00014003D0684480000DD592B970500A49F13
:10CAC0009389D296070052990B609A0D2056463AE8
:10CAD00020F020002200445792890030BFFFCEFB97
:10CAE000B5252C5F0900E059E20D450E010021FE3D
:10CAF00040F06B009D3A20F04000046F9289E0699D
:10CB0000D2050030BFFFACFBA515243699891C3E29
:10CB1000FFFFA4878989C700F086653A20F060008E
:10CB20001400450E0100DD8130870D0021FE72F0FA
:10CB30007000280200026407228A6407208A6407C2
:10CB4000523A20F080001E8AC49F9489C4878D8940
:10CB5000C48F8D89C4978D8924578D89200EFFE756
:10CB6000415164578D89053A20F0A000C4AF8D89EA
:10CB7000C4378D89205EFF00445F8C8964079089EB
:10CB800044079289C48F948944078889CB3A20F05E
:10CB9000C000BFFF26FD1E020002C4EF8D89821D6A
:10CBA000BFFF2AD1C4AF8D89BFFFFED084578D89C6
:10CBB0002B06D53A20F0E00084480000EA56140025
:10CBC000CA592B5F1100E059E205450E010021FE14
:10CBD000FCF06B00BFFFFCD0BE3A20F10000E45F28
:10CBE000238AE05992155F5ACB00645F228AE0598C
:10CBF0008A0DBFFFC0D0BFFF90FCC4978D89533A08
:10CC000020F12000E505BFFFB2D0B505BFFFACD0D5
:10CC100024771E8AE071F215BFFFC4D0247F1E8ADC
:10CC20005F7A647FBD3A20F140001E8ABFFF92D038
:10CC300024871E8AE081AA0D6407208A64071E8A61
:10CC4000BFFF1EFF80FFD839F5559F3A20F16000E5
:10CC5000248F208AE0898235BFFF90D02497208AD4
:10CC60005F926497208ABFFF5ED0249F208AE0995C
:10CC7000273A20F18000BA2520567F0044571A8AAF
:10CC80000467988944671B8A206E7800446F1C8A69
:10CC9000C41F9489243EBF3A20F1A0001A8A03429F
:10CCA000003080FF50D1E051EA0520769001647792
:10CCB000208A850D247F208A417A647F4D3A20F1B5
:10CCC000C000208AC49F9489C4CF8D89C20D0030D2
:10CCD000BFFFD2F7BFFF26D0C48F8D89BFFFFACF29
:10CCE000BFFF743A20F1E0009CFDC4C78D89B215E6
:10CCF000243E9889E4479189003080FF04D1E051B7
:10CD00008A0DBFFFFECFC487243A20F200008D8930
:10CD1000BFFFD2CFB5056407188A1E020002BFFF0D
:10CD200064FE1E02860004579289E051BA05643AF7
:10CD300020F22000443792897F00A45793897F0016
:10CD4000E45791897F00245699897F0004578E8A81
:10CD500044528A00A13A20F24000E051C70D0A581F
:10CD600024568C8A0A68CB694D07FFFF5F5A8B00F7
:10CD7000E0599FFD7F0086004437263A20F260008C
:10CD8000898A7F00A457898A7F0003524457898A81
:10CD900064070D80640709807F00860044378A8A13
:10CDA000EC3A20F280007F0084578B8A7F00035288
:10CDB00044578A8A64071180640715807F005C1AD3
:10CDC000630F0100031EF73A20F2A000D0FF635763
:10CDD0002D00635F290063672500636F210063777F
:10CDE0001D00637F190063871500638FE83A20F206
:10CDF000C000110063970D00639F0900F00F400011
:10CE0000630F0500F10F4000630F010024571180EC
:10CE1000245F133A20F2E0001580EB51A225246F25
:10CE200011802476B88BCD710E770000407717FA09
:10CE3000247F1180417A647F183A20F3000011802A
:10CE4000248711801006A8FDB90564071180048AA3
:10CE5000448F8A8A24971180249F1580F3910E3A7B
:10CE600020F32000CA05035244578A8A230F010089
:10CE7000E18F2000230F0500E1872000239F090098
:10CE800023970D00E63A20F34000238F11002387FB
:10CE90001500237F190023771D00236F21002367CE
:10CEA0002500235F290023572D00053A20F3600059
:10CEB000031E3000230F0100441AE00740015C1AF2
:10CEC000630F0100031ED0FF63572D00635F29002D
:10CED000D83A20F3800063672500636F21006377F1
:10CEE0001D00637F190063871500638F110063972E
:10CEF0000D00639F0900853A20F3A000F00F400069
:10CF0000630F0500F10F4000630F0100C0C714FA62
:10CF1000DA3DC0CF14FADA2D0457898A263A20F375
:10CF2000C0006252C22524670D80245E8C8A006F87
:10CF300016FACC594B6F000024770D80417264774C
:10CF40000D80413A20F3E000247F0D800F06D4FECF
:10CF5000B90564070D8024870D80248F0980F18135
:10CF6000DA0502924497898AF93A20F40000B5253F
:10CF7000049A449F898AF51D005716FA4457888AF7
:10CF8000A51D006716FA4467888A805F15FA743A0F
:10CF900020F420001D0A4159405F14FAC40F8B8A07
:10CFA000D50D006F16FA446F888A807715FA1E0A2D
:10CFB00041714077B93A20F4400014FAC4078B8AD3
:10CFC000230F0100E18F2000230F0500E1872000DF
:10CFD000239F090023970D00238FF83A20F4600067
:10CFE000110023871500237F190023771D00236F6D
:10CFF000210023672500235F290023572D00031EEE
:10D00000753A20F480003000230F0100441AE00735
:10D0100040015C1A630F0100581AF00F4000630FC3
:10D020000500F10F4000323A20F4A000630F010028
:10D03000230F0100E18F2000230F0500E18720006E
:10D04000481A230F0100441AE00740013C3A20F43B
:10D05000C0005C1A630F0100581AF00F4000630F04
:10D060000500F10F4000630F0100230F0100E18F65
:10D070002000A53A20F4E000230F0500E1872000FE
:10D08000481A230F0100441AE00740015C1A245F8C
:10D0900009800467898A63626D3A20F50000A22541
:10D0A00020562C01415AEA59A1050058246F0D80E1
:10D0B000ED59CA0503724477898A24870980F93AB1
:10D0C00020F52000245E8C8AD0598B5F0100248FCC
:10D0D0000980418A648F098024970980EA91B1050B
:10D0E00064070980333A20F54000435F0300A357EB
:10D0F000030042061F000A02860020EE5802245F49
:10D100001580415AFD5906E0A105133A20F560004B
:10D11000005824571180EA59CA050232BFFF0EFD9C
:10D12000BFFF12FD63520A58B205645ABA15246F44
:10D130005D3A20F5800015802466B88BCD614CE700
:10D14000000024771580417264771580247F158054
:10D15000FD79B1056407863A20F5A0001580BFFF70
:10D16000E0FC2802C0FF14FAEA5F0000615AE215F1
:10D17000246F11802456B88BCD518A574A3A20F536
:10D18000C000010024771180417264771180247FF0
:10D1900011800F06A8FDB90564071180405717FAE2
:10D1A0007F00103A20F5E000805755F18A56400084
:10D1B000405754F1805F11FA8B5E8000405F10FA97
:10D1C000806711FA200EBFFF183A20F60000416177
:10D1D000406710FA806F53F41E0A4169406F52F4A1
:10D1E0007F00805773F41E0A4151405772F4263A6B
:10D1F00020F62000805F13F78B5E0100405F12F77E
:10D20000806753F48C660100406752F4806F11FA16
:10D210008D6E8000CC3A20F64000406F10FA807787
:10D2200011FA8E764000407710FA807F55F1200E7B
:10D23000BFFF4179407F54F17F007C3A20F66000C7
:10D24000805753F18A564000405752F1805F11FADF
:10D250008B5E8000405F10FA806711FA200EDFFFBE
:10D260007B3A20F680004161406710FA806F53F4EA
:10D270001D0A4169406F52F47F00805711FA8A56A7
:10D280008000405710FAB93A20F6A000805F15FAE6
:10D290001B0A4159405F14FA806715FA1D0A416163
:10D2A000406714FA806F15FA1E0A4169AC3A20F6FD
:10D2B000C000406F14FA807711FA8E762000407714
:10D2C00010FA807F53F1200EBFFF4179407F52F169
:10D2D0008087943A20F6E00073F41D0A418140876C
:10D2E00072F4808F13F7918E0200408F12F78097AF
:10D2F00053F49296020040971C3A20F7000052F433
:10D300007F00805711FA8A568000405710FA805FDC
:10D3100011FA200EBFFF4159405F10FA8067413A71
:10D3200020F7200011FA200EDFFF4161406710FA5C
:10D33000806F11FA200E7FFF4169406F10FA8077ED
:10D3400055F18E76153A20F740004000407754F1B1
:10D35000807F53F18F7E4000407F52F1808753F4ED
:10D360001E0A4181408752F4808F873A20F760007F
:10D3700053F41D0A4189408F52F4809733F49296FA
:10D380000100409732F4809F33F4939E0200409F47
:10D39000803A20F7800032F4805711FA200E7FFF88
:10D3A0004151405710FA7F008600805F33F41E0A17
:10D3B0004159405F32F4F03A20F7A000806733F41F
:10D3C0008C660200406732F4806F73F41E0A416974
:10D3D000406F72F4807713F78E760100373A20F7AA
:10D3E000C000407712F7807F73F41D0A4179407FB7
:10D3F00072F4808713F790860200408712F7808FBF
:10D4000053F4AE3A20F7E000918E0100408F52F4C1
:10D41000809753F492960200409752F4809F11FA3D
:10D42000200E7FFF4199409FA03A20F8000010FA9B
:10D430006132F20562320650E20D6352F215F51DBB
:10D44000045A405F11FA0B62406712FA026A193AF5
:10D4500020F82000446F0480D5150372407711FA3C
:10D46000207E4100407F12FA018244870480A50D8E
:10D47000048A408FE53A20F8400011FA20964100D6
:10D48000409712FA44070480809F11FA939E10007F
:10D49000409F10FA805F11FA1B0A913A20F8600051
:10D4A0004159405F10FA806711FA170A41614067DD
:10D4B00010FA806F11FA8D6E0200406F10FA8077BB
:10D4C000383A20F8800011FA1E0A4171407710FAAC
:10D4D000807F11FA8F7E8000407F10FA808711FADA
:10D4E000200EBFFF4181A23A20F8A000408710FA29
:10D4F000808F11FA200EDFFF4189408F10FA80974C
:10D5000011FA200E7FFF4191409710FA2D3A20F832
:10D51000C000809F55F1939E4000409F54F1805F72
:10D5200053F18B5E4000405F52F1400752F10162BF
:10D5300040676C3A20F8E00054F1C4878B8AC48FAE
:10D540008B8A7F007F007F007F007F007F007F004D
:10D5500000028600C800EC32143A20F9000024864C
:10D56000348AC68130370100F0870500D031BFFF13
:10D57000A2C71E020002064026370500283FFB3ADC
:10D5800020F920000900E8470D00BFFF8CC70050BC
:10D590001E027F007F0000507F0001527F007F004D
:10D5A000A05707F4F13A20F940008A56020040578C
:10D5B00007F4A05F07F48B5E0200405F07F4A067EA
:10D5C00007F48C660200406707F41C3A20F96000FB
:10D5D000A06F07F48D6E0200406F07F4A07707F488
:10D5E0008E760200407707F4A07F07F48F7E02005A
:10D5F000E33A20F98000407F07F4A08707F4908683
:10D600000200408707F4A08F07F4918E0200408F3C
:10D6100007F4A09707F46A3A20F9A0009296020056
:10D62000409707F4A09F07F4939E0200409F07F4E1
:10D63000A05707F48A560200405707F49E3A20F993
:10D64000C000A05F07F41D0A4159405F07F4A067BE
:10D6500007F41D0A4161406707F4A06F07F41D0A33
:10D6600041698A3A20F9E000406F07F4A07707F497
:10D670001D0A4171407707F4A07F07F41D0A417924
:10D68000407F07F4A08707F4E93A20FA00001D0A5A
:10D690004181408707F4A08F07F41D0A4189408F1C
:10D6A00007F4A09707F41D0A4191409707F4593AEF
:10D6B00020FA2000A09F07F41D0A4199409F07F41B
:10D6C000A05707F41D0A4151405707F4A05F07F423
:10D6D0001D0A4159B93A20FA4000405F07F47F0023
:10D6E000C0F718F4EA5F0000615ABA050050A505BA
:10D6F00001527F00C0D70EF0EA5F5D3A20FA600069
:10D700000000615ABA050050A50501527F0086004D
:10D7100061329A0DA05713F4200EDFFF415140579C
:10D720004D3A20FA800013F4F505A05F13F48B5EE8
:10D730002000405F13F47F00050280570FF01D0AA0
:10D74000415140570EF0063A20FAA00006E880FF4B
:10D75000645780FF105663EA1D58DB3D4B00040000
:10D76000130021002F00A06F13F4200E693A20FA55
:10D77000C000EFFF4169406F13F4A07713F4200E4F
:10D78000DFFF4171407713F4952DA07F13F4200E35
:10D79000EFFF3A3A20FAE0004179407F13F4A08786
:10D7A00013F490862000408713F4B51DA08F13F466
:10D7B000918E1000408F13F4473A20FB0000A09791
:10D7C00013F4200EDFFF4191409713F4D50DA09F75
:10D7D00013F4939E1000409F13F4A05713F49E3A45
:10D7E00020FB20008A562000405713F420EE320020
:10D7F00064EF9992BFFF0CFE245F9992E059BAFD45
:10D8000064EF9992853A20FB4000BFFFFCFD8067E2
:10D810000FF08C66020040670EF0246F9992E06969
:10D82000DAF50132BFFF14FF2302703A20FB6000DB
:10D83000C0D713F4EA5F0000615ABA050050A5058D
:10D8400001527F0000028600BFFF1AFCBFFF18FBD9
:10D850002B3A20FB8000BFFF94FABFFFE6F6BFFF24
:10D8600000F71E02C535E0076001BFFFDAB4BFFF55
:10D870001EB5BFFF96C2753A20FBA000BFFFF6D7CA
:10D88000BFFF48D7E087600100380040024A0030FF
:10D89000BFFF94D544079C92BFFF80FD463A20FB12
:10D8A000C000BFFF0ABFBFFF16BE80FF3C5280FF13
:10D8B0002452BFFF6CFD0132BFFF9EFFBFFFAEF6DB
:10D8C000BFFF353A20FBE0008CF6BFFF5AFD80FF1A
:10D8D000F44D80FF4E2B003080FF04191E02000221
:10D8E000C5CD86005F326432893A20FC00000650C4
:10D8F000CB3D4A00050012003A0020002E00806750
:10D900000FF48C66200040670EF4806F0FF4063A27
:10D9100020FC20008D6E0800406F0EF4952D80775E
:10D920000FF4200EDFFF417140770EF4807F0FF47B
:10D930008F7E0800C63A20FC4000407F0EF4B51DE3
:10D9400080870FF4200EDFFF418140870EF4808F27
:10D950000FF4170A4189408F0EF4A23A20FC6000B0
:10D96000D50D80970FF49296200040970EF4809F7B
:10D970000FF4170A4199409F0EF47F002456B08E91
:10D98000323A20FC80007F000502C60006E8BFFF97
:10D99000F4FF8A6F0100200EFF00E1690A608A45EA
:10D9A0000C7701000E06373A20FCA000ABFFBA3D11
:10D9B0000C7F0200E079CA1DAC8705006582BB358B
:10D9C0005000060031000A000E001200163A20FC3A
:10D9D000C0003100DD6145620C50952DDD6145626E
:10D9E0000C50D525DD6145620C509525DD61456201
:10D9F0000C50793A20FCE000D51DAC77030065722D
:10DA00008B1D4E00060016000A000E0012001600C4
:10DA1000DD6143620C50E50D923A20FD0000DD61AE
:10DA200043620C50A50DDD6143620C50E505DD61DC
:10DA300043620C50A505005023020502C6009E3A21
:10DA400020FD200006E8BFFF5AFF8A6F0100200E6C
:10DA5000FF00E1690A608A450C7701000E06ABFF02
:10DA6000BA3D0C7F503A20FD40000200E079CA1D0B
:10DA7000AC8705006582BB355000060031000A0006
:10DA80000E0012003100DD61AC5F273A20FD60001E
:10DA90000500952DDD61AC5F0500D525DD61AC5F2E
:10DAA00005009525DD61AC5F0500D51DAC77030051
:10DAB000063A20FD800065728B1D4E0006001600A0
:10DAC0000A000E0012001600DD61AC5F0300E50DD8
:10DAD000DD61AC5F0300B03A20FDA000A50DDD6163
:10DAE000AC5F0300E505DD61AC5F0300A5050058F0
:10DAF0000B5023020502BFFFC2FE8A6F0F3A20FDC2
:10DB0000C0000100200EFF00E16900E80A60AA15CC
:10DB10000C7701000E06ABFFDA0D8C5F0300E059B5
:10DB20008A0DB33A20FDE000AC5F0300C85A8CEFC9
:10DB300005000BE9A5050BE81D5023020502BFFFF8
:10DB400086FE0AE8BFFF68F4DB3A20FE000063525D
:10DB5000BA0580070402640760868477B58166721F
:10DB6000B3058007F4014E00070024003D009D3AF4
:10DB700020FE2000B700D8007300940064071487CB
:10DB80004407168764071887BFFFC0F6200EFF0002
:10DB9000E1510A60F73A20FE4000B2058007C60155
:10DBA000E45F15870B86010064871487CBE95D6706
:10DBB000000001924497B4818007043A20FE60007F
:10DBC000AA01BFFF92F6200E5500E1510A60FA0D3E
:10DBD000E45F15870B9E0100649F1487CBE95D67A6
:10DBE000CC3A20FE80000000027A447FB481800796
:10DBF00080014407B48180077801BFFF60F6E487A5
:10DC00001587DD815057463A20FEA0000000246FA2
:10DC10001487416AE4671587CD00DD618C670100D8
:10DC2000E061AA15E45F1587646F1487363A20FE19
:10DC3000C000CBE91DEF0000047F1687CFE944EF59
:10DC4000168705524457B4818007320164671887EC
:10DC5000E45F2C3A20FEE0001587646F1487CBE95F
:10DC60001DEF000004971687D2E944EF1687039A48
:10DC7000449FB48180070C012C3A20FF0000BFFFB5
:10DC8000F4F5E47F1587DD794F570000E4871587A9
:10DC9000DD8190870100C88264871887E45FAB3A12
:10DCA00020FF200015870B96010064971487CBE9AD
:10DCB0001DEF000004571687CAE944EF1687067A5D
:10DCC000447FB4813A3A20FF4000C565BFFFB2F5FA
:10DCD000E4771587DD714E570000E4971587DD91D5
:10DCE00092970100248F18871191853A20FF6000D8
:10DCF00064971887E45F15870B9E0100649F148763
:10DD0000CBE91DEF000004771687CEE944EF1687B4
:10DD1000613A20FF800003824487B4819545BFFFAC
:10DD20006CF5E48F1587DD8951570000E46715878E
:10DD30000C9601006497413A20FFA0001487CCE9BB
:10DD40001DEF000004771687CEE944EF1687245FA5
:10DD500018875F5ACB00645F1887E059053A20FFA7
:10DD6000C000CA2504524457B4818525BFFF2AF557
:10DD7000E48F1587DD8951570000E49F1587DD99F1
:10DD8000139F213A20FFE000000004671687D3614B
:10DD9000AC0044671687E061DA0507724477B48106
:10DDA000850D4407B481047FB33A020000040001EA
:10DDB000F93A20000000A982417A447FA982845761
:10DDC000B58123024407B4817F00190286DF010078
:10DDD000E0D900D006C8FF3A200020009A0DB9DF34
:10DDE000010099670300C8DA0CD942DADB0020365B
:10DDF000FF00BFFF16F520365500BFFF783A200020
:10DE000040000EF500E019E8DCE99D370100BFFF96
:10DE100000F51D770000CED19A0041E2DC00FBE165
:10DE2000B3F51F3A200060003A3041328600BFFF50
:10DE3000E6F4BFFF3EF537022456A4907F000002AF
:10DE4000BFFF0AF22A66FFFFE43A20008000636207
:10DE5000AB0D4C0004000600040006000050C50590
:10DE60000152A50502521E0286004437A892BD3A0F
:10DE70002000A0007F008457A9927F0082076100E4
:10DE8000BFFFF6FF200E3600E15100E80A68B30537
:10DE900080073009273A2000C0004D0037003C00C1
:10DEA00095049504950495049504680090009504E4
:10DEB000AB000801AD02CB02F402AC3A2000E00056
:10DEC00029034C036A038603A903DF031104380402
:10DED000710495049504950495049504950495049E
:10DEE0000C3A2001000095049504950495049504CE
:10DEF000950495049504950495049504950495045A
:10DF00009504950495044F3A20012000950495044A
:10DF10009504950495049504950495040132BFFF7A
:10DF200068FF8007B6080432063880FF673A200190
:10DF30004000DA4F64572187E0510A58BA0580073C
:10DF4000A008C43780930B7F0000447F27800B8795
:10DF50000100FD3A20016000448728800B8F0200F9
:10DF6000448F29800B97030044972A8024361C8015
:10DF70002706504E00002046A33A20018000D0071B
:10DF8000024A80FF765C0732BFFF10FF80075E0801
:10DF900024361C8080FF1A5164520A98B305083A4F
:10DFA0002001A00080074C0853002304230405002F
:10DFB0001600100080FF44510832BFFFE4FE2076B7
:10DFC000E80364774E3A2001C000999280072A083E
:10DFD00020363600BFFFD0FE80071E0880FF22518A
:10DFE00020363600BFFFC0FE8007F53A2001E00072
:10DFF0000E08BFFF12FC6752CA0D0132BFFF30FB93
:10E000000A06ECFFEA05BFFF18FE0A32BFFF9EFEBC
:10E010001D3A20020000247F9992617AB1058007A1
:10E02000E40720363600BFFF8AFE8007D807C4C742
:10E030008093AA150232443A20022000013A80FF60
:10E04000F64E64572187E0510A58920DC4278093F9
:10E050000B87000044872E80C4078093443A200237
:10E060004000C4CF8093AA150332013A80FFCE4E00
:10E0700064572187E0510A58920DC42F80930B8F6B
:10E080000000F93A20026000448F2F80C40F809373
:10E09000C4EF8193FA1520363000023A80FFA44E77
:10E0A00064572187E0510A58173A20028000D20DA8
:10E0B000C42F81938B970100AB9F0100C8921391ED
:10E0C00064971E87C42F8193C4E78093BA05E83A0A
:10E0D0002002A00080074C07C4EF8093BA05800798
:10E0E0004207C4EF8193BA058007380724871E874B
:10E0F00064872682E03A2002C00044072882640731
:10E1000024820B32BFFFD0FD80071E07E4671F8704
:10E11000E48F2582EC89B1058007E73A2002E00010
:10E120000E07849F2982449F308087624467318034
:10E130006E9AB3058007700253000F0025003B0064
:10E14000C83A20030000510067007D009300A90039
:10E15000BF00D000E100F200030114012501C4F763
:10E160008193B2058007BE3A200320004602203684
:10E170003100203E800080FFEE4DE0516457218742
:10E18000BA0580072E02C437819301EA523A200370
:10E19000400080072402C4FF8193B20580071A0261
:10E1A00020363200203E800080FFC24DE05164578F
:10E1B0002187373A20036000BA0580070202C43F76
:10E1C000819301EA8007F801C4C78293B2058007F2
:10E1D000EE0120363300203EFD3A2003800080000F
:10E1E00080FF964DE05164572187BA058007D6011C
:10E1F000C407829301EA8007CC01C4CF8293033A1B
:10E200002003A000B2058007C20120363400203E62
:10E21000800080FF6A4DE05164572187BA0580076E
:10E22000AA01C40F463A2003C000829301EA800786
:10E23000A001C4D78293B20580079601203635002D
:10E24000203E800080FF3E4DE051CC3A2003E000AC
:10E2500064572187BA0580077E01C417829301EABB
:10E2600080077401C4DF8293B20580076A012036FB
:10E27000473A200400003600203E800080FF124D07
:10E28000E05164572187BA0580075201C41F829369
:10E2900001EA800748010A3A20042000C4E782937B
:10E2A000B20580073E0120363700203E800080FF07
:10E2B000E64CE05164572187BA058007893A20046B
:10E2C00040002601C427829301EA80071C01C4EFA5
:10E2D0008293B2058007120120363800203E80006C
:10E2E00080FFE23A20046000BA4CE0516457218775
:10E2F000BA058007FA00C42F829301EA8007F00074
:10E30000C4F78293CA752036D33A200480003900BE
:10E31000203E800080FF924CE05164572187A26D1F
:10E32000C437829301EAE565C4FF8293BA65093A6E
:10E330002004A00020363A00203E800080FF704C70
:10E34000E05164572187925DC43F829301EAD5551D
:10E35000C4C78393423A2004C000AA5520363B002C
:10E36000203E800080FF4E4CE05164572187824D53
:10E37000C407839301EAC545C4CFC93A2004E0002D
:10E3800083939A4520363C00203E800080FF2C4C31
:10E39000E05164572187F235C40F839301EAB53504
:10E3A000273A20050000C4D783938A3520363D00E4
:10E3B000203E800080FF0A4CE05164572187E2250F
:10E3C000C417839301EAAE3A20052000A525C4DFD7
:10E3D0008393FA1D20363E00203E800080FFE84BEC
:10E3E000E05164572187D215C41F8393893A2005D1
:10E3F000400001EA9515C4E78393EA0D20363F00FB
:10E40000203E800080FFC64BE05164572187C20543
:10E41000C427053A20056000839301EA205E80004E
:10E42000E4672782EB618735206E8600446F2B807E
:10E43000E0E9BA05800770048B3A20058000243794
:10E440002187243E32800B4080FF9445247724822C
:10E450000E76800064772482247F26820F7E033A22
:10E460002005A00080FF647F2682048728824182E5
:10E470004487288224362B802706504E00002046F1
:10E48000D007024A6B3A2005C00080FF3A580C3290
:10E49000BFFFD4FA800722040C8E0600448F2B8025
:10E4A000E0E9BA05800712042437F53A2005E000B8
:10E4B0002187243E32800C4080FF3645249F2682EF
:10E4C00024972482D299649F24826407268224366A
:10E4D000AC3A200600002B802706754E000020462F
:10E4E000D007024A80FFEC570D32BFFF86FA800743
:10E4F000D40324362B80143A2006200080FF904C51
:10E5000064520A68B3058007C2034D00DE01DE01D4
:10E5100005000C000C0080FFBA4C0B32493A200673
:10E520004000BFFF5AFA8007A80380FFAC4C20369A
:10E530003600BFFF4AFA8007980324362B8080FFFD
:10E54000544C0B3A2006600064520A78B3058007E9
:10E5500086034F00C001C00105001700170080FFAF
:10E560007E4C0232BFFFA0F6A53A20068000E051A3
:10E57000EA050E32BFFF14FA800762032036350029
:10E58000BFFF08FA8007560380FF5A4C20369C3A9A
:10E590002006A0003600BFFFF8F980074603BFFF42
:10E5A0004AF76752B20580073A030132BFFF64F6AB
:10E5B0000A06E9FF0F3A2006C000B20580072A03C9
:10E5C000BFFF48F980FF484A6457218702626467A9
:10E5D0001C870C30BFFF42F6E467ED3A2006E000EE
:10E5E0001D87248F2187CC895157FEFF24671C8704
:10E5F0004162CC000C06ECFFE6ED64671C87C42783
:10E600003B3A2007000081930F32BFFF96F9209E0E
:10E61000E803649F99928007DC0243070200206EA2
:10E620001400436F0300583A2007200020362000D2
:10E63000023A2346020080FF584AE0519A0D2036E4
:10E640001000BFFF64F92076E8036477C63A20071C
:10E6500040009992247F9992617AB1058007A202C5
:10E6600020363600BFFF48F9800796022036210089
:10E67000203E653A2007600014002447218780FF70
:10E680001C4AE0519A0D20361100BFFF28F9208660
:10E69000E80364879992248FF53A200780009992C5
:10E6A000618AB1058007660220363600BFFF0CF98B
:10E6B00080075A020532013A80FF7E49E051833AD1
:10E6C0002007A00064572187920D20361200BFFF5B
:10E6D000F0F82096E80364979992249F9992619AA2
:10E6E000B10580073C3A2007C0002E0220363600D4
:10E6F000BFFFD4F88007220280FF44496457218776
:10E70000013A4A3F000024472187E23A2007E0000F
:10E710002036100080FF9E49E0519A0D20361300EC
:10E72000BFFFAAF82076B80B64779992247F99925C
:10E730005F3A20080000617AB1058007E8012036C1
:10E740003600BFFF8EF88007DC0120361000013A4A
:10E7500080FFFE486457823A200820002187E0515C
:10E760000A589225CBFF0000E20520363600BFFF95
:10E7700068F8951D8B87010084826482BA3A20086C
:10E7800040008B155000120005000E000E000E0018
:10E7900020361400BFFF48F82096E803649799924A
:10E7A000D5055E3A2008600020363600BFFF36F8F7
:10E7B000249F9992619AB10580077C01203636002A
:10E7C000BFFF22F880077001013A2008800005325F
:10E7D000013A80FF944864572187E0510A58E21DAE
:10E7E0008B6F01006A6AAB1D4D000B001400933A59
:10E7F0002008A000140014001400140014001400D9
:10E8000014001400140020361500BFFFE4F7207E2A
:10E81000E803647F143A2008C0009992D505203699
:10E820003600BFFFD2F7248799926182B105800735
:10E83000180120363600BFFFBEF7F23A2008E0008C
:10E8400080070C0120361100023A80FF2E486457E1
:10E850002187E0510A58D215C40F81938B8F010094
:10E86000ED3A20090000C88A648F1E87AB9701002B
:10E870001289648F1E8720361600BFFF86F7209E00
:10E88000E803649F9992F93A20092000246F999235
:10E89000616AB96520363600BFFF6EF7E55D203648
:10E8A0001200E43F1F8780FFDE47E051193A20093C
:10E8B000400064572187F225E45F1F87C4178193C6
:10E8C000445FB28064071C87E0590060831D646761
:10E8D0001C87BB3A20096000245EB2800B7024873D
:10E8E0002187CC71CC81108700004E8703002467FC
:10E8F0001C874162CC006467943A200980001C8721
:10E90000E48F1F87F161E1ED20361700BFFF0CF7A0
:10E91000249F9992619AA92D20363600BFFF443A70
:10E920002009A000FCF6D5252436B28080FF0849D6
:10E9300064520A68EB1D4D001C001C000500160007
:10E94000160080FF8A3A2009C00036490232BFFF14
:10E9500058F3E051EA0520363300BFFFCAF6C50D73
:10E9600020363400BFFFC0F6F5056A3A2009E00002
:10E9700080FF144920363600BFFFB2F642067F0002
:10E9800005028457BB816652B3058007AE014A0079
:10E99000543A200A0000070041006C008700A200E2
:10E9A000BD00D6002606524E000006E880FF9A48B9
:10E9B0006452AA0D2706B13A200A20005B4E0000DF
:10E9C0002046F401024A1D3080FFCE531D3080FFE7
:10E9D0007E4862520A58D205635AF215363A200A26
:10E9E000400080076C010232BFFFD6F2E051D20531
:10E9F000016A446FBA81850D02724477BA81207E24
:10EA0000E803023A200A6000647F999280FF9048F0
:10EA10008007440180FF884802824487BA81208EA3
:10EA2000E803648F999280072E3A200A80002E0115
:10EA30002606584E000006E880FF26486452AA0DBC
:10EA40002706504E00002046A00F024A1D30943A7F
:10EA5000200AA00080FF5A531D3080FF0A486252EE
:10EA60000A58D205635A920D8007F80080FF3C488F
:10EA70004407BA819B3A200AC0008007EC0080FF5F
:10EA8000304802924497BA81209EE803649F99928D
:10EA9000B56D246799926162F965323A200AE00007
:10EAA00026064C4E000006E880FFC8476452FA5D17
:10EAB00020466400024A00381D3080FF0053206E5B
:10EAC000AC3A200B0000E803646F9992037244771C
:10EAD000BA818555247F9992617AC94D26067C4E6C
:10EAE000000006E880FF853A200B20009247645220
:10EAF000CA4520463200024A00381D3080FFCA5203
:10EB00002086320064879992048A448FC43A200B8D
:10EB10004000BA81D535249799926192993526069D
:10EB20000F4F000006E880FF5C4764529A2D204694
:10EB30003200FA3A200B6000024A00381D3080FF94
:10EB40009452209E3200649F999205624467BA8174
:10EB5000A51D246F9992616A893A200B8000E915FE
:10EB600026067C4E000006E880FF26476452EA0D28
:10EB700020463200024A00381D3080FF5E52423A81
:10EB8000200BA00006724477BA81B5054407BA810C
:10EB90008457BB81230286006437A1927F0084578B
:10EBA000A1927F00EB3A200BC0000502BFFFF8FFE7
:10EBB000200E1400E1510A68B305800750044D008F
:10EBC000150035004200510069004D3A200BE0006D
:10EBD00080006400280228029B00DE001E01530111
:10EBE0009701C801F001200225022802250228020F
:10EBF000BB3A200C0000207E5000647F99920132C5
:10EC0000BFFFA8FFA467B9816A62EA050232BFFFAD
:10EC10005CEFA467B981BE3A200C20000C5E0100B5
:10EC20008B00445FB9810B06ECFFBE058007F6033D
:10EC300020361400BFFF7AFF8007EA038D3A200CCC
:10EC40004000BFFFFCEC248F9992618AB1058007D8
:10EC5000DA030232BFFF60FF8007D0032036FF00D7
:10EC6000BFFF4D3A200C6000EEE8BFFF46E920965A
:10EC70001400649799920332BFFF42FF8007B203EA
:10EC8000BFFFC4EC249F9992F53A200C8000619A52
:10EC9000B1058007A203BFFFEEF3E051B205800784
:10ECA00096030632BFFF1CFF80078C030432733AC1
:10ECB000200CA000BFFF12FF8007820344072780BB
:10ECC000440728804407298044072A8024361C8072
:10ECD0002706504ECA3A200CC00000002046C8004B
:10ECE000024A80FF32510532BFFFE4FE8007540321
:10ECF000BFFF66EC24361C8080FF5E3A200CE000EB
:10ED0000D24562520A58D205635AA20D80073A03CF
:10ED100080FF04460932BFFFBCFE80072C0380FF42
:10ED20000F3A200D0000F6450030BFFFAEFE800711
:10ED30001E032606644E000006E880FF9C456452D0
:10ED4000AA0D2706674EDB3A200D20000000204662
:10ED5000F401024A1D3080FFD0501D3080FF8045F5
:10ED600062520A58D205635AC2258007773A200DAD
:10ED70004000E80202EABFFF74F06252E7151D305E
:10ED8000BFFFCEEF246EAC92DD694D57FEFFC40786
:10ED90007C93923A200D60001D76FEFF0E069CFFCC
:10EDA000FE0541EADD00BFFF4AF0EAE9C6ED80FF5B
:10EDB0007E450A32BFFF36FE3B3A200D80008007B9
:10EDC000A60280FF70450030BFFF28FE8007980232
:10EDD00026065D4E000006E880FF16456452663A3E
:10EDE000200DA000AA0D2706604E00002046F40169
:10EDF000024A1D3080FF4A501D3080FFFA446252A3
:10EE00000A58D2059D3A200DC000635AC2258007DA
:10EE1000620202EABFFFEEEF6252C7151D30BFFF6C
:10EE200048EF24862793DD815057C23A200DE00039
:10EE3000FEFF1D8EFEFF1106E2FFFF0541EADD0029
:10EE4000BFFFC8EFEAE9E6EDC41F7C9380FFF844FA
:10EE5000823A200E00000B32BFFFB0FD8007200277
:10EE600080FFEA448007180226066E4E000006E87E
:10EE700080FF964464524E3A200E2000AA0D2706C9
:10EE8000714E00002046F401024A1D3080FFCA4F37
:10EE90001D3080FF7A4462520A58D2050C3A200E87
:10EEA0004000635A921D8007E2010232BFFFD2EE9A
:10EEB000445710930332BFFFC8EE445711930432F6
:10EEC000BFFFF03A200E6000BEEE44571293C40F0D
:10EED0007C930C32BFFF46FD8007B60180FF804463
:10EEE0008007AE0124361880BC3A200E800006E868
:10EEF00080FF2E446452DA0D049A449F1B8027063B
:10EF0000624E00002046F401024A1D3080FF6A3A3A
:10EF1000200EA0005C4F1D3080FF0C4462520A5846
:10EF2000D205635AB225800774010332BFFF64EE35
:10EF300044575893233A200EC0000432BFFF5AEEC4
:10EF400044575993C4075A93046F5893616A910DBB
:10EF5000047759936272D1050D32803A200EE00099
:10EF6000BFFFD2FCD50520361400BFFFC8FC80FFD0
:10EF700006448007340180FFFE430030BFFFB6FC2B
:10EF8000BB3A200F0000800726012606524E0000E3
:10EF900006E880FFA4436452AA0D27065B4E0000DA
:10EFA0002046F401024A193A200F20001D3080FF4C
:10EFB000D84E1D3080FF884362520A58D205635AEA
:10EFC000B2158007F0000232BFFFE0ED813A200F5A
:10EFD0004000E051E20520361000BFFF6AFCC50585
:10EFE0000E32BFFF62FC80FFA043F56580FF9A43AD
:10EFF0000E32713A200F6000BFFF52FC9565260665
:10F00000554E000006E880FF42436452AA0D2706D1
:10F01000504E00002046A00F5D3A200F8000024AAB
:10F020001D3080FF764E1D3080FF264362520A5805
:10F03000C205635AA20DF54580FF5A43C437A63A6C
:10F04000200FA00000880F32BFFF0EFCF53D80FFAF
:10F050004A430030BFFF02FC953D2606524E000099
:10F0600006E880FF6B3A200FC000F2426452AA0DFE
:10F0700027065B4E00002046F401024A1D3080FF47
:10F08000264E1D3080FFD64262521B3A200FE00010
:10F090000A58C205635AA215F51D0232BFFF30EDB2
:10F0A000E051E20520361000BFFFBAFBC5050E3265
:10F0B000383A20100000BFFFB2FB80FFF042F50D90
:10F0C00080FFEA420E32BFFFA2FB950D20361200F0
:10F0D000BFFF98FBC505473A201020000030BFFF56
:10F0E00090FB230286006437A5927F000002003067
:10F0F000BFFFF4FF0030BFFF78FB4407AC3A20109D
:10F100004000B9810030BFFF56F080FF644E80FFA1
:10F110006C870132BFFF22EB063280FF5288073234
:10F1200080FF383A201060004C88083280FF468803
:10F130000B3280FF40880C3280FF3A88063280FF15
:10F140007C88073280FF7688A13A20108000083240
:10F1500080FF70880B3280FF6A880C3280FF6488E1
:10F160000152645716896407188944071A89A13A1D
:10F170002010A00044071B8944071C8944071D89EF
:10F180004407A78564078E854407A885205E3B0059
:10F1900024668893953A2010C00000680D70C172F3
:10F1A000CC716E070000416AEB6997FD6407928598
:10F1B0001E028457A5927F000502793A2010E000D4
:10F1C000BFFF7AE9E051BA0580075A0380FFBC030C
:10F1D0000A06BDFEB625C0F70DF4EA6F0000616AAD
:10F1E0003B3A201100008A150477B881E071AA2506
:10F1F000A07F0DF4200E7FFF4179407F0DF4023295
:10F20000BFFF02CDF5154B3A20112000A0870DF469
:10F210009086800040870DF40132BFFFEECC018A5A
:10F22000448FB881A50DA0970DF49296D53A201180
:10F230004000800040970DF40132BFFFD4CCBFFFE7
:10F24000FAE8E051BA058007B802BFFF80FF6552B7
:10F250000A983F3A20116000B3058007A2025300CC
:10F2600006003400BB0020014E013701E4776F86B1
:10F27000200EF401E1778072DF3A20118000E07106
:10F28000EA0580FFC69A017A647F6E860332BFFF6B
:10F29000F6CB2086581B6487048880FF1C86793A49
:10F2A0002011A000BFFF20FABFFF16FA200E1200A7
:10F2B000E1510A58E2050B06ECFF820D8007D402EB
:10F2C0000132BFFFF53A2011C0006AFE8007CA0272
:10F2D0000532BFFF60FE8007C002E48F6F86200EFC
:10F2E000F401E18F808AE089EA055B3A2011E000B1
:10F2F00080FF6A9A019264976E8684672993A49F1F
:10F30000CD81F361BA058007DE00A46FBD81ED6198
:10F310009B3A20120000BA058007D200A45F1B8927
:10F32000625AC265A4770582EE61C245A47F158248
:10F33000EF618245A487383A20122000FD81F061F8
:10F340008225A48F0D82F161C21DE059EA050030CB
:10F3500080FF6AA78007540204571C89803A201254
:10F360004000E051EA05003080FF52A680074202CB
:10F3700080FFB8A36152B205800736020232BFFF98
:10F38000CCFD3E3A2012600080072C02E059EA05CD
:10F39000013280FF34A780071E0204971C89E09188
:10F3A000EA05053280FF1CA6453A2012800080073E
:10F3B0000C02053280FF229F6152B2058007FE01D8
:10F3C0000232BFFF94FD8007F401E059EA052B3AB1
:10F3D0002012A000013280FFFCA68007E601049FF6
:10F3E0001C89E099EA05043280FFE4A58007D40176
:10F3F000043280FF6D3A2012C000EA9E6152B205CD
:10F400008007C6010232BFFF5CFD8007BC010232EB
:10F41000BFFF52FD8007B201E46F713A2012E00095
:10F420006F86200EF401E16F806AE069EA0580FFD3
:10F430003499017264776E860132BFFF8CCA207ED8
:10F44000F13A20130000581B647F048880FFE04ECF
:10F4500024871188CD829D826182EA1D848F7D8EF2
:10F46000118EDFFF638A1A3A20132000B30580074C
:10F470006A015100040008000C00100080FFEC81BC
:10F480008007580180FFB476800750013D3A201371
:10F49000400080FFD86C8007480180FFA863800788
:10F4A0004001845F0194615ABA1D2436468306E800
:10F4B00080FF0E3A20136000523F6452B20580076D
:10F4C0002601209EFF00449F0094014A444F4A8336
:10F4D0002706504F00002046B03A20138000E80372
:10F4E0001D3080FF764A80070401625AE2050B0650
:10F4F00001FFBA058007F60080FF1E840332043A3C
:10F500002013A000BFFF88FC8007E800E4776F8627
:10F51000200EF401E1778072E071EA0580FF929895
:10F52000017A647F783A2013C0006E8624871188A0
:10F53000CD829D8261828A650232BFFF58FCC55D23
:10F54000E48F6F86200EF401E18F323A2013E00041
:10F55000808AE089EA0580FF3C98019264976E8674
:10F560000432BFFF94C9209E581B649F048880FF0B
:10F57000263A20140000724BD5450030BFFF22FC14
:10F580009545E46F6F86200EF401E16F806AE069B3
:10F59000EA0501726477E43A201420006E8680FF49
:10F5A0002898BFFF0AFC247F0488E079DA05003040
:10F5B000BFFF52C9A52D0232BFFF4AC96E3A2014BF
:10F5C0004000E52524870488E081DA050030BFFF8C
:10F5D0003AC9C5050232BFFF32C9E48F6F86200EDB
:10F5E000F401D83A20146000E18F808AE089EA05AE
:10F5F00080FFE297019264976E86A09F0DF4939E20
:10F600008000409F0DF401321C3A20148000BFFF9F
:10F610009CC9BFFFACFB4407B881BFFF4CFCE05165
:10F62000CA0564078E85F505246F8E85656A4D3A97
:10F630002014A000B105BFFF8EFB2302C4C7D794DE
:10F64000F2052467D8946467AE82C487D7942457A0
:10F65000AE82CA56AA3A2014C000FF037F00845726
:10F66000D7947F0086004437D6948457D794800778
:10F670001E000D000D000D000D003C3A2014E000AE
:10F680000D000D000D000D000D000D000D000D0012
:10F690000D007F0086004437D5947F000502203698
:10F6A000B23A201500005400013A80FF4E328437F0
:10F6B0001588003806E880FFAE37CA660100C2052B
:10F6C000C407D494B505763A20152000C487D49495
:10F6D000013A1D3080FF9637CA6E0100C205C40F83
:10F6E000D494B505C48FD49423028207C63A20155A
:10F6F00040006100860006E8BFFFB6FFE0E9F205C2
:10F7000061EA1D58B20D625A8215D515C4C7D4944A
:10F71000EA57933A20156000000043570300E50DB7
:10F72000C4CFD494EA67000043670300F505C4D74B
:10F73000D494EA6F0000436FDB3A20158000030089
:10F74000A357030042067F0086076100A45FD5949B
:10F75000635A0B50DB354A000C0033003300463A45
:10F760002015A0000400246F0995E069CA2D00301F
:10F77000BFFF48FF852D845F0788CB760100B22547
:10F78000CB7EFE00FD3A2015C000447F068823365C
:10F79000030006E8BFFF28C70030BFFF6EFFE0513F
:10F7A000DA1520363500083A80FFFC3A2015E000D3
:10F7B0007431243E148808421D3080FF0835E05122
:10F7C000DA050132BFFF00FFC5050232BFFFF8FEB8
:10F7D000433A20160000A45FD5940B5046067F00E4
:10F7E0000058E0076001E7310670AB1D2056550058
:10F7F0000A608E6F01000F3A201620004E6700004D
:10F800000C788F00EA79D205415A0B80CB00E505D0
:10F810002096AA004E97000012884E6F313A2016AB
:10F82000400000004172E771B3EDE08760010B50CA
:10F830007F0005020030BFFFEAFEE05101EAFA0551
:10F840001D30F83A20166000BFFFDEFEE051AA0529
:10F8500000E861EABA050050A5050152230205023D
:10F8600020365900013A06E8AD3A2016800080FFA4
:10F87000D23004571488415244579488013A1D30BD
:10F8800080FF3C312302050220365800013AFF3A3E
:10F890002016A00006E880FFB030045714884152BB
:10F8A00044579488013A1D3080FF1A3123028207A1
:10F8B00061004307F13A2016C0000300C4C7D49486
:10F8C000820D23360300003806E880FFD835F505A1
:10F8D00023360300003806E880FF7C3A2016E0005B
:10F8E000B235C4CFD494E205013A1D3080FFBC3557
:10F8F000D505013A1D3080FF9A35036F0300446F30
:10F90000513A20170000948820365400013A80FFB5
:10F91000C63042067F0000028600633206509B1507
:10F920004A0004000A00113A2017200007000D00C9
:10F93000C487D494950DC407D494E505C48FD4949A
:10F94000B505C40FD494BFFF80FF1E02163A2017DE
:10F950004000C6002456308200580B68C36ACA694A
:10F96000ED6F0100E669CA05AB000B50E505415A91
:10F970008B00DB3A201760006F5AB6F51F527F00EC
:10F980000A02C6008700880007E008E8BFFFCCFF36
:10F990008A0063E21C700A58073A201780009B45D2
:10F9A0004E000400120022003200C35A2466308246
:10F9B000CB618C8F0500DD960F00100A4189A63AB5
:10F9C0002017A00012894C8F0400E52DC35A24662D
:10F9D0003082CB618C570500DD6E0100C46A200EB9
:10F9E000EFFF4151083A2017C0000D514C57040059
:10F9F000E51DC35A24663082CB618C7F0500DD860D
:10FA00000300C582200E9FFF41793A3A2017E0009B
:10FA100010794C7F0400E50DC35A24663082CB6117
:10FA20008C8F0500C7EA200E7FFF41891D894C8F0E
:10FA3000523A201800000400015228020A02C600AF
:10FA40008700880007E008E8BFFF2EFF8A0063E216
:10FA50001C700A589B45073A201820004E000400ED
:10FA6000120022003200C35A24663082CB61AC8F70
:10FA70000500DD960F00100A418912892A3A2018E4
:10FA800040004C8F0500E52DC35A24663082CB61BF
:10FA9000AC570500DD6E0100C46A200EEFFF415136
:10FAA0000D51833A201860004C570500E51DC35ADC
:10FAB00024663082CB61AC7F0500DD860300C58201
:10FAC000200E9FFF417910794D3A201880004C7F1D
:10FAD0000500E50DC35A24663082CB61AC8F05006A
:10FAE000C7EA200E7FFF41891D894C8F0500143A1B
:10FAF0002018A0000152280282076100C60087007A
:10FB000007E8BFFF92FE8A0063EA1D700A589B3522
:10FB10004E0004004F3A2018C0000F001A002500C4
:10FB2000C35A24963082CB91B2970500D2960F002B
:10FB3000439703009525C35A2456E23A2018E00063
:10FB40003082CB51CAE70500EA6F0000436F030023
:10FB5000E515C35A24863082CB81B0870500D9824F
:10FB6000003A201900009E8243870300B50DC35A56
:10FB700024963082CB91D2FF0500EA9F0000439F7C
:10FB8000030003570300923A2019200042067F0029
:10FB90000502C60006E8BFFF9AFB6952C235BFFFE7
:10FBA00092FB62528235BFFF6EFB0A06333A201980
:10FBB0004000A4FEEE05210618930000E1E9EA25C5
:10FBC0001D30BFFFF0FDE0510A58E61DC35A24EE78
:10FBD0003082D83A20196000CBE99D370300013A02
:10FBE00080FFEA2D847715880E0680FFBA05005045
:10FBF0009515207E8000447F463A20198000948825
:10FC0000013A9D37030080FF462EE051D2051F5276
:10FC1000C5051F52A505005023028207E100E93AFD
:10FC20002019A000C60006E8BFFF9CFDE051BE05FC
:10FC30008007B00720662F06ECE9BE058007AA07FB
:10FC40002B0656C2163A2019C0000000EBE91D68C9
:10FC5000B70580079A072E0618930000EE69BA05CB
:10FC600080076602EE69DF352B064A3A2019E0006C
:10FC700081910000EB69BA0580074205EB698F1D91
:10FC8000205E8467EB69BA0580070E03EB69FF0508
:10FC9000883A201A0000ED61BA0580072A03800720
:10FCA0005A07210680910000E169BA0580073A04ED
:10FCB000800748072B06103A201A20008391000085
:10FCC000EB69BA058007E405EB69B70580073207E1
:10FCD000210682910000E169BA058007753A201A71
:10FCE00040007405800720072C0600A90000EC697D
:10FCF000BA0580077006EC69AF1D2B0607A200004D
:10FD0000EB69243A201A6000BA0580075003EB69BA
:10FD10008F0D210642930000E169921D8007EE06D7
:10FD2000210677A40000E169E13A201A8000BA05B3
:10FD3000800758038007DC06ED59A225EB69B7055B
:10FD40008007D006210684C10000E169D275C53A5A
:10FD5000201AA0008007C20626064293000006E88B
:10FD600000380040BFFF56FD013A1D300040BFFF84
:10FD70004CFD033A533A201AC00000401D30BFFF2B
:10FD800042FD43070300800796060B300038004011
:10FD90000BE8BFFF2EFD013A0040023A201AE000B6
:10FDA0001D30BFFF24FD033A00401D30BFFF1AFD88
:10FDB000A45F0988CB7E0800F20564077A86CB86AB
:10FDC000833A201B0000F70044870988248F7A8635
:10FDD000110678ECA925023A1D30BFFF90FD635251
:10FDE0000A90EB155200013A201B20000400040089
:10FDF000040014001D30BFFFFAFDE051FA05023A7D
:10FE000003421D30BFFFCEFCE505023AD73A201B66
:10FE1000400007401D30BFFFC2FC017A437F030052
:10FE200080071406023A1D30BFFF4EFD63520A8060
:10FE30009B15133A201B600050000F000F000400B8
:10FE40000A00023A00401D30BFFF96FCE505023A69
:10FE500001421D30BFFF8AFCD63A201B80004307B9
:10FE600003008007DE05260684C1000006E800388E
:10FE70000040BFFF72FC013A1D300040BFFF053A51
:10FE8000201BA00068FC033A1D300040BFFF5EFC51
:10FE900024977086120618FCB10564077C86249F9F
:10FEA0007C861306013A201BC00078ECA925023A93
:10FEB0001D30BFFFDCFC63520A78EB154F000400D5
:10FEC0000400040014001D30BFFF033A201BE000B3
:10FED00046FDE051FA05023A03421D30BFFF1AFC0D
:10FEE000E505023A07401D30BFFF0EFC018A438F33
:10FEF000F13A201C0000030080076005023A1D3023
:10FF0000BFFF9AFC63520A909B1552000F000F002E
:10FF100004000A00023A3F3A201C200000401D3035
:10FF2000BFFFE2FBE505023A01421D30BFFFD6FBF1
:10FF30004307030080072A0500380040BC3A201C14
:10FF400040000E300EE8BFFFC2FB013A1D300040FA
:10FF5000BFFFB8FB033A1D300040BFFFAEFBBFFF41
:10FF60004CF8693A201C60000A06A4FECE35247FB6
:10FF70000C950F06F0D8E9252086102764870C958C
:10FF8000023A1D30BFFF28FCAC3A201C80006352AF
:10FF90000A88EB15510004000400040014001D3011
:10FFA000BFFF92FCE051FA05023A03421D30F53AD8
:10FFB000201CA000BFFF66FBE505023A07401D308C
:10FFC000BFFF5AFB019A439F03008007AC04023A2B
:10FFD00007401D30B13A201CC000BFFF46FB43075D
:10FFE000030080079A04023A1D30BFFFD4FB63521E
:10FFF0000A789B154F000F000F00293A201CE000E3
:020000040001F9
:1000000004000A00023A00401D30BFFF1CFBE5055A
:10001000023A01421D30BFFF10FB64070C954307F5
:10002000633A201D00000300800760040B30003895
:1000300000400BE8BFFFF8FA013A00401D30BFFF57
:10004000EEFA033A0040943A201D20001D30BFFF15
:10005000E4FA43070300800738040C3000380040FE
:100060000CE8BFFFD0FA013A00401D30B23A201D23
:100070004000BFFFC6FA033A00401D30BFFFBCFA84
:10008000048FB082618ABA2D4407B082260642935B
:100090000000B23A201D600006E0BFFFC2FBE05145
:1000A000FA05023A03421C30BFFF96FAE505023A10
:1000B00007401C30BFFF8AFABC3A201D80001D306B
:1000C000BFFFA2FBE051FA05023A03421D30BFFF19
:1000D00076FAE505023A07401D30BFFF6AFA933A07
:1000E000201DA0000192439703008007BC03430733
:1000F00003008007B4030B30003800400BE8BFFF5B
:100100004CFA013AFD3A201DC00000401D30BFFFEF
:1001100042FA033A00401D30BFFF38FA430703009C
:1001200080078C03260677A40000183A201DE00003
:100130000038004006E8BFFF20FA013A00401D30B9
:10014000BFFF16FA033A00401D30BFFF0CFABFFF95
:10015000C33A201E000052F8E051BA0D023A0342A1
:100160001D30BFFFFAF9019A439F030080074C033B
:10017000023A1D30BFFF643A201E200086FA635207
:100180000A789B154F000F000F0004000A00023A86
:1001900000401D30BFFFCEF9E505023A4C3A201E63
:1001A000400001421D30BFFFC2F943070300800732
:1001B000160326068091000006E800380040BFFFC5
:1001C000AAF9883A201E6000013A1D300040BFFFA6
:1001D000A0F9033A1D300040BFFF96F9C4CF8B8AC7
:1001E000CA05C4C78B8AA2254E3A201E8000048F00
:1001F000AA82418A9100448FAA82C48F8B8AC487C5
:100200008B8A023A1D30BFFF0CFA63520A90C43A3F
:10021000201EA0009B15520004000A000F000F00D2
:10022000023A1D300740BFFF54F9E505023A034288
:100230001D30BFFFA33A201EC00048F9047FAA82E8
:100240006A7AE1151D30BFFF58FAE051FA05023A0B
:1002500003421D30BFFF2CF9E505103A201EE000D7
:10026000023A07401D30BFFF20F901824387030097
:1002700080077202023A1D30BFFFACF963520A8850
:10028000BD3A201F00009B1551000F000F00040015
:100290000A00023A00401D30BFFFF4F8E505023ABB
:1002A00001421D30BFFFAD3A201F2000E8F8430790
:1002B000030080073C02003800400B300BE8BFFF12
:1002C000D4F8013A1D300040BFFFCAF8373A201F6A
:1002D0004000033A1D300040BFFFC0F880FF52339A
:1002E0006352EA151D30BFFFD0F9E051FA05023A1A
:1002F0000342043A201F60001D30BFFFA4F8E5054B
:10030000023A07401D30BFFF98F8019A439F03004F
:100310008007EA01023A1D30373A201F8000BFFFF4
:1003200024F963520A789B154F000F000F00040058
:100330000A00023A00401D30BFFF6CF8E5052F3A75
:10034000201FA000023A01421D30BFFF60F84307A2
:1003500003008007B40126068291000000380040A7
:1003600006E8BFFF533A201FC00048F8013A00409A
:100370001D30BFFF3EF8033A00401D30BFFF34F888
:10038000023A1D30BFFFCAF86352933A201FE000C3
:100390000A889B1551000F000F0004000A00023A62
:1003A00000401D30BFFF12F8E505023A01421D3042
:1003B000DB3A20200000BFFF06F843070300800758
:1003C0005A010B30003800400BE8BFFFF2F7013A4A
:1003D00000401D30BFFF023A20202000E8F7033A1A
:1003E00000401D30BFFFDEF7049FB881619A9A2D4F
:1003F000247F6886E0799A252086D007A03A2020BD
:10040000400064876886023A1D30BFFF5CF8635283
:100410000A88EB15510004000400040014001D308C
:10042000BFFF493A20206000C6F8E051FA05023AC1
:1004300003421D30BFFF9AF7E505023A07401D3021
:10044000BFFF8EF7019A439FDB3A20208000030014
:100450008575207ED007647F6886023A1D30BFFF15
:1004600014F863520A809B1550000F000F004D3A9C
:100470002020A00004000A00023A00401D30BFFF07
:100480005CF7E505023A01421D30BFFF50F7430714
:100490000300A555363A2020C000003800400C303B
:1004A0000CE8BFFF3EF7013A1D300040BFFF34F7B4
:1004B000033A1D300040BFFF2AF70B3A2020E0002E
:1004C000BFFFAAF462529A25023A1D30BFFFB8F767
:1004D00063520A90EB15520004000400040014005B
:1004E0005A3A202100001D30BFFF22F8E051FA05E2
:1004F000023A03421D30BFFFF6F6E505023A074017
:100500001D30BFFFEAF69A3A20212000017A437F8E
:100510000300E51D023A1D30BFFF78F763520A80E1
:100520009B1550000F000F0004000A003C3A2021E8
:100530004000023A00401D30BFFFC0F6E505023A18
:1005400001421D30BFFFB4F643070300C5051F92EB
:100550004397823A202160000300035703004206BC
:10056000FF0005028600E0310660C2056162F20DFF
:10057000A5552056110044570F3A202180001489B8
:10058000C4AF1589C4B71589C40F15894407AC8257
:10059000D54526068391000006E8BFFF00F8903A93
:1005A0002021A000E051E205023A03421D30BFFFC6
:1005B000BEF500401D300038BFFFB4F5013A0040E1
:1005C0001D30BFFF163A2021C000AAF5033A0040B3
:1005D0001D30BFFFA0F5260600C0FF032706FFEF72
:1005E000FF03BFFF32F4E051F705273A2021E00076
:1005F00020368467023A0342BFFF80F520368467C5
:100600000038004006E8BFFF72F5013A1D30004097
:10061000563A20220000BFFF68F5033A00401D3023
:10062000BFFF5EF5440714894407AC820232BFFF66
:10063000B2F223020502A53A202220008600E03112
:10064000D20561328215800768010252445714892D
:10065000C49F1589C4A71589C4071589173A202294
:1006600040004407AB8280074E01A477AB826472DE
:10067000B305800742014E00050046004A0076009F
:100680009700A03A2022600026068391000006E829
:10069000BFFF34F7E051E205023A03421D30BFFFCD
:1006A000F2F400401D300038F83A20228000BFFFED
:1006B000E8F4013A00401D30BFFFDEF4033A004089
:1006C0001D30BFFFD4F4260600C0FF032706E13A21
:1006D0002022A000FFEFFF03BFFF66F3E051F70504
:1006E00020368467023A0342BFFFB4F420368467A1
:1006F00000380040093A2022C00006E8BFFFA6F4F7
:10070000013A1D300040BFFF9CF4033A00401D3009
:10071000BFFF92F401824487AB82193A2022E000A5
:10072000955D028A448FAB82D555BFFFB8DD2A960E
:10073000CDFF6392BB2552000B00040004000400AF
:10074000193A20230000260682910000023A034253
:10075000BFFF5EF42606829100000038004006E8E4
:10076000BFFF4EF4013A0D3A202320001D30004017
:10077000BFFF44F4033A00401D30BFFF3AF4037258
:100780004477AB82D52D037A447FAB82983A2023FD
:100790004000952DBFFF18D7E0518A0D26068491A1
:1007A0000000023A0342BFFF14F4260684910000C1
:1007B0000038453A20236000004006E8BFFF04F4FB
:1007C000013A1D300040BFFFFAF3033A00401D30EC
:1007D000BFFFF0F3048244874A3A20238000AB82B3
:1007E000850D440714894407AB820232BFFF3CF1F8
:1007F000230282076100C600870007E8BFFFF63AC0
:100800002023A000A2F38A0063EA1D700A589B35DA
:100810004E0004000F001A002500C35A24963082AF
:10082000CB919297443A2023C0000500D2960F0046
:10083000439703009525C35A24563082CB51CAE70B
:100840000400EA6F0000436F0300C23A2023E00077
:10085000E515C35A24863082CB8190870500D98262
:100860009E8243870300B50DC35A24963082CB91F4
:10087000133A20240000D2FF0400EA9F0000439FA7
:1008800003000357030042067F000002C600BFFFBB
:1008900028F3E0510A58213A202420008615C35A33
:1008A00024363082CB31E6370100023ABFFF64FFC5
:1008B0006352BA050152C5050050A505D63A202459
:1008C00040001F521E020002C600BFFFF8F2E051B6
:1008D0000A589615C35A24363082CB318637030026
:1008E000013A1D3A2024600080FFF222C4FF1488E0
:1008F000B2050152C5050050A5051F521E020F0288
:1009000024EE308200D81BE0633A20248000C3E24A
:10091000DDE11C670300E061AA1D9C370300013A7A
:1009200080FFC022845F1588CB7680000E06843A53
:100930002024A00080FFEA0D0B7E0100447F9488F4
:10094000013A9C37030080FF1C23E051B2051F527F
:10095000B52D41DA183A2024C0009B006FDAD6DDAD
:1009600020365500013A06E880FF842284971588D6
:100970006392CB1D520004000E00733A2024E00065
:1009800010001000BFFF92F14407948820365800F1
:10099000013A80FFDC22D50DBFFFA0F14407948807
:1009A000163A20250000013A1D3080FFCA22E0518E
:1009B000B2051F52A50500502D020502C600BFFF5B
:1009C00028F2E0510A580E3A202520009625C35AF5
:1009D00024EE3082CBE99D370300013A80FF2222CA
:1009E000045F1488CB7680000E0680FF233A202512
:1009F0004000FA0D0B7E01008F00447F9488013A7D
:100A00009D37030080FF7C22E051B2051F52C505CF
:100A10000050DA3A20256000A5051F5223020F027C
:100A200024EE308200E000D81C30C332DD3186373E
:100A30000300013A80FFD621CE3A20258000C4FF72
:100A40001488B20541DA9B0041E26FE296F51B5033
:100A50002D020F0224EE308200E000D81C30FD3A57
:100A60002025A000C332DD31E6370100023ABFFF86
:100A7000EAFD6352BA0541DA9B0041E26FE2A6F556
:100A80001B502D02463A2025C0000F0224EE308272
:100A900000D81BE0C3E2DDE1FC3701000038004074
:100AA000BFFF92F1FC370100013A943A2025E000A3
:100AB0000740BFFF86F1FC370100023A0040BFFF4C
:100AC0007AF1FC370100033A0040BFFF6EF141DAD2
:100AD0009D3A202600006FDAB6E52D020502C60019
:100AE00006E8BFFF9CEE0A06A4FEEE052106189359
:100AF0000000E1E99A15B43A202620001D30BFFF1E
:100B00001EF1E0510A58D60DC35A24363082CB313B
:100B1000E6370100023A0342BFFF2CF16B3A202670
:100B200040000050A5051F5223020502BFFF5EEEE4
:100B30000A06A4FE8635260677A4000006E8BFFF55
:100B4000E4F0A53A20266000E0510A58D625440773
:100B50009488C35A24363082CB3186370300013A59
:100B600080FF5621E051B205673A202680001F52CF
:100B7000951D003800401D30BFFF7CF1013A1D304B
:100B80000740BFFF72F1023A1D300040BFFFB03A8C
:100B90002026A00068F1033A00401D30BFFF5EF13F
:100BA000B5051F52A505005023020002BFFF0CEE41
:100BB0006952C23D2C3A2026C0002606429300000E
:100BC000BFFFD6F2260656C20000BFFFCCF22606B3
:100BD00084C10000BFFFC2F22606A43A2026E0002E
:100BE00018930000BFFFB8F220362F06BFFFB0F207
:100BF000260607A20000BFFFA6F22606809100008D
:100C0000743A20270000BFFF9CF226068191000065
:100C1000BFFF92F2260682910000BFFF88F22606EF
:100C200083910000BFFF783A202720007EF226063D
:100C300084910000BFFF74F2260600A90000BFFFE8
:100C40006AF21E0214022606429300009E3A2027F2
:100C500040000038004006E8BFFFC0F0013A1D30F8
:100C60000740BFFFB6F0023A1D300040BFFFACF0B6
:100C7000033A123A2027600000401D30BFFFA2F067
:100C8000260656C200000038004006E8BFFF92F07A
:100C9000013A1D300740BFFF053A2027800088F049
:100CA000023A1D300040BFFF7EF0033A00401D3085
:100CB000BFFF74F0260684C1000000380040F73AF8
:100CC0002027A00006E8BFFF64F0013A1D3007406E
:100CD000BFFF5AF0023A1D300040BFFF50F0033A08
:100CE00000401D30B13A2027C000BFFF46F0260665
:100CF000189300000038004006E8BFFF36F0013AC4
:100D00001D300740BFFF2CF0023AFF3A2027E000D9
:100D10001D300040BFFF22F0033A00401D30BFFFEE
:100D200018F02606809100000038004006E8BFFF5A
:100D30008B3A2028000008F0013A1D300740BFFF21
:100D4000FEEF023A1D300040BFFFF4EF033A0040CF
:100D50001D30BFFFEAEF7B3A2028200020362F0607
:100D60000038004006E8BFFFDCEF013A1D300740C5
:100D7000BFFFD2EF023A1D300040BFFF493A2028A2
:100D80004000C8EF033A00401D30BFFFBEEF26060B
:100D900007A200000038004006E8BFFFAEEF013AAE
:100DA0001D306E3A202860000740BFFFA4EF023AD2
:100DB0001D300040BFFF9AEF033A00401D30BFFFD7
:100DC00090EF203684670038303A202880000040B9
:100DD00006D8BFFF82EF013A1B300740BFFF78EF14
:100DE000023A1B300040BFFF6EEF033A1B308F3AD0
:100DF0002028A0000040BFFF64EF260677A4000073
:100E00000038004006E0BFFF54EF013A1C300740B5
:100E1000BFFF4AEF5C3A2028C000023A1C30004075
:100E2000BFFF40EF033A1C300040BFFF36EF2606FD
:100E3000819100000038004006E8F33A2028E000E5
:100E4000BFFF26EF013A1D300740BFFF1CEF023AFB
:100E50001D300040BFFF12EF033A00401D30BFFFBE
:100E60005D3A2029000008EF260682910000003834
:100E7000004006E8BFFFF8EE013A1D300740BFFF13
:100E8000EEEE023A1D30853A202920000040BFFFD7
:100E9000E4EE033A00401D30BFFFDAEE26068391F0
:100EA00000000038004006E8BFFFCAEE5B3A202988
:100EB0004000013A1D300740BFFFC0EE023A1D302E
:100EC0000040BFFFB6EE033A00401D30BFFFACEE5E
:100ED0002606C33A2029600000A90000003800401F
:100EE00006E8BFFF9CEE013A1D300740BFFF92EEBF
:100EF000023A1D300040BFFF6C3A2029800088EE86
:100F0000033A00401D30BFFF7EEE260684910000AC
:100F10000038004006E8BFFF6EEE013A1D30843A0B
:100F20002029A0000740BFFF64EE023A1D300040B8
:100F3000BFFF5AEE033A00401D30BFFF50EE2606B9
:100F400000D90000263A2029C0000038004006E8F9
:100F5000BFFF40EE013A1D300040BFFF36EE023ABF
:100F60001D300040BFFF2CEE033A1D3A2029E0005F
:100F700000401D30BFFF22EE00D080FF001C1A6031
:100F8000C36224EE3082CCE99D370300013A80FF32
:100F9000683A202A0000541DC4FF1488F205FD376A
:100FA0000100023A0142BFFFF6ED41D26FD296ED49
:100FB000BFFF36ECE051B23A202A20009A151C30CF
:100FC000BFFF00EFE051FA05023A03421C30BFFFB9
:100FD000D4EDE505023A1C300740BFFFFB3A202A5A
:100FE0004000C8ED00401C300038BFFFBEED013AA4
:100FF00000401C30BFFFB4ED033A00401C30BFFF7F
:10100000AAED503A202A6000260600C0FF032706FA
:10101000FFEFFF03BFFF9EEBE051B7251B30BFFF83
:10102000AEEEE051EA05023AF63A202A8000034289
:101030001B30BFFF82ED023A1B30BFFF18EE635238
:101040000A789B2D4F0004000A0027002700843AED
:10105000202AA000023A1B300740BFFF60EDE51DCB
:10106000023A03421B30BFFF54ED851D023A1B308C
:10107000BFFFE8EDB43A202AC00063520A889B15EE
:1010800051000F000F0004000A00023A1B3000401C
:10109000BFFF30EDE505023A0142773A202AE00031
:1010A0001B30BFFF24ED003800401B30BFFF1AED9E
:1010B000013A1B300040BFFF10ED033A00401B30E7
:1010C000EB3A202B0000BFFF06ED44071489C487CC
:1010D0001589C48F158932027F007F000002440702
:1010E000A882BFFFA4FA3D3A202B20000132BFFFA7
:1010F000A8E9015264572D821E027F007F007F0005
:101100007F007F008607610006E8BFFF213A202BA1
:101110004000E8C66452B205800740029D5F0100AE
:10112000E059BA0580072402DDC70000B205800738
:10113000BC01503A202B6000047F2687437F0200C9
:101140000487258743870300048F2487438F040087
:1011500020968A00439705002A3A202B8000209E83
:101160007800439F06002056900043570700207EDA
:101170003400437F08002086F70043870900643A63
:10118000202BA000248FD194400E00FF418921061E
:10119000A941C5000189648FD1940030236E0200FB
:1011A000C6690058E43A202BC0008D570100CA964A
:1011B0000100C4C7D094EA9F0000339181524D577B
:1011C00000001F3A247FD194883AD93A202BE000BE
:1011D0004779817A248FD194400E00FF41890F898D
:1011E000648FD194D7921289648FD194DC8A9F8ABC
:1011F000103A202C0000C4FFD294EA9700003289F4
:101200002457D194C38A170A415111516457D1947C
:10121000C8529F52C4EF2F3A202C2000D094EA7F6E
:1012200000002F512487D194C552200EDFFF418149
:101230000A816487D194C8829F82C4E7613A202CD6
:101240004000D194EA9F000033812497D194CC824E
:10125000200EFFEF419110916497D194C8929F9214
:10126000C4FF273A202C6000D194EA8F000031910E
:10127000247FD194CF922106FF7FFFFF417912791D
:10128000647FD194C87A9F7AC03A202C8000C4E74A
:10129000D294EA5700002A79CF7E0100C205C42704
:1012A000D294B505C4A7D294415A685A9695C63AC5
:1012B000202CA000413286006832968D2487D1947C
:1012C000248FD194D4829C82C482BD970100D88A95
:1012D0009C8A11810D3A202CC000F281BA25245736
:1012E000D194247FD194D0529C52C4529D9F03002C
:1012F000C87A9C7A0F51F351DA156A3A202CE00033
:10130000248FD1942487D194D18E0F00C48ABD97A5
:101310000300CC829C821089F289FA0564072D8231
:10132000003A202D00000132BFFFF4BEF545203603
:101330003500BFFF0AC50332BFFFE4BEF53D249F61
:101340002D82E099DA0D253A202D20005D5F000006
:101350005D0701005D0702005D0703000432BFFF67
:10136000C4BEF52D80FF121F0A809000433A202D45
:101370004000448726870A88888A9100448F258701
:1013800090528A0044572487045726875D570100EE
:1013900004874D3A202D600025875D870200048F69
:1013A00024875D8F03000432BFFF86BE851520367B
:1013B0001200BFFF9CC400300C3A202D8000BFFFFC
:1013C00076BE850D20362200BFFF8CC40030BFFFE3
:1013D00066BE46067F00050286EF0100BFFF113A98
:1013E000202DA00026E762520A58B205695AAA15B4
:1013F00061EA820D62EAA20D20361200BFFF5EC4D0
:10140000D50D0232843A202DC000BFFF0AE7950DAA
:101410000932BFFF02E7D50520362200BFFF44C4D2
:101420000132BFFF1EBE23020A02AA3A202DE000AD
:1014300001EA06870000E08106E0DA1D80FFFE1762
:1014400020362C00203E110080FF5A19205E11002A
:10145000173A202E00002466148800701D6841EAA7
:101460001C90CD910C50CE510A5700009D00525750
:1014700000004172EB71313A202E2000B6F5D505FF
:1014800020361200BFFFEEC31D30BFFFC8BD2802CB
:10149000190206C8BFFFEEC3645200D09E3A202E48
:1014A0004000B2058007000119770000E071B20525
:1014B0008007EA00247F2D82E079B2058007D400FE
:1014C00000303D3A202E6000BFFFDEE6E0510068AC
:1014D000CA25205E1100246694880C80CD81199065
:1014E000CD91129701005097A13A202E8000000064
:1014F000416AEB69E6F520362C00203E110080FFA2
:101500003E19E0518A0D013206D0BFFF74E8A63AB9
:10151000202EA000BFFFA8F7B55520361000BFFF52
:101520006CC3E54D24DE948820E611001B78CD794C
:101530001980CD81313A202EC000108701004F87DD
:101540000000416AFC69E6F5203E110020363D00AE
:1015500007E880FFF618E051BA250B3A202EE0008C
:101560000030BFFF2EE800581B90CB911970CB7153
:101570000E77010052770000415AFC59E6F52036FB
:101580003A3A202F00002C001D3880FFCA18E05185
:101590008A0D013206D0BFFF00E8BFFF34F7951D6A
:1015A00020361000BFFF993A202F2000F8C2C51541
:1015B00020361000BFFFEEC2F50D20363300BFFF0E
:1015C000E4C2A50D20361200BFFFDAC2C63A202FB2
:1015D0004000D50520362200BFFFD0C21A30BFFF21
:1015E000AABC3702000220362200BFFFBEC2003074
:1015F000BFFF823A202F600098BC1E0200022036F6
:101600002200BFFFACC20030BFFF86BC1E0200023A
:1016100020362200BFFF9AC2533A202F80000030AC
:10162000BFFF74BC1E027F000F02031EE4FF02DA3C
:1016300086770100A67F01000E58C8720F713F3AED
:10164000202FA000465F0000205E0002EB711BE02F
:1016500006E8BE058007BA0B2D0600E40000ED7118
:101660000E60BA05F63A202FC00080070C04ED6129
:10167000B70580072E022D0600D10000ED61BA05E6
:1016800080071C05ED61B70580074F3A202FE00069
:101690000A012D061E910000ED61BA058007100BAE
:1016A000ED61CF3D2D061A910000ED61BA0580076E
:1016B000693A20300000940AED618F1D206E02020D
:1016C000ED61BA0580072A03ED61FF05EC59BA0503
:1016D00080070E038007503A203020004C0B210673
:1016E00013820000E161BA0580071C0380073A0BF2
:1016F0002B061C910000EB61BA0580079A3A203056
:1017000040008A0AEB61AF0D21061B910000E161E8
:10171000BA058007540A8007160B21061D910000A8
:10172000E1615C3A20306000BA0580078A0A8007D0
:10173000040B2B0600C90000EB61BA058007B00955
:10174000EB61CF1D2B062A91773A203080000000F4
:10175000EB61BA0580078E0AEB61AF0D21061F9180
:101760000000E161BA058007700A8007CE0AC63A18
:101770002030A00021062B910000E161BA0580070E
:101780008E0A8007BC0A2B0602C90000EB61BA056D
:101790008007A609833A2030C000EB61AF0D210617
:1017A00001C90000E161BA058007A4098007980A11
:1017B00021060AC90000E161BA059E3A2030E00026
:1017C0008007A2098007860A2B0619E20000EB6158
:1017D000BA058007A402EB618F452B0603D20000F7
:1017E000FD3A20310000EB61BA0580078607EB6106
:1017F000CF1D2B0601D20000EB61BA0580070C0754
:10180000EB61AF0D2106803A2031200000D20000AC
:10181000E161BA058007CC0680073E0A210602D2A4
:101820000000E161BA0580071C078007673A203194
:1018300040002C0A2B0600E20000EB61BA0580078D
:101840000C02EB61AF0D210604D20000E161BA0584
:101850008007F93A2031600060078007080A2106F6
:1018600017E20000E161BA05800704028007F6096B
:101870002B0601E30000EB61BA3A20318000BA0583
:101880008007D207EB61CF1D2B0631E20000EB6130
:10189000BA0580075E07EB61AF0D21061AE2723AC6
:1018A0002031A0000000E161BA0580070002800736
:1018B000C009210600E30000E161BA0580076E0758
:1018C0008007AE09F03A2031C0002B0603E3000088
:1018D000EB61BA058007F207EB61AF0D210602E369
:1018E0000000E161BA058007AC07FE3A2031E00054
:1018F00080078A09210604E30000E161BA05800738
:101900000208800778092B060CE40000EB61BA0599
:10191000E13A203200008007C202EB61AF552B068E
:1019200008E40000EB61BA0580074602EB61EF2D89
:101930002B0606E40000993A20322000EB61BA053C
:1019400080070402EB61CF1D2B0603E40000EB616E
:10195000BA058007C601EB61AF0D21061E3A2032A1
:10196000400002E40000E161BA0580079C018007A5
:101970001E09210605E40000E161BA058007B801EF
:101980008007DD3A203260000C09210607E40000E0
:10199000E161BA058007D4018007FA082B060AE442
:1019A0000000EB61BA058007903A203280001602F1
:1019B000EB61AF0D210609E40000E161BA05800783
:1019C000E6018007D60821060BE40000E161CE3A6B
:1019D0002032A000BA0580070A028007C4082B063F
:1019E00012E60000EB61BA0580074C04EB61CF1DE5
:1019F0002B0610E6FF3A2032C0000000EB61BA056A
:101A000080076E02EB61AF0D21060DE40000E1617D
:101A1000BA058007020280078E08233A2032E000D0
:101A2000210611E60000E161BA0580072E03800758
:101A30007C082B06F3E60000EB61BA058007EC0496
:101A4000603A20330000EB61AF0D2106F2E60000A2
:101A5000E161BA058007CE04800758082106FFFF20
:101A60000000E161BA053F3A2033200080074008BA
:101A70008007460803E2BFFF3CF2DBE95D57000048
:101A800080073E0803E2BFFF5AF2DBE9203A203329
:101A900040005D57000080072E0803E2BFFF40E2D0
:101AA000DBE95D57000080071E0807825D870200A2
:101AB000208EF53A203360001D005D8F030005E2A3
:101AC00020966C005D97040080070208209E190094
:101AD0005D9F02000C525D57C83A2033800003001E
:101AE000017A5D7F040006E2208642005D870500E2
:101AF0008007E0075D07020004E2018A5D8FE53A96
:101B00002033A00003008007D007209638005D979F
:101B10000200209E52005D9F0300205632005D5758
:101B2000040006E2713A2033C000207E39005D7F58
:101B300005008007AA075D07020001825D87030098
:101B400005E2208E20005D8F0400883A2033E000FB
:101B500080079207035A5D0702005D5F030005E2FC
:101B6000209667005D97040080077A0703720432AD
:101B70007C3A203400005D0702005D37030005E277
:101B80005D770400800764075D0702005DDF0300E6
:101B900005E2209E85002F3A203420005D9F04003E
:101BA00080074E075D07020001525D57030005E202
:101BB000207E41005D7F040080073607D63A20343E
:101BC0004000045A5D0702005D5F030005E22086C5
:101BD00026005D87040080071E07008F04075D8FC5
:101BE00002001A3A20346000009705075D97030051
:101BF00005E2009F06075D9F0400800700075D0760
:101C000002005D07030020564E3A20348000270072
:101C10005D57040006E2207E86005D7F0500800798
:101C2000E2065D07020001825D87030005E23A3AA1
:101C30002034A000208E31005D8F04008007CA068A
:101C40005D0702005DDF030005E2209675005D97E9
:101C500004008007B03A2034C000B4065D070200DB
:101C6000019A5D9F030005E2205612005D570400B3
:101C700080079C065D070200017A013A2034E000EB
:101C80005D7F030005E2208613005D870400800766
:101C90008406BFFF34BD61520A60820D62620C5837
:101CA000D13A20350000C20D645A921580076C06A7
:101CB00003E2208E81005D8F020080075E0603E252
:101CC000209685005D977D3A203520000200800730
:101CD000500603E2209E87005D9F020080074206B7
:101CE000207E38005D7F020020865200093A2035B0
:101CF00040005D870300205632005D570400208EAF
:101D000039005D8F050020962D005D970600209E0E
:101D10003100803A203560005D9F0700207E34004E
:101D20005D7F0800208646005D8709002056300050
:101D30005D570A00208E3200753A203580005D8F95
:101D40000B00209637005D970C00209E2D005D9FB4
:101D50000D00207E41005D7F0E005D7F0F009F3AE9
:101D60002035A0005D0710002056110043571B00CE
:101D70005D071100208E1200438F1A005D071200CC
:101D800020961300FB3A2035C000439719005D07E9
:101D90001300209E1400439F18005D071400207E4E
:101DA0001500437F17005D071500383A2035E00025
:101DB00020861600438716005D0716002056170080
:101DC000435715005D071700208E1800438F14003D
:101DD000523A203600005D071800209619004397FC
:101DE000130020E61A005D07190080075E05209E9B
:101DF00038005D9F0200F73A20362000207E520016
:101E00005D7F0300208632005D8704002056390084
:101E10005D570500208E2D005D8F0600C63A2036E6
:101E20004000209631005D970700209E34005D9FA2
:101E30000800207E46005D7F0900208630005D8717
:101E40000A00053A20366000205632005D570B002C
:101E5000208E39005D8F0C0020962D005D970D00BF
:101E6000209E41005D9F0E00173A20368000207EA4
:101E700042005D7F0F005D07100020861100438740
:101E800012005D0711002056120043571100B03AAE
:101E90002036A0005D071200208E1300438F100033
:101EA0005D0713002096140043970F005D07140090
:101EB000209E15007C3A2036C000439F0E005D072F
:101EC0001500207E1600437F0D005D07160020865A
:101ED000170043870C005D071700763A2036E000B4
:101EE0002056180043570B005D071800208E19007C
:101EF000438F0A0020E61A005D0719008007760468
:101F0000DA3A20370000209638005D970200209EC4
:101F100052005D9F0300207E32005D7F040020861A
:101F200039005D8705003E3A2037200020562D00FD
:101F30005D570600208E31005D8F0700209634002B
:101F40005D970800209E46005D9F09006B3A203790
:101F50004000207E30005D7F0A00208633005D87D0
:101F60000B005D7F0C005D570D00209641005D97D2
:101F70000E004B3A203760005D970F005D071000A0
:101F8000207E1100437F09005D07110020861200AA
:101F9000438708005D071200E33A2037800020568F
:101FA0001300435707005D071300208E1400438F72
:101FB00006005D0714002096150043970500CC3AF3
:101FC0002037A0005D071500209E1600439F0400E7
:101FD0005D071600207E1700437F03005D07170092
:101FE00020861800A93A2037C000438702005D0709
:101FF0001800205619004357010020E61A005D071B
:10200000190080079A0303E20E8A393A2037E0006C
:102010005D8F020080078E0303E20C925D97020041
:102020008007820380FFF60D5D0702005D07030055
:10203000EF3A2038000005E25D07040020362C004E
:10204000013A80FF460F1C5841E204871488CBE90F
:102050005D8700008007EB3A20382000540380FFA2
:10206000C80D20362D00043A80FF260F245E148808
:1020700000681C6041E21D88CC890B98A63A203884
:102080004000CD99139F00009C00519F0000416AC1
:10209000646AB6F58007200380FF940D2036310076
:1020A000043A113A2038600080FFF20E245E148852
:1020B00000681C6041E21D80CC810B90CD9112978D
:1020C00000009C0050970000953A20388000416A3B
:1020D000646AB6F58007EC0280FF600D203635009B
:1020E000043A80FFBE0E245E148800681C608D3A9E
:1020F0002038A00041E21D98CC990B50CD510A57D1
:1021000000009C0053570000416A646AB6F58007DE
:10211000B80280FFC73A2038C0002C0D20363900A5
:10212000043A80FF8A0E245E148800681C6041E235
:102130001D90CC910B78CD790F7F453A2038E00087
:1021400000009C00527F0000416A646AB6F5800777
:10215000840280FFF80C20362800043A80FF560ED7
:10216000083A20390000245E148800681C6041E2AF
:102170001D50CC510B88CD89118F00009C004A8FD7
:102180000000416A646A813A20392000B6F5800770
:10219000500280FFC40C5D0702005D07030005E2EA
:1021A0005D07040020363D00013A80FF4B3A20399C
:1021B0004000140E1C5841E2049F1488CBE95D9F37
:1021C00000008007220280FF960C20363E00043A71
:1021D00080FFA23A20396000F40D245E1488006864
:1021E0001C6041E21D50CC510B90CD911297000024
:1021F0009C004A970000416ACD3A20398000646A09
:10220000B6F58007EE0180FF620C20364200043AEA
:1022100080FFC00D245E148800681C6041E2043A0F
:102220002039A0001D98CC990B88CD89118F000012
:102230009C00538F0000416A646AB6F58007BA01BA
:1022400080FF2E0CC73A2039C00020364600043AE1
:1022500080FF8C0D245E148800681C6041E21D9094
:10226000CC910B80CD8110870000563A2039E000D8
:102270009C0052870000416A646AB6F580078601B7
:1022800080FFFA0B20364A00043A80FF580D245E86
:10229000583A203A0000148800681C6041E21D880A
:1022A000CC890B78CD790F7F00009C00517F000016
:1022B000416A646AB6F5223A203A2000800752014A
:1022C00080FFC60B20365800013A80FF240D1C58B1
:1022D00041E21D80049F1488CB81509F153A203A1B
:1022E0004000000080FFA80B20365900013A80FF13
:1022F000060D1C5841E2047F1488CBE95D7F000085
:102300008007EB3A203A6000140103E2BFFF1EB8D9
:10231000DBE95D5700008007040103E2BFFFF0B76F
:10232000DBE95D57000080076B3A203A8000F4003B
:1023300003E2BFFF40DADBE95D5700008007E400FD
:102340001C5841E20497A982CBE95D9700008D3AC1
:10235000203AA0008007D200245E279300681C600A
:1023600041E21D50CC510B88CD89118F00009C009B
:102370004A8F0000E23A203AC000416A646AB6F52A
:10238000E555245E109300681C6041E21D90CC91DD
:102390000B98CD99139F00009C00FB3A203AE00077
:1023A000529F0000416A636AB6F5C5451C5841E278
:1023B000CBE9207EFF005D7F0000C53D1C5841E257
:1023C0004B3A203B0000CBE95D070000E5351C5887
:1023D00041E2CBE95D0700008535245E2793006864
:1023E0001C6041E21D78323A203B2000CC790B90F2
:1023F000CD91129704009C004F970000416A686AD3
:10240000B6F5E51D205E40002466AC92683A203B9C
:10241000400000701C6841E21D50CD510C80CE81FF
:10242000108700009C004A8700004172EB71B6F5EE
:10243000A50D783A203B600020363100BFFFB2B6D0
:10244000D50520361200BFFFA8B61C30BFFF82B0F2
:10245000031E1C002D020F02813A203B800086EFF4
:102460000100A6770100C8EA0EE906D8BFFF98B6BA
:10247000645200E0B20580070A04205E00029C3A24
:10248000203BA000EBE9E6352D0600E40000EDE975
:102490001D60BA058007DE03ED61B70580072802DD
:1024A0002D0600D1C63A203BC0000000ED61BA0500
:1024B0008007C803ED61B705800704012D061E9152
:1024C0000000ED61BA058007B203C53A203BE00089
:1024D000ED61DF3D2D061A910000ED61BA05800720
:1024E000A003ED61BF1D206E0202ED61BA058007F9
:1024F000F63A203C00009003ED61BF0DEC59BA059F
:102500008007840320361200BFFF04B680079403BF
:102510002106138200002B3A203C2000E161BA051D
:1025200080076A03B5F52B061C910000EB61BA0524
:1025300080075A03EB619F0D21061B914D3A203C09
:1025400040000000E161BA0580074803A5E52106C7
:102550001D910000E161BA0580073803A5DD2B0657
:1025600000C9F33A203C60000000EB61BA05800727
:102570009C02EB61AF1D2B062A910000EB61BA05AE
:1025800080071603EB619F0D6D3A203C8000210609
:102590001F910000E161BA058007040385C521068B
:1025A0002B910000E161BA058007F40285BDD13AA4
:1025B000203CA0002B0602C90000EB61BA05800791
:1025C000E402EB619F0D210601C90000E161BA053B
:1025D0008007D2024B3A203CC000F5A521060AC96B
:1025E0000000E161BA058007C202F59D2B0619E2E1
:1025F0000000EB61BA058007B202003A203CE0001F
:10260000EB618F452B0603D20000EB61BA05800712
:10261000A002EB61CF1D2B0601D20000EB61BA05D1
:10262000233A203D000080078E02EB61AF0D2106AA
:1026300000D20000E161BA0580077C02BF07F8FE06
:10264000210602D20000CE3A203D2000E161BA0509
:1026500080076A02BF07E6FE2B0600E20000EB617E
:10266000BA0580075802EB61AF0D2106B73A203D4D
:10267000400004D20000E161BA0580074602BF07AE
:10268000C2FE210617E20000E161BA0580073402AC
:10269000BF07933A203D6000B0FE2B0601E3000027
:1026A000EB61BA0580072202EB61CF1D2B0631E2F8
:1026B0000000EB61BA058007BC3A203D8000CC01E8
:1026C000EB61AF0D21061AE20000E161BA05800757
:1026D000FE01BF077AFE210600E30000E1611A3A1D
:1026E000203DA000BA058007EC01BF0768FE2B065D
:1026F00003E30000EB61BA058007DA01EB61AF0D7F
:10270000210602E30C3A203DC0000000E161BA0559
:102710008007C801BF0744FE210604E30000E16111
:10272000BA058007B601BF0732FE473A203DE000F8
:102730002B060CE40000EB61BA058007A401EB61F5
:10274000AF552B0608E40000EB61BA058007920143
:10275000D93A203E0000EB61EF2D2B0606E4000085
:10276000EB61BA0580078001EB61CF1D2B0603E406
:102770000000EB61BA05B13A203E200080076E01EF
:10278000EB61AF0D210602E40000E161BA058007AC
:102790005C01BF07D8FD210605E40000E73A203EB2
:1027A0004000E161BA0580074A01BF07C6FD210666
:1027B00007E40000E161BA0580073801BF07B4FDF6
:1027C0002B068B3A203E60000AE40000EB61BA055C
:1027D00080072601EB61AF0D210609E40000E161ED
:1027E000BA0580071401BF071C3A203E800090FD07
:1027F00021060BE40000E161BA0580070201BF0772
:102800007EFD2B0612E60000EB61BA058007F83A60
:10281000203EA000F000EB61AF1D2B0610E600008B
:10282000EB61BA058007DE00EB61AF0D21060DE418
:102830000000E161013A203EC000BA058007CC00EB
:10284000BF0748FD210611E60000E161E25DBF0718
:102850003AFD2B06F3E60000EB61D33A203EE000A0
:10286000F255EB618F0D2106F2E60000E161825521
:10287000BF071EFD2106FFFF0000E161E24DBF071B
:102880003E3A203F000010FD80FF0207203658002E
:10289000013A80FFC2087F52EA0520361000BFFFD0
:1028A000FEB2F54580FF8D3A203F2000E606203637
:1028B0005900013A80FFA6087F52EA052036100031
:1028C000BFFFE2B2953D1D78887A5B7FC33A203F17
:1028D0004000000002E25BEF01009535245E948821
:1028E00000600B80CC811B90CC9112970200509716
:1028F0000000F83A203F600041626462E6F520364D
:102900002800043A80FF62087F52EA052036100052
:10291000BFFF9EB2F5151D98653A203F8000889A4A
:102920005B9F000002E25BEF0100F50D2036110015
:10293000BFFF84B2A50D20363100BFFF7AB2563AF0
:10294000203FA000D50520362200BFFF70B21C300A
:10295000BFFF4AAC2D02190206C8BFFF70B2615218
:1029600000D0B2059D3A203FC00080074A01BFFF5A
:1029700000D56352FA0520362100BFFF46B280071A
:102980003E019967010062620C58AC3A203FE000BA
:10299000B24D0B06EFFFB2058007180101D259674F
:1029A0000000C4CF1589B23DC4F71589BA0DC4EF34
:1029B000E63A2040000015898A0D1A5841D219883C
:1029C000CB8951070000F5051A5841D21998CB99C7
:1029D00053D7000024EEC93A20402000308200D8AE
:1029E0001BE0C3E2DDE1FC370100023ABFFF64E314
:1029F0006352FA15017A597F01001A5E933A20401A
:102A0000400001008B001988FC970100DA89889248
:102A1000519700000BD601009A0019683C7700001E
:102A2000CB69563A204060004D77000041DA6FDAFA
:102A3000E6DDC55520362200BFFFA6B1F54D01D217
:102A400059670000C4C71589B03A20408000B23DE4
:102A5000C4E71589BA0DC4DF15898A0D1A5841D209
:102A60001990CB9152070000F5051A5841D2E73A68
:102A70002040A0001968CB694DD7000024EE3082B9
:102A800000D81BE0C3E2DDE1FC370100023ABFFFE2
:102A9000DAE263528E3A2040C000FA15018259876B
:102AA00001001A5E01008B001990FC9F0100DA9171
:102AB000889A529F00000BD60100C43A2040E000E3
:102AC0009A0019703C7F0000CB714E7F000041DA04
:102AD0006FDAE6DDF50D20362200BFFF1CB1A50D33
:102AE000FB3A2041000020361100BFFF12B1D5058E
:102AF00020362200BFFF08B11A30BFFFE2AA37021A
:102B00000F0206570100B23A20412000E05106D8DA
:102B1000B2058007CE009BE70100BFFFF8B061520D
:102B2000B2058007B400BFFF8AD36352063A204142
:102B30004000FA2D62E2C2051C06EFFFDA2501EA29
:102B40005BE70000BFFF42E4E0519715DDD9207636
:102B50006300813A204160005B77000062E2CA05B1
:102B6000C41F158985151C06EFFFDA0DC42F1589C2
:102B7000A50DDDD920866400453A204180005B87A1
:102B80000000C4371589C42715890232BFFF3CD322
:102B9000D53520361200BFFF7EB085355BE7C03AE1
:102BA0002041A000000062E2921D200E1100E1E130
:102BB0001C58C2150B06D0FFEA15248F0995E08931
:102BC000EA052036E23A2041C0002200BFFF54B09F
:102BD000B51D209664005B97010064070995C51533
:102BE00020362200BFFF3CB0F50D153A2041E00031
:102BF00020361200BFFF32B0A50D20362200BFFFE5
:102C000028B0D50520361200BFFF1EB00232BFFF2C
:102C1000373A20420000F8A92D020A0206E0BFFF61
:102C2000A0D20A06A4FE973DBFFF14B06152DA3568
:102C30009CEF0100BFFF983A20422000A6D26352C9
:102C4000EA0520362100BFFFECAFE52D62EA1D58F2
:102C5000D2150B06EFFF920D0B06D0FF5A3A204219
:102C60004000821D20361200BFFFD0AF8525BFFF78
:102C700074E30332BFFF78D20030BFFF12DFF515D7
:102C8000BFFF773A2042600062E30332BFFF66D2A3
:102C90000030BFFFB4DFE50D2D06E0930400646F44
:102CA00009950332BFFF78D2033A20428000D50550
:102CB00020362200BFFF90AF0132BFFF6AA9280271
:102CC000050206E8BFFF90AF61520A60F2059B3A29
:102CD0002042A00062620C58A22D645AA245B55D44
:102CE0000232BFFF1CD29D6701000C067FFFF25528
:102CF000200E8500E13A2042C000E1610C58920D9F
:102D00000B0679FFF24D20361100BFFF46AFA54DEF
:102D1000036A446F948820365500DE3A2042E00072
:102D2000013A80FFEC0420770107450E010021FEE7
:102D3000F64200306E00953D0232BFFFD0D19D6754
:102D4000C33A2043000001000C067FFF9235200E9D
:102D50008500E1610C58C22D0B0679FFEA0520368B
:102D60002200BFFFFAAEA73A20432000C525203637
:102D70001100BFFFF0AEF51D0232BFFF9CD19D6771
:102D800001000C067FFFF215200E8500103A20434B
:102D90004000E1610C58920D0B0679FFF20D2036D0
:102DA0001100BFFFC6AEA50D20362200BFFFBCAE8E
:102DB000D505CB3A2043600020361100BFFFB2AEEC
:102DC00023020F0286570100A6670100C8522106A0
:102DD00000FF00000C51E151C73A20438000EA3562
:102DE00024EE308200D81BE0C3E2DDE11C77030053
:102DF000E071FA25FC37010000400038BFFF943A2B
:102E00002043A00068D4FC370100013A0740BFFF0F
:102E10005CD4FC370100023A0040BFFF50D4FC37BD
:102E20000100033A1A3A2043C0000040BFFF44D4D7
:102E300044079488013A9C37030080FFFE03E05169
:102E4000E20520361000BFFF3AAEAB3A2043E00067
:102E5000A50D41DA9B006FDA86D5D5052036120024
:102E6000BFFF26AE0232BFFF00A82D028207E1F0AD
:102E7000BA3A20440000A667010086770300C862C2
:102E80000E61865F0100E05906C0D205615AE25D1D
:102E900080075C012106343A2044200000FF000036
:102EA000E1618A5501CA00D81B78C37A246E30824A
:102EB000CF69AD5F0500D95A9E5A615A763A2044CF
:102EC0004000B205635A8A3D195E01008B001890DC
:102ED000ED9F0100D991889A529F00000BCE01000E
:102EE0009900F93A2044600018502D7F0000CB5122
:102EF0004A7F0000ED370100003806E0BFFF30D404
:102F00008A00013A1C300AE83B3A20448000BFFFA7
:102F100024D4C4520AE99D00023A1C30BFFF16D4E3
:102F2000C5520AE99D00033A1C30BFFF08D4C63AD7
:102F30002044A000C7520AE99D00195841CA9900CF
:102F40001878CB794FEF000041DA6FDAA6BD19800F
:102F5000030A4180FE3A2044C00058870000F55D16
:102F600020363100BFFF4CADA3CF0300855D2106A5
:102F700000FF0000E161EA4501CAB43A2044E000E4
:102F80000F8A588F000024EE308200D0195E0100B5
:102F90008B001A30C332DD311898E6770100D999D9
:102FA000D83A204500008872537700000BCE01000C
:102FB00099001880268F0000CB81508F0000E637E3
:102FC0000100003806D8B83A20452000BFFF84D35E
:102FD0008A00013A1B300AE0BFFF78D3C4520AE1ED
:102FE0009C00023A1B30BFFF6AD3C5522D3A2045E0
:102FF00040000AE19C00033A1B30BFFF5CD3C7527C
:103000000AE19C00195841CA99001888CB8951E7F8
:1030100000007E3A2045600041D26FD2C6C5E50D62
:1030200020363100BFFFAAACA3CF0300F505203640
:103030001200BFFF9CACA3CF803A20458000030064
:103040001930BFFF72A64206FFF0000206570000CB
:103050006152EA0D02624467948820365500E33AD3
:103060002045A000013A80FF2C020232003880FF88
:10307000CC68D50520361200BFFF62AC0030BFFF20
:103080003CA61E02F63A2045C00001524457A882D1
:103090007F00000220362200BFFF48AC0030BFFF97
:1030A00022A61E02000220361100D93A2045E00077
:1030B000BFFF36AC1E027F007F0020568000245EDA
:1030C000148800600B68CC694D0700004162EA611A
:1030D0009F3A20460000A6FD7F0020568000245E17
:1030E000948800600B68CC694D0700004162EA617A
:1030F000A6FD7F008600F23A2046200000500658C8
:10310000806709F41B0A4161406708F40B68876A0D
:10311000E069820D807709F48E760200483A2046F5
:103120004000407708F4F505807F09F41D0A4179D5
:10313000407F08F4808709F490860400408708F4F3
:10314000C15A193A204660008B0041526852F6DDA0
:103150007F000002805701F4200EEFFF41514057DD
:1031600000F40432BFFFA2FF743A20468000805F63
:1031700001F48B5E1000405F00F41E020058005006
:10318000806709F48C660400406708F4C0C7EE3A13
:103190002046A00008F4EA6F00000D59807709F47A
:1031A0001B0A4171407708F4C15A8B0041526852A2
:1031B000B6EDC0C7A43A2046C00008F4EA7F00007C
:1031C0000F590B507F000502805701F48A56080002
:1031D000405700F4806701F4200EE33A2046E000F7
:1031E000EFFF4161406700F40532BFFF34FFBFFFCE
:1031F000A0FFCAEE0100806F01F48D6E1000406FD9
:10320000B33A2047000000F4BFFF68FFE0E9BA05C9
:103210000152A505005023020502C600805701F4A3
:103220008A5610004057663A2047200000F4806F0D
:1032300001F4200EEFFF4169406F00F406E803320D
:10324000BFFFEAFE9D001D30BFFFE2FEE73A2047C8
:103250004000BFFF4EFF807F01F48F7E1000407F53
:1032600000F423020A02C6008700643F2987E03980
:1032700006E0BA3A20476000C72500E8805701F40D
:10328000200EEFFF4151405700F40332BFFFAAFE6A
:103290001C30DD318600BFFF273A20478000A0FEAA
:1032A000BFFF0CFF806F01F48D6E1000406F00F4C3
:1032B00024761488DD714E57000041EA9D002F3AB4
:1032C0002047A00024872987F0E9F6DD28020002C4
:1032D000805701F4200EEFFF4151405700F40632B1
:1032E000BFFF62FE6B3A2047C000805F01F48B5E37
:1032F0001000405F00F41E028007E1F1C600870065
:10330000C6BE070000D806E806C09C3A2047E00089
:1033100007C8BFFFEAFEE051EA0520E6C80041DA2F
:10332000FCD981FD20E6C800FCD9C1051F528007E9
:10333000873A204800005601BFFFCAFEE051BA0597
:1033400080074801806701F48C660800406700F43C
:10335000BFFF90FF806F4E3A2048200001F4200EFE
:10336000EFFF4169406F00F40232BFFFF0FD1D30F6
:103370008600BFFFE8FDE0C9E34D00D01C3A2048BD
:103380004000BFFFFCB068BAB635807F09F41B0A65
:103390004179407F08F4808701F4908610004087CF
:1033A00000F46E3A204860005FD29A0000B800D85E
:1033B000BFFF64FEE051CA0541DAFCD9A1FDFCD98A
:1033C000B1051F52C56D8097EA3A2048800001F48C
:1033D00092960800409700F4BFFF20FF809F01F401
:1033E000200EEFFF4199409F00F40232BFFF7C3A6C
:1033F0002048A00080FD18308600BFFF78FDB5157D
:1034000024DE9488DAD99B370100BFFF68FD24765B
:103410000E951B7F123A2048C0000000DA714E7FE3
:10342000000041BA970041C2D80041D29A00F9D1B8
:10343000D1B5809709F41B0A41914B3A2048E0002E
:10344000409708F4809F01F4939E1000409F00F481
:10345000BFFF7AFD806701F4170A4161406700F4FD
:103460004E3A2049000000D8BFFFCAFDE051CA050E
:1034700041DAFCD9A1FDFCD9B1051F52F51DE0C907
:10348000A31D9D0000D8C03A204920001DE0BFFFC9
:103490001AB01B30DC31C600BFFFE6FD24860E9556
:1034A000DB8190870100EA81E205018A953A204993
:1034B0004000448FB0821F52F50541DAFBC9BBEDD5
:1034C0000050A5051F524006FFF10502860006E8E0
:1034D000BFFF863A204960004CFE805701F4200E61
:1034E000EFFF4151405700F40132BFFFACFC1D30EB
:1034F000BFFFA6FC805F09F4C63A204980001B0A82
:103500004159405F08F4806701F48C661000406701
:1035100000F4BFFFD6FC23020002805701F4C13A39
:103520002049A0008A560800405700F4806701F443
:10353000200EEFFF4161406700F40532BFFF66FCDB
:10354000BFFFD2FC6C3A2049C000806F01F48D6E41
:103550001000406F00F4807701F4170A4171407742
:1035600000F41E020002805701F4ED3A2049E00009
:103570008A560400405700F4805F09F41B0A415941
:10358000405F08F4806701F4200EEFFF416140675F
:10359000D13A204A000000F40030BFFF54FF806F92
:1035A00001F48D6E1000406F00F4BFFF56FC807771
:1035B00001F4170A4171003A204A2000407700F4D4
:1035C000BFFFC6FBBFFFDCFB1E022C0600CA9A3BF6
:1035D000066820363000243EA0950070CB3A204A81
:1035E0004000005000400D58EC5FC2020B5E3000FE
:1035F0008B000780CA81E659505F0000D705E07153
:10360000BA05823A204A600001720A40EC6FC26A31
:103610000A0AE167820241526A5296ED4407AA956E
:10362000E071C205C8390750463A204A8000B50506
:103630002456AA957F00003804620A720058075089
:10364000845A0A68EE6F82020D78EA7F4202F83AE5
:10365000204AA000AF51DC520A595F62E0610D5070
:10366000BEF5413AE639C3ED8C5A0B507F00066730
:103670000000E0619B3A204AC000005882152A06EB
:10368000FFFF0000415ACB00EA59BA050B50E50D87
:103690000678CB790F7F0000E0795B3A204AE000A2
:1036A000DAF5E059D7050B56FFFFCA00A505005013
:1036B0007F00C800E041A31500500660CA610C6796
:1036C0003B3A204B000000000770CA710E770000E3
:1036D000EE61B2050152E5054152CA00E85191F58B
:1036E00000507F00C800683A204B2000E041E30D05
:1036F00000500758CA590668CA690D6F00004B6F21
:1037000000004152CA00E851D1F57F00E03A204B59
:103710004000C6006332A7050030C232246E909587
:10372000C6692D6F0100210680562C9D0D708B6A95
:103730002E69D83A204B60000D60C76241612D614F
:103740000C58CF5A400EC6EF41592C590B5092528B
:103750002B517F002606FFFF5C3A204B8000FF7F45
:103760002476909500500A58C25ACE592B6705000E
:103770002B8F010046619F8AD161CC6601005C3AC3
:10378000204BA000CA0D0A9E0200D39E0300C29ADD
:10379000CE99339F01006B9F0100A515CC8E0100CF
:1037A000F20D0A96AB3A204BC0000200D2960300FD
:1037B000C292CE91329701002106DFB00899219183
:1037C0006B97010041526252D6D5ED3A204BE00092
:1037D000245F9195248F9D9546599F8AD159CB5E40
:1037E00001008A0D247F959500582F59645F9D959F
:1037F000D23A204C0000E50DCB960100B20D249F7B
:103800009595005833592106DFB008992159645F16
:103810009D957F006437D03A204C2000919501623D
:103820002A06CD0D0100245E90950C68C26ACB6912
:103830002D7FFDFFEA7F2202417A6D7F893A204C7D
:103840004000010041626462C6F57F000002A437B7
:10385000AB95BFFFCEFFBFFF28FF0030BFFFE6FEE6
:103860001E02313A204C60000002A437AB95BFFF26
:10387000B8FFBFFF12FF0030BFFFD0FECA001E021C
:103880000002A437AB95BFFF523A204C8000A0FF46
:10389000BFFFFAFE0030BFFFB8FE8A001E0287009D
:1038A000065F00000162E767C0008C002C60FC3AF4
:1038B000204CA0004C59465F00007F008700065F47
:1038C00000000162E767C0008C000C59465F0000F1
:1038D0007F008600333A204CC0008700015AE75F22
:1038E000C0008B004659BA050050A50501527F0063
:1038F000E031B30D00602056C309C43A204CE0000B
:103900000058415AEA59E1FD4162E66181FD7F00BC
:10391000006700F2CC661000FA05E0571FF28652ED
:10392000FF3A204D000066570000F50D00500A7068
:10393000C1720E7610F2EE5F0100865A665F0000DB
:103940004232415267529E3A204D2000C7F5005046
:103950007F005C1A630F0100A007210063373D0060
:10396000633F390063473500634F3100C33A204D50
:10397000400063572D00635F290063672500636F74
:10398000210063771D00637F190063871500638F33
:103990001100AB3A204D600063970D00639F090052
:1039A000F00F4000630F0500F10F4000630F0100AE
:1039B0002436D894BFFF74FFC13A204D8000C4075D
:1039C000D794230F0100E18F2000230F0500E1872A
:1039D0002000239F090023970D00238F1100063A32
:1039E000204DA00023871500237F190023771D0099
:1039F000236F210023672500235F290023572D0013
:103A0000234F31006B3A204DC00023473500233F40
:103A1000390023373D0060062000230F0100441ABF
:103A2000E0074001C03756F1805FA63A204DE00024
:103A300001F2200E7FFF4159405F00F200507F00ED
:103A4000805F01F28B5E8000405F00F2C0B756F1EC
:103A5000903A204E000000507F000752805F01F234
:103A6000200E7FFF4159405F00F2C03756F180675A
:103A700001F21D0A4161E03A204E2000406700F249
:103A8000806F01F2200EEFFF4169406F00F28077F6
:103A900001F2200EDFFF4171407700F23F3A204EE5
:103AA0004000807F2FF48F7E8000407F2EF44057AF
:103AB00002F2C487D79420868900408701F2C0BFF4
:103AC00004F2233A204E6000C0B704F2405756F18A
:103AD0007F0000580068A07713F48E7610004077BE
:103AE00013F4A07F13F48F7E853A204E80000800E7
:103AF000407F13F420561C0000604162EA61E6FD3D
:103B0000C0D713F4EA8700001059A08F13F4D33AFA
:103B1000204EA000200EEFFF4189408F13F400607B
:103B20004162EA61E6FD676ACE05C15A8B00E50590
:103B3000C0D713F4333A204EC000EA970000125960
:103B4000416A8D00686A96D5C0D713F4EA77000001
:103B50000E598B000B507F008600203A204EE0006B
:103B600000600668A07713F48E761000407713F497
:103B70000D78877AE079820DA08713F4908608008B
:103B80003A3A204F0000408713F4F505A08F13F454
:103B9000170A4189408F13F420561C000058415ADF
:103BA000EA59E6FDA097F03A204F200013F4200ECA
:103BB000EFFF4191409713F40058415AEA59E6FD4E
:103BC000C16A8D0041628C006862B6D5493A204FC7
:103BD00040007F00140286008700A05713F4200ED7
:103BE000DFFF4151405713F420EE1F0006600058DC
:103BF00007D0B33A204F6000415AFD59E6FD005806
:103C0000C0D713F4EA6F0000616AE205415A8B00E5
:103C10000B0606FFE6F5CC36433A204F80007F00C6
:103C2000BFFF5CFF1A30BFFF56FF00D8C0D713F4A8
:103C3000EA8700006182E20541DA9B001B06943AA4
:103C4000204FA00006FFE6F5E0D1EB5F0000E05951
:103C500000D8821500E0BFFFB8FE24962C96DC91B8
:103C600052570000883A204FC00041E29C00FAE120
:103C7000C9051C0680FFB6F541DAFDD9E6FD0058FE
:103C8000C0D713F4EA6F0000616A2F3A204FE000BA
:103C9000E205415A8B000B0606FFE6F5A07F13F400
:103CA0008F7E2000407F13F43202190286008700C5
:103CB0003E3A20500000A05713F4200EDFFF415180
:103CC000405713F420E61F000660005807C8415A09
:103CD000FC59E6FD0058793A20502000C0D713F473
:103CE000EA6F0000616AE205415A8B000B0606FF8D
:103CF000E6F58C3680008600BFFFA2FE8A3A20508F
:103D000040001930BFFF9CFE00D0C0D713F4EA87F3
:103D100000006182E20541D29A001A0606FFE6F52C
:103D2000E0C9B03A20506000EB5F0000E05900D0DD
:103D3000921524EEAC9500D81D30DB31863701009A
:103D4000BFFF66FE41DA9B001C3A20508000F9D983
:103D5000C9051B0680FFC6F541D2FCD1E6FD00581F
:103D6000C0D713F4EA6F0000616AE205415AB63A1F
:103D70002050A0008B000B0606FFE6F5A07F13F491
:103D80008F7E2000407F13F43702A05713F48A5629
:103D9000100040579D3A2050C00013F4A05F13F468
:103DA000170A4159405F13F4A06713F4200EDFFF98
:103DB0004161406713F4A06F33F4C23A2050E00031
:103DC000200EEFFF4169406F33F4A07733F4170AF8
:103DD0004171407733F4A07F33F48F7E0400407F3D
:103DE0000F3A2051000033F4A08733F4200EDFFF98
:103DF0004181408733F47F002456AC967F000F0248
:103E00008600C70006E8583A2051200007D8BFFFB7
:103E10003EAAE051BA2D1D30BFFFB2FD1B30BFFFDF
:103E2000ACFDBFFFDCFFE0510AE0BA05F33A2051D8
:103E300040000050F51DBFFF1CAAE051D205BFFF96
:103E400014AAE051DAFDE0D9C30D00E8BFFF10FD70
:103E50001C681D3A20516000DD694D57000041EAA1
:103E6000DD00FBE9F1F5205E230000604162EB61BB
:103E7000E6FD1C50A50500503A3A205180002D0265
:103E80000F028600C70007D806E808E0BFFFD2A9E6
:103E9000E051BA259D368000BFFF44FD1B30E73A54
:103EA0002051A000BFFF3EFDE0E1BA050352951D81
:103EB000BFFFB4A9E051D205BFFFACA9E051DAFDC4
:103EC000E0D9C30DA83A2051C00000E81C30DD3114
:103ED00086370100BFFF14FD41EADD00FBE9F1F583
:103EE0000050A50501522D02C487673A2051E00019
:103EF0007C93C48F7C93C4977C93C49F7C932456FB
:103F0000489300580B60C262CA61CC870200415AD4
:103F10000B3A205200006D5A96FD7F00C4978093A3
:103F2000C49F8093C4A78093C4AF8093C4B7809389
:103F3000C4BF8093C4875E3A205220008193C48F0F
:103F40008193C4978193C49F8193C4A78193C4AF85
:103F50008193C4B78193C4BF8193C487963A20529A
:103F600040008293C48F8293C4978293C49F8293AC
:103F7000C4A78293C4AF8293C4B78293C4BF829311
:103F8000C4876E3A205260008393C48F8393C49792
:103F90008393C49F8393C4A78393C4AF8393C4B70D
:103FA0008393C4BF8393C487463A2052800084938E
:103FB000C48F8493C4978493C49F8493C4A7849329
:103FC000C4AF8493C4B784937F00845789859B3A98
:103FD0002052A0007F008600443788857F00E45788
:103FE00063867F00E46F8D85E4778B850D508D00AF
:103FF000EE69921D7F3A2052C0008A000A60245662
:104000002C970C58EB5E1400CA592B8F0100E689DF
:10401000CA05AB571100B50D4162483A2052E00085
:104020008C006A62A6050060E49F8B85EC99DAED4E
:1040300004527F00050224EE2C97E4678D85F46717
:10404000033A205300004002DD616C070100047256
:104050004C771100246F8C85416ACD006A6AA605F1
:104060000068646F8C85683A20532000E4878B8554
:10407000F069CA050030BFFF78FFBFFFE0ACE48FF6
:104080008D85F48F4002DD8951071000033A2053DB
:104090004000BFFF5CFF2302140201D2BFFFAAAAA7
:1040A0006752EA150030BFFFC8A9E0510A60C23567
:1040B0006262A73A205360000C58BA0580072E02AE
:1040C000645ABA058007DA03BFFF9EAC61D2BA0515
:1040D000BFFF96AC24EE2C97A33A20538000E467F0
:1040E0008D85F4674002DD61AC9711006392B305E2
:1040F00080073E0A52000400AB02EE021205FB3AB2
:104100002053A0002C370100BFFF70ACE45F8D8509
:10411000F45F4002DD592B9F0D00649F62860152BF
:104120004B571100C73A2053C0008007100A1A30BD
:10413000BFFF56A9E0510A58D2050B06D9FFF20578
:10414000850DBFFF58BCBFFF32ACDB3A2053E00007
:10415000B505BFFF2CAC1A30BFFF34A9E4878D85AD
:10416000F487400224EE2C97DD8130870500B0876C
:10417000183A205400000100EA81EA1D1A30BFFFFE
:1041800014A96252921DE48F8D85F48F4002029231
:10419000DD8951971100B43A20542000E45F8D85E9
:1041A000F45F4002DD590B771000E071FA05207EC4
:1041B000F401647F64864BD7100000D0083A205485
:1041C00040000132BFFFDAA86252EA950332BFFF16
:1041D000D0A8E4978D85F4974002DD9132970100D5
:1041E0009297803A205460000300EA918A8D02324F
:1041F000BFFFB4A8E0510A58C24D665AAA6D0432F6
:10420000BFFFA4A8E49F8D85FB3A20548000F49F53
:104210004002DD99D85273570D00E4E78D85F4E72D
:1042200040020532DDE14CE2BFFF82A8D052993A4C
:104230002054A000400EFF003C8F0100415111515D
:104240007C570100E4DF8D85F4DF40020632DDD9C2
:104250004CDABFFF4F3A2054C0005EA8C8523B77EB
:104260000100CA5600FF0E517B570100E4E78D851F
:10427000F4E740020732DDE14CE2893A2054E000E5
:10428000BFFF3CA83C8F01000A897C8F0100E497A6
:104290008D85F4974002DD9132970D006497628618
:1042A0001E3A20550000BFFF0EABBF0770FEE4773B
:1042B0008D85F4774002029ADD714E9F1100E4670C
:1042C0008D85F4674002E43A20552000DD610C57EB
:1042D0001000E051E25F0000E05900D0BA05BF07CE
:1042E00042FE208EF401648F64860182773A205565
:1042F00040004C871000BF0730FEE4978D85F4978F
:1043000040020372DD9152771100E4678D85F467F6
:104310004002633A20556000DD610C7F1000E079B7
:10432000E25F0000E05900D0BA05BF0702FE205648
:10433000F40164576486018A8F3A205580004C8FBF
:10434000100024878E85418264878E85BF07E6FD35
:104350001A30BFFF88A7E49F8D85F49F4002573A2B
:104360002055A00024EE2C97DD99339F0500B39FC4
:104370000100EA99EA1D1A30BFFF68A76152921D39
:10438000E47F8D85FE3A2055C000F47F4002028A0A
:10439000DD794F8F1100E45F8D85F45F4002DD59B8
:1043A0000B971000E091FA0520766D3A2055E00059
:1043B000F401647764864BD7100000D00132BFFF50
:1043C0002EA76152B205BF077EFD0332BFFF20A7B3
:1043D000C43A20560000E48F8D85F48F4002DD89B9
:1043E000318F0100918F0300EA89B205BF075EFD9E
:1043F0000232BFFF00A7123A20562000E0510A58AF
:10440000C24D665AAA6D0432BFFFF0A6E4878D85BF
:10441000F4874002DD81D85270570D00D13A205602
:104420004000E4E78D85F4E740020532DDE14CE22F
:10443000BFFFCEA6D052400EFF003C7F010041518D
:104440000F51DE3A205660007C570100E4DF8D8575
:10445000F4DF40020632DDD94CDABFFFAAA6C8520B
:104460003B970100CA5600FF3E3A20568000125189
:104470007B570100E4E78D85F4E740020732DDE178
:104480004CE2BFFF88A63C7F01000A797C7F8F3A0F
:104490002056A0000100E48F8D85F48F4002DD8955
:1044A000318F0D00648F6286BFFF5AA9BF07BCFC25
:1044B000E4978D85C53A2056C000F49740020282E9
:1044C000DD9152871100E4678D85F4674002DD615C
:1044D0000C571000E051E25F0000043A2056E00063
:1044E000E05900D0BA05BF078EFC207EF401647F3E
:1044F0006486019A4C9F1000BF077CFCE48F8D8579
:10450000D93A20570000F48F40020392DD89519779
:104510001100E4678D85F4674002DD610C771000BF
:10452000E071E25F0000733A20572000E05900D0AC
:10453000BA05BF074EFC2056F40164576486017A21
:104540004C7F1000249F8E85419A649F773A2057B4
:1045500040008E85BF0732FC1A30BFFFD4A5E48728
:104560008D85F487400224EE2C97DD81308705008D
:10457000B087613A205760000100EA81AA25023223
:10458000BFFFB4A5E4678D85F4674002DD612C9F11
:104590000500939F0300EA99E33A20578000CA156B
:1045A000028A4C8F1100E4678D85F4674002DD615B
:1045B0000C871000E081FA052056F4016457513A47
:1045C0002057A00064864CD7100000D00132BFFFF6
:1045D00072A5E0518A4D0232BFFF68A56152BA450B
:1045E0000432BFFF473A2057C0005EA5E48F8D8597
:1045F000F48F4002DD89318F0100918F0300EA8939
:10460000DA350532BFFF42A5E477793A2057E0005A
:104610008D85F4774002DD712E770100AE770300BF
:10462000EA71FA250332BFFF26A5E051A225E47FF7
:104630003B3A205800008D85F47F4002039ADD79D3
:104640004F9F1100E4678D85F4674002DD610C9790
:104650001000E091E25F323A205820000000E0595B
:1046600000D0D20D2086F4016487648601724C77F5
:10467000100024578E85415264578E85DB3A2058AE
:1046800040000132BFFFDAA4E051B205BF072AFBA8
:104690000232BFFFCCA40A06D9FFB205BF071AFB3E
:1046A0000332F53A20586000BFFFBCA465520A7877
:1046B000B305BF070AFB4F0006000D0013001A00E8
:1046C00021003B00003080FFB43A20588000B4063F
:1046D000C4070194BF07EEFA6407F987C40F019479
:1046E000BF07E2FA013280FF9A06C4170194893AA3
:1046F0002058A000BF07D4FA013280FF8C06C41FE7
:104700000194BF07C6FA0432BFFF68A44457F38779
:104710000532BFFF083A2058C0005EA44457F28714
:104720000632BFFF54A44457F1870732BFFF4AA4A3
:104730004457F087C427F887C427653A2058E0001B
:104740000194BF0792FAC42F0194BF078AFA248FFD
:104750006286E089B2058007DA048C5F0900E059BF
:10476000A23A20590000DA2D03924C9711002487B9
:104770008E85418264878E85E4678D85F46740026B
:10478000DD610C7F1000A53A20592000E079DA0D98
:10479000209EF401649F648601524C571000E46728
:1047A0008D85F4674002DD612C970500813A205920
:1047B0004000E091B20580078C04BFFFACF924876C
:1047C0008E855F8264878E8580077A040B76FFFF73
:1047D0004C77C13A205960000800E47F8D85F47F52
:1047E0004002DD794F071100800760042C5F010053
:1047F000E059BA0580072604183A205980000B9F1B
:104800000100649AB20580071A040B8F0300448FDD
:1048100090852C970D0024576286AA916497143ACC
:104820002059A000928584879185200E39005E82F0
:10483000E181B3058007F20350003A00F601480019
:104840005600F601BC3A2059C0006400F60172001F
:10485000F60180008E00F6019C00F601AA00F60128
:10486000B800F601F601F601C600673A2059E000EB
:10487000D400E200F601F000F601FE00F6010C01A2
:10488000F6011A01F6012801F6013601F60144018C
:10489000753A205A0000F601520160016E01F601DE
:1048A0007C01F60189019401F6019F01AA01B5017D
:1048B000F601C001F6013B3A205A2000CB01D60197
:1048C000E101F601EC01247F8C93249F9285F3791A
:1048D000B10580076C03248F9285648F8C3A205A2F
:1048E00040008C938007600324579093249792850F
:1048F000F251B10580075003248792856487909315
:104900008007A33A205A6000440324779293247FBF
:104910009285EF71B10580073403249F9285649FCF
:10492000929380072803248F2A3A205A8000969376
:1049300024579285EA89B105800718032497928548
:104940006497969380070C0324879A932477813A7F
:10495000205AA0009285EE81B1058007FC02247FD9
:104960009285647F9A938007F002249F9E93248F00
:104970009285F1999A3A205AC000B1058007E00269
:104980002457928564579E938007D4022497A0935E
:1049900024879285F091B10580075E3A205AE000A5
:1049A000C402247792856477A0938007B802247F9D
:1049B000A493249F9285F379B1058007A802248FE0
:1049C000253A205B00009285648FA49380079C02A7
:1049D0002457A89324979285F251B10580078C0241
:1049E000248792856487DC3A205B2000A8938007A7
:1049F00080022477AC93247F9285EF71B105800704
:104A00007002249F9285649FAC938007DB3A205B01
:104A100040006402248FB49324579285EA89B1053B
:104A200080075402249792856497B49380074802C4
:104A30002487BD3A205B6000B69324779285EE818F
:104A4000B10580073802247F9285647FB693800782
:104A50002C02249FB893248FE83A205B8000928533
:104A6000F199B10580071C02245792856457B893C9
:104A7000800710022497BC9324879285F0918B3A8B
:104A8000205BA000B105800700022477928564773F
:104A9000BC938007F401247FC093249F9285F3790F
:104AA000B1058007D53A205BC000E401248F9285D0
:104AB000648FC0938007D8012457C49324979285AC
:104AC000F251B1058007C8012487D83A205BE00085
:104AD00092856487C4938007BC012477C893247FA0
:104AE0009285EF71B1058007AC01249F9285649F88
:104AF000313A205C0000C8938007A001248FCC933A
:104B000024579285EA89B105800790012497928500
:104B10006497CC938007693A205C20008401248745
:104B2000D09324779285EE81B10580077401247FAC
:104B30009285647FD09380076801249F4B3A205C64
:104B40004000D493248F9285F199B10580075801D4
:104B5000245792856457D49380074C012497D893A7
:104B600024879A3A205C60009285F091B105800715
:104B70003C01247792856477D89380073001247FA5
:104B8000DA93249F9285F3790C3A205C8000B1057A
:104B900080072001248F9285648FDA9380071401A7
:104BA0002457DC9324979285F251B1058007A43AEB
:104BB000205CA0000401248792856487DC93800731
:104BC000F8002477E093247F9285EF71B105800788
:104BD000E800249F343A205CC0009285649FE093F3
:104BE000E56D248FE49324579285EA89896D249793
:104BF00092856497E493B5652487B73A205CE0001A
:104C0000E69324779285EE81D95D247F9285647F37
:104C1000E693855D249FEA93248F9285F199A955A7
:104C20004A3A205D0000245792856457EA93D54D97
:104C30002497EC9324879285F091F9452477928507
:104C40006477EC93A545E63A205D2000247FEE933F
:104C5000249F9285F379C93D248F9285648FEE93CA
:104C6000F5352457F29324979285F251763A205DD8
:104C700040009935248792856487F293C52D247767
:104C8000F693247F9285EF71E925249F9285649F96
:104C9000F6939F3A205D60009525248FF893245762
:104CA0009285EA89B91D249792856497F893E51552
:104CB0002487FA9324779285143A205D8000EE8150
:104CC0008915247F9285647FFA93B50D249FFE9306
:104CD000248F9285F199D905245792856457373AE4
:104CE000205DA000FE930C9710006192FA052487C6
:104CF0006486E081BA05BFFF42F564078E85B50D75
:104D00000C771000303A205DC0006172FA05247FF4
:104D10006486E079BA05BFFF28F532020002E45745
:104D20008D85245E2C97F45740021C3A205DE000EC
:104D3000CA592B670D0064676286016A4B6F1100C8
:104D40004B071000BFFF1AA21E021902C8008900FB
:104D5000903A205E0000E4EF8B8507D008D806C8A3
:104D600009E0BFFF90F46352BA050352A54D41EA32
:104D7000DD006AEAA6052D3A205E200000E8E4770F
:104D80008D85EEE9EA050332BFFF76F40352C53D97
:104D90000132BFFF6CF4245E2C97E47F9A3A205EC8
:104DA00040008B85F47F4002CB796FCF0100E48710
:104DB0008B85F4874002CB8170D70500E48F8B850B
:104DC000F48F243A205E60004002CB8971DF0D0031
:104DD000E4978B85F4974002CB9152E70800E49F5B
:104DE0008B85F49F4002CB996E3A205E800053077A
:104DF0001100E4578B85F4574002CB514A0710004D
:104E000024678A854162CC006A6264678A85933A26
:104E1000205EA000B60564078A85BFFFF6F337025F
:104E2000000264078A8564078C8544078885045AD4
:104E300024662C97D23A205EC00000700E68ED6E9A
:104E40001400CC694D5F11004D07100041726A7269
:104E5000E6F5BFFF36A11E027F00793A205EE00032
:104E60000F02200EE803E137820220E63C0006D85C
:104E7000FC378232BFFF94EB8A004457F4871B3023
:104E8000AD3A205F0000FC3782028600FC3780329A
:104E9000BFFF7EEB4457F5875CD89B005CD89B0036
:104EA000FCDF80DA1B30033A205F2000BFFF68EB95
:104EB0004457F6874407F7872457F5872D020002E9
:104EC000860064320650AB1D4A000500BE3A205FE2
:104ED000400009000D00110015000432BFFF567F8D
:104EE00085150030BFFF4E7FC50D0132BFFF467FE5
:104EF000850DCD3A205F60000332BFFF3E7FC505C0
:104F00000232BFFF367F1E0205020457B685E0510C
:104F1000EA4D26067C4E0000E53A205F800006E858
:104F2000BFFF2EF364528A0D20463200003800483D
:104F30001D30BFFF66FE073280FF02426852AA3A68
:104F4000205FA0008A152606014F000006E8BFFF7B
:104F500006F364528A0D20463200003800481D30A6
:104F6000BFFF3EFE753A205FC0000C3280FFDA4181
:104F70006D528A152606FA4E000006E8BFFFDEF2E3
:104F800064528A0D2046320000387E3A205FE000ED
:104F900000481D30BFFF16FE2036110080FFB041D3
:104FA0000A06EEFF8A152606914E000006E8BFFFAE
:104FB000103A20600000B2F264528A0D204632009E
:104FC000003800481D30BFFFEAFD2036290080FF71
:104FD0008441E0510A60273A206020009235200E7B
:104FE0002A00E1610C58D2050B06D5FFA2159545A4
:104FF0002606834E000006E8BFFF74F23F3A2060A9
:10500000400064529A3D20463200003800481D306E
:10501000BFFFACFD95352606244F000006E8BFFF14
:1050200054F28C3A2060600064529A2D206E2B005E
:10503000446FB68520463200003800481D30BFFF5F
:1050400084FD0332BFFFB6FEB13A20608000A51D8B
:105050000477B6850E06D5FFDA152606C94E000080
:1050600006E8BFFF1CF26452DA0D4407B685913A98
:105070002060A00020463200003800481D30BFFFED
:1050800050FD0132BFFF82FE2036250080FFE44044
:10509000E0510A60463A2060C0009235200E26009A
:1050A000E1610C58D2050B06D9FFA21595452606DD
:1050B0008A4E000006E8BFFFD4F1393A2060E000D4
:1050C00064529A3D20463200003800481D30BFFF30
:1050D0000CFD953526061D4F000006E8BFFFB4F114
:1050E000343A2061000064529A2D207E2700447FCC
:1050F000B68520463200003800481D30BFFFE4FC72
:105100000432BFFF16FE343A20612000A51D04873B
:10511000B6851006D9FFDA152606C94E000006E846
:10512000BFFF7CF16452DA0D4407B6857B3A2061FB
:10513000400020463200003800481D30BFFFB0FC60
:105140000132BFFFE2FD2606014F0000BFFF56F10E
:1051500063526A3A20616000BA05BFFF92F12606E9
:10516000FA4E0000BFFF44F16352BA05BFFF80F161
:105170002606914E0000BFFF4C3A2061800032F1BC
:105180006352BA05BFFF6EF12606834E0000BFFFD3
:1051900020F16352BA05BFFF5CF12606244F613A45
:1051A0002061A0000000BFFF0EF16352BA05BFFFEF
:1051B0004AF126068A4E0000BFFFFCF06352BA0592
:1051C000BFFF38F1AC3A2061C00026061D4F000039
:1051D000BFFFEAF06352BA05BFFF26F12606C94EAB
:1051E0000000BFFFD8F06352BA05093A2061E00021
:1051F000BFFF14F123028A07E1F0A4679985E061FB
:10520000A20D6C620C58A26D6D5ABA058007DC13B2
:10521000FF3A2062000080077C142056FF004457AC
:105220000094C4872C87C48F2C87C4972C87C49F75
:105230002C87016A446F7D3A206220009D850372AD
:105240004477CC9444770098440701986407F98721
:105250000232BFFFFCFC047FA785E079983A206208
:105260004000BA054407AC8520365600013ABFFF1E
:1052700006E5048714886182FA0DC4072C87C40FE1
:105280002C875E3A2062600020365700013ABFFF4B
:10529000ECE4048F1488448FAB85B505C4872C8754
:1052A0004407A985243639832F3A2062800006E816
:1052B000BFFF2EF06452CA0D014A444F3D832706BA
:1052C000504F00002046F4011D30BFFF5EFB7E3AC8
:1052D0002062A0001D30BFFF0EF062520A58D205B6
:1052E000635AA20D8007CC13BFFF40F00C9A449F75
:1052F00099858007FA3A2062C000BE13BFFF32F0E2
:105300008007B61384670194E061920D62620C58C5
:10531000E2050B0601FFB205C407BB3A2062E000BC
:105320002C87BFFFC6B10A06CAFEBE0580074E0124
:10533000C4CF2C87BA0580078001A467AB85E061E4
:10534000BC3A20630000B21561620C58E235625A23
:10535000F265C48F2C874407948820365600013AA2
:10536000BFFFB4E4C487703A206320002C87800715
:10537000540104770094E071CA0DC48F2C87440750
:10538000948820365600013ABFFF92E40F3A20631A
:105390004000800736012436468306E8BFFF66EFEB
:1053A0006452B20580072401027A447F4A832706AB
:1053B000504F6A3A2063600000002046E803014A2B
:1053C0001D30BFFF90FA80070801845F0194625A84
:1053D000EA152436468306E8183A20638000BFFFAA
:1053E00030EF6452B2058007EE00014A444F4A8311
:1053F0002706504F00002046E8031D30BFFF6B3AE0
:105400002063A0005CFAA56D615ABA0DC48F2C8789
:105410004407948820365600013ABFFF18E4E55D42
:10542000E059CA5D433A2063C000C48F2C87C4870B
:105430002C874407948820365600013ABFFFFCE3CE
:105440008555845F0194615ACA15E23A2063E000F1
:105450002436468306E8BFFFCAEE6452DA45014AA5
:10546000444F4A832706504F00002046E8031D3072
:105470002C3A20640000BFFFFAF9953D625ABA0D3C
:10548000C48F2C874407948820365600013ABFFF0A
:10549000B6E3D52DE059903A20642000BA2DC48F90
:1054A0002C87C4872C874407948820365600013AFD
:1054B000BFFF9AE3F51DBFFF6EB00A06EA3A20640B
:1054C0004000E3FEAE1DC4CF2C87FA15049F009464
:1054D000449F948820365700013ABFFF76E3E0519D
:1054E000CA0DFE3A20646000013A443F9488203699
:1054F0005600BFFF64E3E051BA05C40F2C8720EECD
:105500002500845F7D8EFD59A43A20648000CA7511
:10551000C4C7F8879225047FC294447F25830487FB
:10552000C39444872683048FC494448F2783FA3A14
:105530002064A0000497C5942436218344972883CF
:1055400006E0BFFF02EE6452AA0D2706774F000067
:105550002046B004563A2064C000014A1C30BFFF08
:1055600036F9C4C7F8879225049FC294449F3583B7
:10557000046FC394446F36830477323A2064E000AA
:10558000C49444773783047FC59424363183447FA1
:10559000388306E0BFFFBCED6452AA0D27067D4F9D
:1055A000B43A2065000000002046B004014A1C30D7
:1055B000BFFFF0F8C4C7F88792250487C2944487D8
:1055C0002D83048FC3941D3A20652000448F2E83C1
:1055D0000497C49444972F83049FC5942436298349
:1055E000449F308306E0BFFF76ED6452023A2065A7
:1055F0004000AA0D27067A4F00002046B004014A59
:105600001C30BFFFAAF824367199043A204E0C01D1
:105610000740193A2065600080FF4A34845F7D8E20
:105620000B06E0FFBA0580075804FD59B205800754
:105630005804847795850E76153A20658000DFFF43
:105640006372B305800752034E0004000800920005
:105650001C014407958580074003C4EF7A8EC13A48
:105660002065A000BA058007060184677598656209
:10567000820D67620C58F23D685AB2058007F0004F
:1056800024363E83D93A2065C00006E0BFFFEEEC29
:1056900064528A750487019861829A154407618370
:1056A000014A444F628324365D83A63A2065E000B8
:1056B0002706504F00002046B004BFFF10F84407F3
:1056C0000198245F61985F5A645FFD970B98989AE0
:1056D000AA3A20660000449F42830B68906A446F98
:1056E00043830B70887244774483445F4583270665
:1056F000504F00002046583A20662000DC05014A41
:105700001C30BFFFD4F74407A785D53D2436FE8261
:1057100006E0BFFF7AEC6452EA35047F943A2066D3
:1057200040000198617A9A1544076183014A444F09
:10573000628324365D832706504F00002046B00464
:10574000BFFF473A206660009CF744070198245F3A
:1057500061985F5A645FFD970792449702830B98A4
:10576000989A449F03830B686D3A20668000906A84
:10577000446F04830B70887244770583445F06830B
:105780002706504F00002046DC05014A1C30383AFD
:105790002066A000BFFF5AF74407A78544079685F7
:1057A00080072C02C4EF7A8EBA0580070601846751
:1057B000CD9865621A3A2066C000820D67620C5867
:1057C000F23D685AB2058007F00024363E8306E0B9
:1057D000BFFFDAEB64528A75047F233A2066E0004B
:1057E0000198617A9A1544076183014A444F6283A4
:1057F00024365D832706504F00002046B004BFFFCB
:10580000A73A20670000FCF644070198245FB99886
:105810005F5A645FFD970B909892449742830B9870
:10582000909A449F4383E43A206720000B68886A7B
:10583000446F4483445F45832706504F0000204651
:10584000DC05014A1C30BFFFC0F64407A63A2067BA
:105850004000A785D53D2436FE8206E0BFFF66EBFB
:105860006452EA350477019861729A15440761839E
:10587000014A473A20676000444F628324365D83C3
:105880002706504F00002046B004BFFF88F64407AB
:105890000198245FB9985F5AD43A20678000645F0A
:1058A000FD97078A448F02830B9098924497038355
:1058B0000B98909A449F04830B68886A446F443A1B
:1058C0002067A0000583445F06832706504F000031
:1058D0002046DC05014A1C30BFFF46F64407A78579
:1058E00044079785A33A2067C00080071801C4EFDA
:1058F0007A8EBA0580070A01846725996562820D50
:1059000067620C589245685AB205913A2067E000E8
:105910008007F40024363E8306E0BFFFC6EA6452E7
:10592000B2058007E2000477019861729A15440776
:10593000F83A206800006183014A444F62832436AC
:105940005D832706504F00002046B004BFFFE4F5FA
:1059500044070198245FB33A2068200011995F5AE8
:10596000645FFD970B88988A448F42830B909092D6
:10597000449743830B98889A449F4483843A2068D1
:105980004000445F45832706504F00002046DC0559
:10599000014A1C30BFFFA8F54407A785D53D243632
:1059A000FE82653A2068600006E0BFFF4EEA64525E
:1059B000EA35046F0198616A9A1544076183014AC8
:1059C000444F628324365D83B53A20688000270601
:1059D000504F00002046B004BFFF70F54407019807
:1059E000245F11995F5A645FFD97078244877A3A72
:1059F0002068A00002830B88988A448F03830B9051
:105A00009092449704830B98889A449F0583445F3F
:105A1000068327069D3A2068C000504F00002046AC
:105A2000DC05014A1C30BFFF2EF54407A78544075B
:105A300098850532BFFFEE752436C93A2068E0002C
:105A4000FA82BFFFCEE962520A58C205635AB20D0C
:105A5000C50DC4C72C87CA0501724477A885BFFF4E
:105A6000563A20690000F6E9B505BFFFF0E9243693
:105A70000783BFFFA4E962520A58C205635AA235E0
:105A8000B535C4C72C877F3A20692000BA2D033270
:105A9000BFFFF893D8526457B4850432BFFFEC932C
:105AA0002497B4854056FF0012516457BA3A2069D2
:105AB0004000B4850532BFFFD893C852246FB48527
:105AC000CA5600FF0D516457B4850632BFFFC2931A
:105AD0002477613A20696000B4850A71CE0064774A
:105AE000B485E071E27F0000427A447FA885BFFF61
:105AF0007EE9B505BFFF78E9253A206980002436A4
:105B0000FE82BFFF2CE962520A58C205635AD205D1
:105B1000E505BFFF60E9B505BFFF5AE92436D33A72
:105B20002069A0003E83BFFF0EE962520A58C205F9
:105B3000635AD205E505BFFF42E9B505BFFF3CE961
:105B400020862500B53A2069C00044879485D50594
:105B5000A437A585BFFFFE7424977286E091B20535
:105B600080076E02208EF401648F5C3A2069E000A9
:105B70007286C4C72C87AA6D845F0194E059E21530
:105B8000625ACA652436468306E0BFFFB6E864520F
:105B90009C3A206A0000DA5D014A444F4A83270696
:105BA000504F00002046E8031C30BFFFE6F3955538
:105BB0008477A9856372AC3A206A2000BB4D4E0001
:105BC00004001500290045002436FA8206E0BFFFD4
:105BD0007EE864529A452706504F0000383A206A02
:105BE00040002046E803014A1C30BFFFB2F3F53500
:105BF0002436078306E0BFFF5CE864528A350582DD
:105C000044872E3A206A60000B8327066B4F000002
:105C10002046B004014A1C30BFFF8AF3B525243664
:105C2000FE8206E0BFFF34E8413A206A80006452F9
:105C3000CA1D0592449702834407038344070483E3
:105C400044070583440706832706504F00004C3A5B
:105C5000206AA0002046DC05014A1C30BFFF52F339
:105C6000F5050D8A448F9985B5054407A885243626
:105C7000598306C83D3A206AC000BFFFF0E764526E
:105C8000AA0D2706864F00002046E803014A193076
:105C9000BFFF24F32436638306D0E23A206AE00093
:105CA000BFFFD0E76452AA0D2706894F00002046A7
:105CB000E803014A1A30BFFF04F3C4C7F887F24D66
:105CC000CB3A206B0000C4CFF887C24DC4D7F88709
:105CD000924DC4DFF887E24520E643002436F4A263
:105CE00004C22447C9944B3A206B2000046FCC9423
:105CF00006D8636F0100014A634F0500630709007E
:105D000063C70D00243E029463E71100D23A206B72
:105D1000400080FF1C31024A634F0100017A637F1B
:105D20000500243E429463070900004063C70D004C
:105D30001B309B3A206B600063E7110080FFF83056
:105D4000018263870100243E829463870500034A31
:105D500063070900004063C7143A206B80000D0000
:105D60001B3063E7110080FFD430C487F887C48FED
:105D7000F887C497F887C49FF887845F0194EF3A47
:105D8000206BA000625AB205615AFA4D1930BFFF6C
:105D900006E76452AA0D2706864F000020469001B0
:105DA000024A1930713A206BC000BFFF3AF21A3034
:105DB000BFFFEAE66452AA0D2706894F000020467D
:105DC0009001024A1A30BFFF1EF2263A206BE00013
:105DD00024361D8306D8BFFFCAE66452AA0D2706E3
:105DE000744F00002046E803014A1B30BFFFFEF15C
:105DF0005E3A206C00002436D98206E0BFFFAAE696
:105E00006452CA1D4407DD82048FC294448FDE822F
:105E1000046FC394446FAB3A206C2000DF82049F70
:105E2000C494449FE0820477C5944477E1822706B6
:105E30005F4F00002046B004014A1C30353A206C08
:105E40004000BFFFBAF12436198306D8BFFF66E6CB
:105E50006452AA0D2706714F00002046B004014A83
:105E60001B30E33A206C6000BFFF9AF1847F7D8E87
:105E70000F7EDFFF647AB30580075A0480070E00A7
:105E800005000500050005002E3A206C8000050085
:105E9000073280FF18356852BA2D84977D8EFD91A8
:105EA000FA258467019841628C006362A605533A23
:105EB000206CA000016244676B83016A446F6C83AD
:105EC000446700982436678306E0BFFFFAE5645212
:105ED000AA0D2706273A206CC000504F000020462C
:105EE000E803014A1C30BFFF2EF1049FA785619A89
:105EF000DA054407A7854407AC85B43A206CE00076
:105F00000C3280FFBA346D52FA4D84777D8EFD716C
:105F1000BA4DA467019841628C006362A6050060D7
:105F2000C53A206D00004467618301824487628323
:105F30004467019824365D8306E8BFFF9CE5645200
:105F4000AA0D2706504FCD3A206D200000002046B4
:105F5000B004014A1D30BFFFD0F004970198E091D2
:105F6000932524363E8306E0BFFF74E5AE3A206DEC
:105F700040006452AA1D048FC594448F4283046F6D
:105F8000C494446F4383049FC394449F4483047721
:105F9000C294793A206D6000447745832706504FBC
:105FA00000002046E803024A1C30BFFF88F0047F4F
:105FB000A785617ADA054407F13A206D8000A7854C
:105FC0004407AC852036110080FF12340A06EEFF2C
:105FD000BA1D2436468306E8BFFF16E56452CB3A65
:105FE000206DA000CA0D014A444F4A832706504F36
:105FF00000002046E8031D30BFFF46F00497A78548
:106000006192DA055A3A206DC0004407A78544071B
:10601000AC852036290080FFD033E0510A58BA05FC
:106020008007FE00200E2A00E159563A206DE0005C
:106030000B60F205205E2B00EB61E22580071C015E
:106040002436468306E8BFFFBAE464529A15048AF0
:10605000313A206E0000448F4A83206E2A00446F3C
:10606000A9852706504F00002046E803014A1D304D
:10607000BFFFE0EF049F543A206E2000A785619A8D
:10608000B2058007E2004407A7854407AC85800776
:10609000D6008467C39484770398EE61943A206EA7
:1060A0004000BA15047FC39404870398F079DA0D91
:1060B0000497C494048F0498F191FA05046FC59471
:1060C0000457493A206E60000598EA699215440722
:1060D000A98544670298049FC394449F039804775A
:1060E000C49444770498047F983A206E8000C59445
:1060F000447F0598A487A985F059B21D24364683AC
:1061000006E8BFFF1CE46452CA1506924497F13AB0
:10611000206EA0004A83208E2B00448FA98527067D
:10612000504F00002046E803014A1D30BFFF42EFF8
:106130000332BFFF943A206EC00074F0046FA7854D
:10614000616A8A254407A7854407AC85B51D049F6D
:10615000A9851306D5FFEA152436593A206EE000CA
:10616000468306E8BFFFCCE36452FA0D077244771A
:106170004A834407A9852706504F00002046E803BC
:106180001A3A206F0000014A1D30BFFFF6EE20369C
:10619000250080FF9032E0510A58BA058007FE00C2
:1061A000200E2600E159163A206F20000B60F20500
:1061B000205E2700EB61E22580071C012436468320
:1061C00006E8BFFF7AE364529A15207E243A206FD6
:1061D00040002600447FA985038244874A8327061E
:1061E000504F00002046E803014A1D30BFFFA0EEDB
:1061F0000497613A206F6000A7856192B20580071D
:10620000E2004407A7854407AC858007D600846771
:10621000C394848F0398F161403A206F8000BA15CF
:10622000046FC394049F0398F369DA0D0477C49450
:10623000047F0498EF71FA050487C5940457473A20
:10624000206FA0000598EA8192154407A98544674C
:1062500002980497C39444970398048FC494448F7E
:106260000498046F2F3A206FC000C594446F0598BE
:10627000A49FA985EB99B21D2436468306E8BFFF8B
:10628000DCE26452CA1520762700653A206FE000F0
:106290004477A985057A447F4A832706504F00003A
:1062A0002046E803014A1D30BFFF02EE0432BFFF63
:1062B000423A2070000034EF0487A78561828A2566
:1062C0004407A7854407AC85B51D0497A985120628
:1062D000D9FFEA1524362D3A20702000468306E8BF
:1062E000BFFF8CE26452FA0D078A448F4A83440749
:1062F000A9852706504F00002046E803E93A2070A0
:106300004000014A1D30BFFFB6ED2036350080FF4A
:106310005031E0510A58923D200E3600E1590B6091
:10632000E2055A3A20706000205E3700EB61D2151A
:106330009535A45FA785E0599A0D046FAC85E06997
:10634000DA05019A449FA785D93A20708000D525A7
:10635000615ABA254407A7854407AC85E51D8477B3
:10636000AB85EE59A21DA45FA785E0599A0D273A87
:106370002070A000047FAC85E079DA0501824487B3
:10638000A785F505615ADA054407A7854407AC855A
:1063900020963700F63A2070C0004497AA85B505CC
:1063A0004407AA8524361D83BFFFE2E162520A58E2
:1063B000C205635AA22DB52D0332773A2070E00052
:1063C000BFFF3C8C4457C2940432BFFF328C445709
:1063D000C3940532BFFF288C4457C4940632BFFFD4
:1063E000E33A207100001E8CA48FC394846FC39481
:1063F000D08A849FC594D86A0D89C89A13890A895E
:10640000418A648FC994973A20712000C407F887A5
:106410004457C594BFFFCCE1B505BFFFC6E11B30B3
:10642000BFFF7CE162520A58C205635A873A207165
:106430004000D22DE52D0B32BFFFD68B6252BA0D34
:10644000047700946172FA05047F9D85E079BA05AE
:10645000C4875E3A207160002C870B32BFFFB88B77
:10646000445700946252BA0544079D85203629009E
:1064700080FF2430E051BA0DC53A207180002036EB
:10648000250080FF1830E051DA0584370194BFFF02
:10649000A2EDBFFF60E1B505BFFF5AE12436F43A33
:1064A0002071A0002183BFFF0EE162520A58C2058D
:1064B000635AD225E52503EABFFF048C6352F71522
:1064C0001D30BFFFDC3A2071C0005E8B2486029431
:1064D000DD815057FDFF1D96FEFF1206C0FFC60569
:1064E00044074194F50541EA9D00513A2071E000CE
:1064F000BFFFD88BEAE9B6EDC4C7F887B205C40F71
:10650000F887BFFF02E1B505BFFFFCE02436318309
:10651000E23A20720000BFFFB0E062520A58C205A2
:10652000635AD235E53503EABFFFA68B6352F715F0
:106530001D30BFFF008B323A20722000249E42940F
:10654000DD995357FDFF1D8EFEFF1106C0FFC605E6
:1065500044078194F50541EA9D00BFFF713A20721E
:1065600040007A8BEAE9B6EDBFFF728B6452DF0D13
:1065700024373186BFFF68D824373186243E4294C1
:106580004252683A207260000A40BFFFBCD8C4C7BC
:10659000F887B205C417F887BFFF84E0B505BFFFD1
:1065A0007EE024362983BFFF9B3A2072800032E0D0
:1065B00062520A58C205635AD235E53503EABFFF75
:1065C000288B6352F7151D30BFFF828A247E493A1B
:1065D0002072A0008294DD794F57FDFF1D86FEFFDB
:1065E0001006C0FFC6054407C194F50541EA9D00A9
:1065F000BFFFFC8ADA3A2072C000EAE9B6EDBFFFBD
:10660000F48A6452DF0D24373586BFFFEAD724377A
:106610003586243E829442520A40593A2072E00064
:10662000BFFF3ED8C4C7F887B205C41FF887BFFFB5
:1066300006E0B505BFFF00E024365983BFFFB4DF95
:10664000143A2073000062520A58C205635AD215E8
:10665000E515C4DF2C878A0DC41F2C870332BFFFCA
:10666000048A44570198BA3A207320000332BFFFCE
:10667000FA890A30BFFF4E6BBFFFC8DFB505BFFF09
:10668000C2DF24366383BFFF76DF6252A13A2073F4
:1066900040000A58C205635AC23DD53DC4D72C8775
:1066A0008A0DC4172C870332BFFFC6894457009850
:1066B0000332193A20736000BFFFBC896252DA05C9
:1066C0000030BFFFE06AF5050332BFFFAA890A3038
:1066D000BFFFD26A0332BFFFF83A207380009E8961
:1066E000E051AA1D028A448F6B83017244776C8348
:1066F0002436678306E8BFFF18DF6452AA15083AFC
:106700002073A000640772862706504F00002046C1
:10671000E803014A1D30BFFF48EAE505BFFF3CDF43
:10672000B505BFFF8A3A2073C00036DF24364683A2
:1067300006E8BFFFE8DE62520A58C205635AA22586
:10674000B525047F4A83617A8A0D063A2073E000FA
:10675000048700946182CA05019244979D85206E4A
:10676000FF00446F00941B30BFFFB8DE6452AA0DD7
:106770004C3A207400002706714F00002046B004F8
:10678000014A1B30BFFFECE9BFFFE2DEB505BFFFEA
:10679000DCDE24366783483A20742000BFFF90DE99
:1067A00062520A58C205635AD205E505BFFFC4DE2E
:1067B000B505BFFFBEDE24365D83BFFF593A2074A6
:1067C000400072DE62520A58C205635AF205850D16
:1067D000BFFFA6DE6407F987B505BFFF9CDE049FF7
:1067E000A785CB3A20746000619AB2058007180132
:1067F000048FAC85E0899A2D0477C29444772D8765
:10680000047FC394447F2E87343A20748000048729
:10681000C49444872F870497C594449730871D30CC
:10682000BFFF1EDE6452CA15036A446F4A83793A79
:106830002074A0002706504F00002046E803014ABC
:106840001D30BFFF4CE9019A449FAC85248F3989E4
:10685000648FB185D73A2074C00024373989247FEA
:10686000B185AF3180FF3C540A06C0E0F65504877D
:10687000AC856182BA552497F187EB3A2074E00029
:106880001206C0E0F92D046FC294049F2D87F369AE
:10689000BA15048FC394047F2E87EF89DA0D04772D
:1068A000673A20750000C49404572F87EA71FA05EF
:1068B0000487C59404973087F281F2151D30BFFF1D
:1068C00098DD64529A35F33A20752000036A446FCC
:1068D0004A832706504F00002046E803014A1D3036
:1068E000BFFFC6E8249F3989649FB1857F3A207530
:1068F00040008525048FC294047F2D87EF89AA1D4F
:106900000477C39404872E87F071CA150497C49442
:10691000046F6A3A207560002F87ED91EA0D0457E5
:10692000C594049F3087F3518A0D4407A785440717
:10693000AC85B5054407AC85CE3A20758000243679
:10694000D982BFFF2CDD62520A58D205635A9225C4
:106950008007EA000732BFFF8487CA8E0100423AEF
:106960002075A000618ADA05067A447FCC949515DB
:106970000732BFFF6E87CA761000200E1000E1714B
:10698000DA050482833A2075C0004487CC94C5059B
:1069900003924497CC94BFFF28DDE555BFFF22DD6D
:1069A000B555246F7286E069FA4D073A2075E0000C
:1069B000209EF401649F7286440702944407429427
:1069C00004DA4407829420EE43002436F4A2048FB4
:1069D000C83A20760000CC940040638F0100014A41
:1069E000634F050063070900243E029463DF0D0036
:1069F00006E063EF1100D23A2076200080FF3C26AB
:106A0000024A634F0100018263870500243E4294DD
:106A1000630709001C3063DF0D000040723A2076E6
:106A2000400063EF110080FF182601926397010078
:106A3000243E829463970500034A630709000040DF
:106A400063DFC33A207660000D001C3063EF110055
:106A500080FFF42524367199204E0C011B381B4011
:106A600080FF32234A06FFF0163A20768000245732
:106A7000119924672199EC51D915245F1999415234
:106A800064571199EB51C30D0B6E0100646FCF3A3F
:106A90002076A00019992477159941726477159989
:106AA0000552C5050050A50504527F0024571199D1
:106AB00024671D993D3A2076C000EC51D315245F20
:106AC00015995F5264571199EB51C90D0B6EFFFF79
:106AD000646F1599247719995F72163A2076E00051
:106AE000647719990352C5050152A50502527F002A
:106AF0008A07E110440795854407968544079785E2
:106B00005A3A20770000845799856B52B305800765
:106B10009C084A000C0026004B04D90054014B0489
:106B200026024B044B04C23A20772000C402D6024E
:106B3000430444079C85048794851006DDFFEA051D
:106B4000018A448F988580076A08A45FFC3A207701
:106B50004000A585645AEA0501924497988580070C
:106B600058080B30BFFF766780074E08049F948556
:106B70001306583A20776000DDFFB2058007F60063
:106B8000055244572499017A647F1199647F1599BD
:106B9000647F1999647F1D99833A20778000243699
:106BA0000C83647F219906E8BFFF26DB64529A2D8F
:106BB0000487CC9844871083245FB9985F5A5F3A62
:106BC0002077A000645FFD970B9098924497118303
:106BD0000B98909A449F12830B78887A447F138392
:106BE000445F1483E13A2077C000440715834407CB
:106BF000168344071783014A444F188327066E4FB4
:106C000000002046DC051D30BFFF483A2077E00039
:106C10001CE61D30BFFFCCDA62520A58D205635A17
:106C200092358007B2070732BFFF8A842436F8A066
:106C30002E3A20780000078263870100004863072E
:106C400005000040248F21990A38638F09000692BD
:106C500063970D00209EF63A207820004300639F42
:106C6000110080FF3624BFFF8E8507320AE8BFFF80
:106C70005084243E25991D46F9FF0A30D63A2078E3
:106C80004000BFFFDED2BFFFB0DA037A447F9885B1
:106C900080075607BFFFA2DA80074E07245F2199BD
:106CA0002467533A207860001999EB61B915246F75
:106CB00015992477119964671999646F1599EE698C
:106CC000920D416A4162EB61283A20788000F1F52B
:106CD00064671999646F15992436F8A0243FE585F7
:106CE0000782638701000040630705000048DA3A25
:106CF0002078A000635F0900068A638F0D0020964C
:106D000043006397110080FFAA23039A449F98854C
:106D10008007E8060C3A2078C000047F94850F06AF
:106D2000DDFF9A2D2436FE8206E8BFFFE0D96452CB
:106D3000CA4D245FB9985F5A645FF83A2078E00042
:106D4000FD97048FCC98448F02830B9098924497C0
:106D500003830B98909A449F04830B78887A447F2E
:106D6000003A207900000583445F06832706504FD0
:106D700000002046DC05014A1D30BFFFE6E4B52DCA
:106D8000845F2599655A3E3A20792000A225675AEA
:106D900082252436FE8206E8BFFF84D96452EA1DAC
:106DA0000487249944870283208EFF00333A207998
:106DB0004000448F0383448F0483448F0583448FB2
:106DC00006832706504F00002046DC05014A1D308F
:106DD000BFFF543A207960009CE4E5050492449793
:106DE000988524EEFE821D30BFFF40D962520A58BA
:106DF000D205635AB2158007613A207980002606D1
:106E00000332BFFF9883E051D2050030BFFF2864F2
:106E1000C505049A449F9885BFFF5AD980074B3A0D
:106E20002079A00006060030BFFF1264BFFF4CD9D6
:106E3000047A447F98858007F2052436078306E8A4
:106E4000BFFFF4D83C3A2079C00064528A15048709
:106E5000249944870B8327066B4F00002046B0041B
:106E6000014A1D30BFFF20E444070B3A2079E000BF
:106E7000A4851D30BFFFCCD862520A58F205635A70
:106E8000BA05800760018007AE050432BFFFCC64FD
:106E9000E03A207A00002437119924971599B231ED
:106EA00041328600BFFFE063209E2400449F94850A
:106EB000047A447FA585D23A207A20000332BFFFAE
:106EC000FA82D852645721990432BFFFEE82D05221
:106ED000400EFF00248F219941511151043A207A2C
:106EE0004000645721990532BFFFD682C852247FE3
:106EF0002199CA5600FF0F51645721990632BFFFEE
:106F0000C082C13A207A6000248F21990A89648F57
:106F10002199E089BB058007C600246F7D8EC26A77
:106F20009A6A0D66FFFF247F013A207A800021993A
:106F3000EF619915249F159944071583440716831B
:106F400044071783446718831358CD995E9A023A11
:106F5000207AA000649F1999F51D0332BFFF748247
:106F6000445715830432BFFF6A82445716830532A3
:106F7000BFFF6082F83A207AC00044571783063278
:106F8000BFFF5682445718830632BFFF4C822487C6
:106F900015991058CA815F826487D13A207AE0003F
:106FA0001999048F2499448F10830B96FFFF6497DF
:106FB000FD9712789892449711830F98907A447FA6
:106FC000593A207B000012831360889A449F1383F0
:106FD0004467148306524457988524872199200ECC
:106FE000FE00E181E305953A207B20002036FF007A
:106FF000BFFF92629515E4372199BFFF8862C50DE6
:107000000B92449798856407119900306B3A207B66
:107010004000BFFF76620030BFFFA862BFFFAAD763
:1070200080075604BFFFA2D780074E0424360C8386
:1070300006E8903A207B6000BFFF50D76452AA0D4B
:1070400027066E4F00002046DC05014A1D30BFFFB9
:1070500084E21D30BFFF34D7B03A207B80006252FB
:107060000A58F205635ABA058007FE008007160425
:107070000332BFFF8881D85264576D990432193AA0
:10708000207BA000BFFF7C81D052400EFF002487F0
:107090006D994151105164576D990532BFFF64815C
:1070A000C8522497873A207BC0006D99CA5600FFCA
:1070B000125164576D990632BFFF4E81247F6D993E
:1070C0000A79647F6D990732BFFF8B3A207BE0001D
:1070D000A48020EE43002436F8A024476D99039243
:1070E000844FA58506D86397010006E26307050073
:1070F000EB3A207C00004142248F21990A38638FAB
:107100000900414A63E70D00890063EF110080FF29
:107110004420845FA585793A207C2000415A8B0069
:1071200024871999249F1599B3814182F059D1255B
:107130004407A4850992449798856407A83A207C5F
:1071400040007686078A638F010063070500243EAE
:107150002599245721991B3063570900004863E79C
:107160000D00333A207C6000004063EF110080FF87
:10717000F61F017A447F9E8564077486BFFF80D620
:1071800080072C03445FA485713A207C8000BFFFF8
:1071900052E1800720030030BFFF2C61BFFF66D69D
:1071A000800712032436F0A4033A0642204E573AD1
:1071B000207CA000920180FF081DC4EF7A8EB205EA
:1071C0008007F8020A9A449F98858007EE02C4EF70
:1071D0007A8EBA05053A207CC000800706018467D4
:1071E00025996562820D67620C58F23D685AB205B6
:1071F0008007F00024363E8306E8C23A207CE00097
:10720000BFFFD0D564529A350487019861829A15E0
:1072100044076183014A444F628324365D83270615
:107220008D3A207D0000504F00002046B004BFFF83
:10723000F2E044070198245F11995F5A645FFD975B
:107240000B78987A447FA13A207D200042830B98E6
:10725000909A449F43830B80888244874483445F91
:1072600045832706504F00002046DC05633A207D09
:107270004000014A1D30BFFFB6E04407A785D53D59
:107280002436FE8206E8BFFF5CD56452CA350497F7
:1072900001980E3A207D600061929A15440761833F
:1072A000014A444F628324365D832706504F000015
:1072B0002046B004BFFF7EE0333A207D80004407C3
:1072C0000198245F11995F5A645FFD97079A449F64
:1072D00002830B809882448703830B909092063A36
:1072E000207DA000449704830B88888A448F0583FF
:1072F000445F06832706504F00002046DC05014A04
:107300001D30BFFFCC3A207DC0003CE04407A7857C
:10731000247F7686E0799A0D2436F0A4033A06425B
:10732000204E920180FFD01B049FF03A207DE000A8
:107330009C85E0999A3DC4EF7A8EEA3520362D007F
:1073400080FFAC236152EA15018244879E85BFFF0E
:10735000863A207E0000BAF86352DA05019244971B
:107360009C85D52524371199247F1599AF31413259
:107370008600BFFFD25F753A207E2000B51D203603
:10738000310080FF76236152DA15019A449F9E8571
:10739000BFFF4CF86552DA0501824487A83A207E87
:1073A00040009C85A50D24371199247F1599AF3194
:1073B00041328600BFFF9C5F048F9E85E089BA053D
:1073C00064071E3A207E60007486249F748613062C
:1073D000A8FDA90D44079E8504579C85E051CA0568
:1073E000028244879C85047FFA3A207E80009C8537
:1073F000E079823524360C8306E8BFFF24D464523A
:107400009A2D0497249944971083245F1199B43AD4
:10741000207EA0005F5A645FFD970B98989A449F66
:1074200011830B809082448712830B78887A447F83
:107430001383445FE83A207EC00014834407158319
:107440004407168344071783014A444F18832706CD
:107450006E4F00002046DC051D30683A207EE000BB
:10746000BFFF1ADF24360C83BFFFC8D362520A580D
:10747000C205635AD24DF5554407A68504979C85ED
:10748000543A207F000062928A150732BFFF7C7D4C
:107490000A30BFFFAECB0A06E0FFD605018A448F53
:1074A000A685B5054407153A207F20009C85049FDA
:1074B0009C85E09982350732BFFF567D244F119994
:1074C0002436F8A0247F15990940AF49C13A207F9E
:1074D0004000039263970100414A048FA6850A3851
:1074E000638F05000652249F2199207E4300639FED
:1074F00009004E3A207F600063570D008900637FCA
:10750000110080FFF21CE051CA0D44079C8524370E
:10751000119924971599B2316C3A207F800041323D
:107520008600BFFF6A5EBFFF6CD3C50DBFFF66D389
:10753000950D2436F0A4033A0642204E9201863A75
:10754000207FA00080FF0A1A4A06FF102457B9982E
:107550002467C998EC51D915245FC19841526457EA
:10756000B998EB51253A207FC000C30D0B6E010086
:10757000646FC1982477BD9841726477BD980552B5
:10758000C5050050A50504527F00683A207FE00041
:107590002457B9982467C598EC51D315245FBD983A
:1075A0005F526457B998EB51C90D0B6EFFFF646FC2
:1075B000B73A20800000BD982477C1985F72647745
:1075C000C1980352C5050152A50502527F008A07E2
:1075D000E110440795853C3A2080200044079685B9
:1075E00044079885A45797856B52B30580074809CF
:1075F0004A000C001300A104DE007901A83A2080A3
:107600004000A1045402A104A10408031A03990430
:1076100001824487978544079C8580072009048F51
:107620009485E43A208060001106DEFFB2058007F1
:107630002601849775985F9267929B1D52000800FF
:107640000C00100017001700393A20808000140049
:107650001700170005524457CC98C50D037A447F94
:10766000CC98850D05824487CC98C505038A333AAA
:107670002080A000448FCC9824360C8306E8BFFFFE
:1076800006D264529A2D0497749844971083245F0D
:1076900061985F5A553A2080C000645FFD970B786F
:1076A000987A447F11830B809082448712830B88E1
:1076B000888A448F1383445F1483183A2080E00043
:1076C000440715834407168344071783014A444F30
:1076D000188327066E4F00002046DC051D30BFFFD3
:1076E0001F3A20810000FCDC1D30BFFFACD162528C
:1076F0000A58C205635AF22D85350732BFFF6C7BED
:107700002436FC9E0792213A2081200063970100D5
:107710000048630705000040249FC9980A38639F0A
:107720000900067A637F0D0020864300843A208199
:1077300040006387110080FF181BBFFF707C073279
:107740000AE8BFFF327B243ECD981D46F9FF0A3080
:10775000BFFF183A20816000C0C9BFFF92D1038AE1
:10776000448F9785B505BFFF86D101926497B9987C
:107770006497BD986497C198873A20818000649788
:10778000C5986497C9988007F007245FC19824774B
:10779000C998EE59B9152467BD98246FB998FC3A79
:1077A0002081A000645FC1986467BD98ED61920D6F
:1077B0004162415AEE59F1F5645FC1986467BD9822
:1077C0002436FC9EFB3A2081C000243ECD98079AC7
:1077D000639F0100004063070500004863770900CC
:1077E000067A637F0D0020864300023A2081E00084
:1077F0006387110080FF781A038A448F978580077A
:107800008A07049794851206DEFF9A2D2436FE829D
:10781000953A2082000006E8BFFFAED06452CA4D00
:10782000245F61985F5A645FFD97047F7498447F7A
:1078300002830B8098825F3A208220004487038372
:107840000B88908A448F04830B9088924497058319
:10785000445F06832706504F00002046703A20827E
:107860004000DC05014A1D30BFFFB4DBB52D845F4D
:10787000CD98655AA225675A82252436FE8206E8ED
:10788000BFFFBA3A2082600052D06452EA1D049FC2
:10789000CC98449F0283207EFF00447F0383447F73
:1078A0000483447F0583447F723A208280000683EC
:1078B0002706504F00002046DC05014A1D30BFFF5F
:1078C0006ADBE50504824487978524EEFE82BE3A92
:1078D0002082A0001D30BFFF0ED062520A58C205A0
:1078E000635A9215851D0332BFFF687AE051D205B5
:1078F0000030BFFF273A2082C000F85AC505048A2D
:10790000448F9785BFFF2AD0950D0030BFFFE45A02
:10791000BFFF1ED0049244979785463A2082E0002C
:107920001D30BFFFCECF62520A58D205635AB2153E
:10793000800788060332BFFF267AE051D205003067
:10794000853A20830000BFFFB65AC505049A449FBC
:107950009785BFFFE8CF800768060030BFFFA05AB9
:10796000BFFFDACF047AF13A20832000447F978565
:10797000800754062436078306E8BFFF82CF64528F
:107980008A150487CC9844870B832706D23A208334
:1079900040006B4F00002046B004014A1D30BFFF7D
:1079A000AEDA4407A4851D30BFFF5ACF62520A5891
:1079B000F205B63A20836000635ABA058007720167
:1079C000800710060332BFFF5A5B2437B99824970B
:1079D000BD98B23141328600AA3A20838000BFFFB1
:1079E0006E5A209E2300449F948503324437A58518
:1079F000BFFF8A79D8526457C9980432BFFFA53AAD
:107A00002083A0007E79D052400EFF00248FC998B9
:107A1000415111516457C9980532BFFF6679C85268
:107A2000247FC998413A2083C000CA5600FF0F51F5
:107A30006457C9980632BFFF5079248FC9980A89C4
:107A4000648FC998E089BB058007983A2083E000DD
:107A5000C600246F7D8EC26A9A6A0D66FFFF247F7E
:107A6000C998EF619915249FBD9844071583440771
:107A7000303A208400001683440717834467188334
:107A80001358CD995E9A649FC198F51D0332BFFFCC
:107A9000047944571583BE3A208420000432BFFF86
:107AA000FA78445716830532BFFFF078445717839E
:107AB0000632BFFFE6784457188306324E3A2084D8
:107AC0004000BFFFDC782487BD981058CA815F82D0
:107AD0006487C198048FCC98448F10830B96FFFF66
:107AE00064973B3A20846000FD97127898924497FF
:107AF00011830F98907A447F12831360889A449F71
:107B00001383446714830652943A208480004457B8
:107B100097852487C998200EFE00E181E305203671
:107B2000FF00BFFF2259B51DE437C998BFFF093ACE
:107B30002084A0001859E515845FCD98635AF20D92
:107B4000655A8A150B92449797850030BFFFFE58FF
:107B50006407B9985B3A2084C0000030BFFF2C59FD
:107B6000C505057A447FCC98BFFF26CE8007A604C2
:107B7000BFFF1ECE80079E042436A93A2084E00071
:107B80000C8306E8BFFFCCCD6452AA0D27066E4FCA
:107B900000002046DC05014A1D30BFFF00D91D3022
:107BA0008E3A20850000BFFFB0CD62520A58F20520
:107BB000635ABA0580072A01800766040332BFFFB3
:107BC0000478D8526457A03A208520006D99043279
:107BD000BFFFF877D052400EFF00248F6D994151BE
:107BE000115164576D990532BFFFE077A93A20859E
:107BF0004000C852247F6D99CA5600FF0F51645748
:107C00006D990632BFFFCA77249F6D990A99649FC8
:107C10006D996C3A208560008467CD986362F205A7
:107C200065620C58820D685AA20DC50D028A448FF8
:107C30007099850D03824487A83A20858000709949
:107C4000C505047A447F70990732BFFFF676243663
:107C5000FC9E24476D99844FA5854142048FE33AE9
:107C60002085A000709906D8638F010020EE4300A4
:107C70006307050006E22487C9980A38638709006C
:107C8000414A63E7233A2085C0000D00890063EF75
:107C9000110080FF9416845FA585415A8B002497BC
:107CA000C198249FBD98B3914192033A2085E0008A
:107CB000F259D1254407A485098A448F9785640722
:107CC000768607826387010063070500243ECD980E
:107CD000333A208600002457C9981B3063570900A7
:107CE000004863E70D00004063EF110080FF461677
:107CF000017A447F9E85F23A2086200064077486CC
:107D0000BFFFD0CC80075003445FA485BFFFA2D73C
:107D1000800744030030BFFF7C57BFFF513A2086E5
:107D20004000B6CC80073603243680A6023A0642CD
:107D3000204E920180FF5813C4EF7A8EB20580075F
:107D40001C03D13A208660000A9A449F97858007D9
:107D50001203C4EF7A8EBA05800706018467CD98B6
:107D60006562820D67620C58E03A20868000F23D21
:107D7000685AB2058007F00024363E8306E8BFFF4C
:107D800020CC64529A350497019861929A15AD3AC5
:107D90002086A00044076183014A444F6283243651
:107DA0005D832706504F00002046B004BFFF42D736
:107DB00044070198ED3A2086C000245FB9985F5AC5
:107DC000645FFD970B78987A447F42830B98909A72
:107DD000449F43830B9088924497933A2086E00017
:107DE0004483445F45832706504F00002046DC054E
:107DF000014A1D30BFFF06D74407A785D53D24366D
:107E00001F3A20870000FE8206E8BFFFACCB645219
:107E1000CA35048F0198618A9A1544076183014A23
:107E2000444F62832436EF3A208720005D83270683
:107E3000504F00002046B004BFFFCED64407019843
:107E4000245FB9985F5A645FFD97079AA83A208724
:107E50004000449F02830B909892449703830B88C1
:107E6000908A448F04830B80888244870583445F13
:107E70000683703A208760002706504F0000204696
:107E8000DC05014A1D30BFFF8CD64407A785247F3F
:107E90007686E0799A0D2436BE3A2087800080A647
:107EA000023A0642204E920180FF2012049F9C85D8
:107EB000E0999A3DC4EF7A8EEA3520362D000C3ACF
:107EC0002087A00080FFFC196152EA1501924497B7
:107ED0009E85BFFF32F86352DA05018A448F9C8584
:107EE000D5252437923A2087C000B998247FBD98C1
:107EF000AF3141328600BFFF2256B51D203631001A
:107F000080FFC6196152DA15019A4D3A2087E000C8
:107F1000449F9E85BFFFC4F76552DA0501924497DE
:107F20009C85A50D2437B998247FBD98AF31413287
:107F30002C3A208800008600BFFFEC5504879E8500
:107F4000E081BA0564077486249F74861306A8FD31
:107F5000A90D44079E85013A2088200004579C857E
:107F6000E051CA05029244979C85047F9C85E07984
:107F7000823524360C8306E8BFFF74CAA53A2088F0
:107F8000400064529A2D048FCC98448F1083245F54
:107F9000B9985F5A645FFD970B98989A449F118334
:107FA0000B90733A208860009092449712830B786C
:107FB000887A447F1383445F1483440715834407FE
:107FC000168344071783014A573A20888000444F9C
:107FD000188327066E4F00002046DC051D30BFFFCA
:107FE0006AD524360C83BFFF18CA62520A58903AE9
:107FF0002088A000F205635ABA058007BC008007FC
:10800000CE00845FCD98635AC205655AE205850D9E
:10801000028A448F4A3A2088C0007099C5050382BD
:10802000448770994407A685049F9C85629A8A15A7
:108030000732BFFFAA730A30BFFF8B3A2088E000E7
:10804000DCC10A06E0FFD60501924497A685B50576
:1080500044079C85047F9C85E07992350732BFFFF9
:10806000973A208900008473244FB9982487BD98DB
:108070000940B049414A049F70998900639F0100FB
:108080000497A6850A388F3A208920006397050057
:108090000652247FC99820864300637F09006357F6
:1080A0000D002436FC9E6387110080FFD33A20899F
:1080B00040001E13E051CA0D44079C852437B9982F
:1080C000249FBD98B33141328600BFFF9654BFFF55
:1080D00098C90A3A20896000C50DBFFF92C9950D65
:1080E000243680A6023A0642204E920180FF3610C6
:1080F0004A06FF1024576198CD3A208980002467F2
:108100007198EC51D915245F699841526457619870
:10811000EB51C30D0B6E0100646F69982477583AD8
:108120002089A00065984172647765980552C5055D
:108130000050A50504527F002457619824676D986C
:10814000EC51D315163A2089C000245F65985F5220
:1081500064576198EB51C90D0B6EFFFF646F659812
:10816000247769985F7264776998103A2089E000F3
:108170000352C5050152A50502527F008A07E1108E
:1081800044079585440797854407988584579785C4
:10819000DB3A208A00006B52B3058007A40A4A002C
:1081A0000C0013004F058200F7004F054C024F05ED
:1081B0004F059F03B103D63A208A2000470501826C
:1081C0004487968544079C8580077C0A048F9485A4
:1081D0001106DFFFEA4D245F09982B964B3A208A5F
:1081E0004000FFFF6692CB25520007000B000F00F6
:1081F000130017001B001F00015244577498851D7F
:10820000027A413A208A6000447F7498C51503823F
:10821000448774988515058A448F7498C50D089213
:1082200044977498850D069A643A208A8000449F8A
:108230007498C50507524457749824EED485C25AE1
:10824000DD592B370100BFFF22C024370998613A5E
:10825000208AA000243E7598C232DD312637010005
:1082600042520A40BFFF6EC0019A649F6198649FAA
:108270006598649F833A208AC0006998649F6D98CE
:10828000649F7198037A447F96858007D809245F9C
:10829000719824676998EB61B9158C3A208AE000DF
:1082A000246F65982477619864676998646F65980E
:1082B000EE69920D416A4162EB61F1F5646769987C
:1082C000743A208B0000646F65980382448796851A
:1082D00080079E09048F94851106DFFFCA25049745
:1082E00074986592CA1DD73A208B20002436FE82EE
:1082F00006E8BFFF8AC764529A45014A444F028389
:10830000440703834407048344070583F03A208B22
:108310004000440706832706504F00002046DC0536
:108320001D30BFFFAAD2D52D047A447F9685952DA6
:10833000845FA43A208B60007598655AA225675A1D
:1083400082252436FE8206E8BFFF40C76452CA1D5C
:108350000487749844870283E93A208B8000208E3A
:10836000FF00448F0383448F0483448F0583448F2D
:1083700006832706504F00002046DC05014A603A7C
:10838000208BA0001D30BFFF58D2C5050492449732
:1083900096852436FE82BFFFFEC662520A58D20579
:1083A000635AB2155D3A208BC0008007E80803329B
:1083B000BFFF5671E051D2050030BFFFE651C50541
:1083C000049A449F9685BFFF18C7343A208BE0007B
:1083D0008007C8080030BFFFD051BFFF0AC7047A2A
:1083E000447F96858007B4082436078306E8BFFFDC
:1083F000513A208C0000B2C664528A1504877498E2
:1084000044870B8327066B4F00002046B004014AC7
:108410001D30BFFFDED1913A208C20004407A48597
:108420001D30BFFF8AC662520A58F205635ABA0568
:1084300080076602800770080232BFFFFC3A208C7A
:1084400040008A52208E2200448F948502924497E5
:10845000A5850332BFFFCA70D852645771980432A1
:10846000BFFFD43A208C6000BE70D052400EFF0097
:108470002487719841511051645771980532BFFF9C
:10848000A670C85224977198033A208C8000CA566F
:1084900000FF1251645771980632BFFF9070246735
:1084A00071980A6164677198E061BB0580073D3A85
:1084B000208CA000DA002437619824876598B031B9
:1084C00041328600BFFF3E51245F719824777D8E34
:1084D000C2729A72453A208CC0000E6EFFFFEB69A3
:1084E0009915249765984407158344071683440714
:1084F0001783446F18831260CE91953A208CE00068
:108500005E926497699895250332BFFF3270445795
:1085100015830432BFFF2870445716830532BFFF0E
:10852000513A208D00001E70445717830632BFFF5A
:108530001470445718830632BFFF0A70248F659861
:108540001160CA895F8A133A208D2000648F699870
:10855000245F719804877498448710830C9EFFFFF2
:10856000649FFD971378989A449F11834B3A208D0E
:1085700040000F90907A447F12831268889244974B
:108580001383446F1483200EFE00E159E305203667
:10859000FF00203A208D6000BFFF5650D505CB006C
:1085A0000B30BFFF4C50068A448F968580071E0112
:1085B000848775985F8267824F3A208D8000B3056B
:1085C0008007CA00500008001500220062002F003A
:1085D000490056003C002437F585BFFF1EBD613AB7
:1085E000208DA0002437F585243E759842520A401C
:1085F000BFFF72BDE54D2437F985BFFF04BD2437A9
:10860000F985243EDF3A208DC000759842520A4019
:10861000BFFF58BD95452437FD85BFFFEABC243711
:10862000FD85243E759842520A40903A208DE00024
:10863000BFFF3EBDC53524370186BFFFD0BC243700
:108640000186243E759842520A40BFFF24BDF5259D
:10865000AC3A208E000024370586BFFFB6BC243715
:108660000586243E759842520A40BFFF0ABDA51DEB
:1086700024370986BFFF1A3A208E20009CBC24377D
:108680000986243E759842520A40BFFFF0BCD50DC2
:1086900024370D86BFFF82BC24370D867F3A208E9B
:1086A0004000243E759842520A40BFFFD6BC0030BD
:1086B000BFFF684F640761980B7A447F968500304E
:1086C000BFFF1B3A208E6000904F2436009D243E51
:1086D0007598079263970100209E43006307050089
:1086E0000040248F71980048653A208E8000638F87
:1086F0000900068263870D00639F110080FFCE0D85
:10870000BFFF62C480071206BFFF5AC48007053A44
:10871000208EA0000A0624360C8306E8BFFF08C49A
:108720006452AA0D27066E4F00002046DC05014A60
:108730001D30BFFF4D3A208EC0003CCF1D30BFFF23
:10874000ECC362520A58F205635ABA058007500119
:108750008007D2050332BFFF406E6D3A208EE000E5
:10876000D85264576D990432BFFF346ED052400E18
:10877000FF00248F6D994151115164576D99053255
:10878000DD3A208F0000BFFF1C6EC852249F6D99F8
:10879000CA5600FF135164576D990632BFFF066E2B
:1087A000247F6D990A794C3A208F2000647F6D995F
:1087B000848F75985F8A678ACB25510008000B006B
:1087C0000F002200130017001B001F00653A208FC6
:1087D000400044077099851D019A449F7099C51502
:1087E0000282448770998515035244577099C50DCC
:1087F000057A7E3A208F6000447F7099850D068A45
:10880000448F7099C5050492449770990732BFFF51
:108810000C6D2436009D2447113A208F80006D99FD
:10882000844FA5854142047F709906E0637F010073
:1088300020EE43006307050006DA248F71989A3A08
:10884000208FA0000A38638F0900414A63DF0D00C2
:10885000890063EF110080FFAA0C845FA585415A4F
:108860008B00249F833A208FC000699824876598E5
:10887000B099419AF359D1254407A485097A447FD8
:10888000968564077686078A638FC33A208FE00057
:10889000010063070500243E7598245771981C3029
:1088A00063570900004863DF0D00004063EF1100CB
:1088B000C53A2090000080FF5C0C019244979E8591
:1088C00064077486BFFFE6C280079604445FA485F0
:1088D000BFFFB8CD8007563A209020008A048487D5
:1088E00075985F826782B3058007CA005000080050
:1088F0001500220062002F0049005600F83A20902F
:1089000040003C002437F585BFFF74BA2437F58555
:10891000243E759842520A40BFFFC8BAE54D24373D
:10892000F985A63A20906000BFFF5ABA2437F9852E
:10893000243E759842520A40BFFFAEBA954524378F
:10894000FD85BFFF40BA2437083A20908000FD859E
:10895000243E759842520A40BFFF94BAC535243769
:108960000186BFFF26BA24370186243E75982A3A2D
:108970002090A00042520A40BFFF7ABAF525243762
:108980000586BFFF0CBA24370586243E75984252EF
:108990000A40BFFF6B3A2090C00060BAA51D243783
:1089A0000986BFFFF2B924370986243E75984252E2
:1089B0000A40BFFF46BAD50D24372F3A2090E00079
:1089C0000D86BFFFD8B924370D86243E75984252D4
:1089D0000A40BFFF2CBA0030BFFFBE4C640761984D
:1089E000533A209100000B7A447F96850030BFFFF8
:1089F000E64C2436009D243E7598078A638F01005B
:108A0000209E43006307773A209120000500004034
:108A100024977198004863970900068263870D00C8
:108A2000639F110080FF240B64077198273A2091FF
:108A30004000BFFFB4C180076403243610A8013A88
:108A40000642204E920180FF5608C4EF7A8EB2058E
:108A50008007823A209160004A030A7A447F968513
:108A600080074003C4EF7A8EBA0580070001845F57
:108A70007598655AD205675A2D3A20918000D23DEB
:108A80008007F00024363E8306E8BFFF24C164520D
:108A90009A35048F0198618A9A1544076183233AB5
:108AA0002091A000014A444F628324365D8327064B
:108AB000504F00002046B004BFFF46CC4407019849
:108AC000245F61989C3A2091C0005F5A645FFD97D3
:108AD0000B98989A449F42830B78907A447F438303
:108AE0000B88888A448F4483445F0A3A2091E000CF
:108AF00045832706504F00002046DC05014A1D3003
:108B0000BFFF0ACC4407A785D53D2436FE8206E880
:108B1000173A20920000BFFFB0C06452CA350497D4
:108B2000019861929A1544076183014A444F628318
:108B300024365D8327063C3A20922000504F0000E7
:108B40002046B004BFFFD2CB44070198245F619850
:108B50005F5A645FFD97077A447F0283E13A20926F
:108B600040000B88988A448F03830B90909244971F
:108B700004830B80888244870583445F068327062D
:108B8000504F013A2092600000002046DC05014A67
:108B90001D30BFFF90CB4407A785249F7686E099C0
:108BA0009A0D243610A8013A533A209280000642CA
:108BB000204E920180FF2407047F9C85E0799A3D36
:108BC000C4EF7A8EEA3520362D0080FF000F1C3A64
:108BD0002092A0006152EA15018A448F9E85BFFF52
:108BE0000AF76352DA05019244979C85D52524370C
:108BF0006198249F883A2092C0006598B331413231
:108C00008600BFFF264BB51D2036310080FFCA0EFF
:108C10006152DA15017A447F9E85D23A2092E000B3
:108C2000BFFF9CF66552DA05018A448F9C85A50D2D
:108C300024376198249F6598B33141328600BFFF85
:108C4000A83A20930000F04A04879E85E081BA0587
:108C500064077486247F74860F06A8FDA90D440757
:108C60009E8504579C85E93A20932000E051CA056F
:108C7000028A448F9C85049F9C85E0998235243626
:108C80000C8306E8BFFF78BF64529A2D703A209398
:108C900040000497749844971083245F61985F5A4A
:108CA000645FFD970B78987A447F11830B88908AD4
:108CB000448F003A2093600012830B98889A449F57
:108CC0001383445F148344071583440716834407C2
:108CD0001783014A444F1883BB3A2093800027062C
:108CE0006E4F00002046DC051D30BFFF6ECA2436E3
:108CF0000C83BFFF1CBF62520A58F205635A0D3A3B
:108D00002093A000BA058007F00080070201849735
:108D100075985F926792CB25520008000B000F00F8
:108D200022001300423A2093C00017001B001F00CE
:108D300044077099851D017A447F7099C515028A90
:108D4000448F70998515039A449FA33A2093E000BD
:108D50007099C50D055244577099850D0692449738
:108D60007099C5050482448770994407A685047FDD
:108D70006C3A209400009C85627A8A150732BFFF06
:108D80007A680A30BFFFACB60A06E0FFD605018A52
:108D9000448FA685B505703A2094200044079C8531
:108DA000049F9C85E09992350732BFFF5468244F99
:108DB0006198248765980940B049414A283A20942F
:108DC0004000047F70998900637F0100048FA685AD
:108DD0000A38638F05000652249F7198208643004D
:108DE000639F0E3A20946000090063570D002436FB
:108DF000009D6387110080FFEE07E051CA0D440714
:108E00009C8524376198247F4B3A20948000659894
:108E1000AF3141328600BFFF6649BFFF68BEC50D56
:108E2000BFFF62BE950D243610A8013A0642BE3A35
:108E30002094A000204E920180FF06054A06FF10F4
:108E40002457099824671998EC51D915245F119873
:108E500041526457C53A2094C0000998EB51C30DA4
:108E60000B6E0100646F119824770D98417264773E
:108E70000D980552C5050050A5055B3A2094E00009
:108E800004527F002457099824671598EC51D31594
:108E9000245F0D985F5264570998EB51C90D0B6E12
:108EA0005E3A20950000FFFF646F0D9824771198BB
:108EB0005F72647711980352C5050152A5050252ED
:108EC0007F008A07E130AB3A209520004407968561
:108ED0004407978544079885A4679585E061A20DAE
:108EE00062620C58B23D6A5ABA058007C03A2095B2
:108EF00040007C018007720244079A8544079B85E5
:108F00000132BFFF7849246F199824771198ED71C9
:108F1000F90D203A20956000245F0D982467099888
:108F2000645F0D98EB61F205415A4172ED7191FD5C
:108F3000645F0D98ED716477113A20958000119867
:108F4000830D24577D8EC2529A525F5264571198F6
:108F5000027A447F958524370998248F0D984A3AE0
:108F60002095A000B13141328600BFFF48488007FC
:108F70000A022436FA8206E8BFFFFCBC6452AA0D3E
:108F80002706504F7C3A2095C00000002046E80399
:108F9000014A1D30BFFF30C81D30BFFFE0BC625228
:108FA0000A58F205635ABA058007353A2095E00061
:108FB000D4008007D201063280FF0A0320EE43006E
:108FC00006E207DA2436049B243FD58563DF0100DF
:108FD000663A209600006307050024971998004818
:108FE0006397090006D063E70D00004063EF1100AE
:108FF00080FF4206245F0A3A209620000D980B78E5
:109000008B00445F6899248F11988F00F179CB2DE4
:1090100024671998445F6899EC59EB25513A2096DA
:1090200040000B80C282243ED485D039273F010006
:10903000247F0D980B4063DF010063070500AF59E3
:109040006367F93A209660000900415A63E70D0012
:109050008B0063EF11001A300B4880FFEA05845F34
:109060006999415A8B002487403A209680001198D4
:10907000F05983DD445F68992096210044979485D8
:10908000017A447FA585E4371998BFFF1A47B63A9D
:109090002096A0000A524457958564077686BFFF44
:1090A0004ABC80070601BFFF42BC8007FE00248F38
:1090B0007686E089873A2096C0009A0D2436A0A9CA
:1090C0000642204E9201003880FFDC0204879A8518
:1090D000E0819A35C4EF7A8EEA2DB63A2096E00008
:1090E00020362D0080FFB80A6152AA1564077486E5
:1090F000019244979E85BFFFEEFD6352DA05017A27
:10910000863A20970000447F9A85B51D019A449FB6
:109110009B85F5152036310080FF8A0A61529A1529
:1091200064077486018A013A20972000448F9E8547
:10913000BFFF88FD6552DA05018244879A85C5051F
:10914000019244979B85047F9A85E0799A3A20970B
:109150004000B22D249F09982436049B1348C29ADC
:10916000243ED485D339273F0100077A24970D98F0
:109170000940BE3A20976000B249637F0100414A2E
:1091800063070500068A249F199820564300639FB1
:109190000900638F0D008900C13A20978000635752
:1091A000110080FFD804E051EA0544079A85019236
:1091B00044979B8504879B85E081C20D4407653AEF
:1091C0002097A0009B8524370998249F0D98B331E0
:1091D00041328600BFFF3E464A06FF30050205EADF
:1091E000440795852C3A2097C000017A647F09983E
:1091F000647F0D9824677D8EC2629A625F626467A5
:109200001198647F159807726477333A2097E000CD
:10921000199844071C9844079685647F6198647F79
:109220006598647F6998647F6D98647F719844EF56
:10923000AC3A2098000074982437E585BFFFB4B29B
:109240002437E585243E759842520A40BFFF08B393
:10925000440797850182DE3A209820006487B998F8
:109260006487BD986487C1986487C5986487C998E6
:1092700044EFCC982437E585BFFF7EB28A3A209828
:1092800040002437E585243ECD9842520A40BFFF76
:10929000D2B244079885018A648F1199648F159919
:1092A000648F383A209860001999648F1D99648FF3
:1092B000219944EF24992437E585BFFF48B224372C
:1092C000E585243E25994252FA3A209880000A40CA
:1092D000BFFF9CB24407998501324437A585209E83
:1092E0002500449F9485BFFF56450030BFFF0B3AD1
:1092F0002098A00018450030BFFF5446230200020A
:1093000086004437CD855A3266320650CB1D4A005E
:1093100007000B008B3A2098C0000F001A001A00BB
:1093200013001700043280FF98228515053280FF54
:109330009022C50D063280FF8822773A2098E000FF
:10934000850D013280FF8022C505023280FF782220
:109350001E0286005A32663206509B254A000700DC
:109360003A3A209900000C0011001F001F0016005F
:109370001B004407FC9C6407FE9CC5154407F89E2F
:109380006407FA9EF50D133A209920004407F4A0D3
:109390006407F6A0A50D4407F0A26407F2A2D50564
:1093A0004407ECA46407EEA47F008007013A2099EB
:1093B0004000120007000700070007000700070031
:1093C00007007F00C600870088008900247FFD8792
:1093D000C636C43A20996000FF01C73221067F00DB
:1093E000FFFF41790679647FFD87C73E0700C43AD5
:1093F000200E8FFF41790779AA3A20998000647F77
:10940000FD87C8460700C142110A41790879647F87
:10941000FD87C94E0100C205C407FC87B505A43A03
:109420002099A000C487FC87E457FD877F0082074E
:10943000E1F38700C800C90007B8E73EFC0124D665
:10944000049BC7D1143A2099C0009A7FF901657A2C
:1094500009C808C006B0B305800786024F000600A1
:10946000AB00B20012011C012301793A2099E000FF
:10947000E0C1BF058007740200D81BE0FCE648008D
:10948000DAE1DCFF0100BA0580072201DCBF010040
:109490006C3A209A00003C37010063370100C63661
:1094A000FF01233F010023470100D43A9D3AD142F6
:1094B0009D42C3C702000A3A209A2000EA4F0000EA
:1094C000BFFF2EFFFA87FB01106041827A87FA0105
:1094D0001688CC890A90A89251970000A73A209A42
:1094E0004000FA5FFB0116780B9E01007A9FFA019B
:1094F000CB794F5700001C570300E05100E8824D24
:10950000FA5FC43A209A6000FB011C68DD690B8693
:1095100001007A87FA0116880D970300CB895197CD
:109520000000FA5FFB01F9596A3A209A8000A10D08
:10953000019A5A9FF801D9B103525657FFFF80078D
:10954000C80164BAB225DCC702008A251D06453A67
:10955000209AA000E0FFDA1D1986FFFFEB810B685F
:10956000AF0D018A5A8FF801D9B1039A569FFFFFB8
:1095700080079C01ED3A209AC0000D7E01007A7FA1
:10958000FA01CBB12086100056870000018A5A8F5D
:10959000F8018007800141EA9D00BA3A209AE00074
:1095A0001C68DD690D9F0300E099EABDFA7FFB01AD
:1095B0000F58417A7A7FFA011650CB5103824A87BD
:1095C0006A3A209B00000000FA8FFB01F989E1054F
:1095D00001925A97F80180074801019A5A9FF801B1
:1095E00041DA9B00F8D9F73A209B2000BE05BF075F
:1095F000C8FE800732016407BE8502525A57F8013F
:10960000800724012086F4016487C485F53A209BF5
:109610004000248FBE85E089BB058007100164BA35
:109620001790B305800706015200050014002300BF
:109630003200833A209B600041000632BFFF46FDA6
:109640000432FA47FB01163880FF8627E0519A75ED
:1096500004825A87F801D56D9C3A209B800007321E
:10966000BFFF28FD0532FA47FB01163880FF682747
:10967000E051AA6504925A97F801E55D08329D3AD7
:10968000209BA000BFFF0AFD0632FA47FB011638F7
:1096900080FF4A27E051BA55047A5A7FF801F54D08
:1096A0000B32BFFF603A209BC000ECFC0132FA474E
:1096B000FB01163880FF2C27E051CA45048A5A8FD7
:1096C000F80185450C32BFFFCEFCCD3A209BE0006F
:1096D0000232FA47FB01163880FF0E27E051DA35D7
:1096E000049A5A9FF8019535247FC2852487C08546
:1096F0007E3A209C0000F079B32D018A5A8FF80140
:10970000F5252497C485E091BA255A07F8018525E7
:1097100064BA1750DB1D9F3A209C20004A000500C8
:1097200009000D00110015000632BFFFC4FCB5157D
:109730000732BFFFBCFCF50D0832BFFF703A209C1A
:109740004000B4FCB50D0B32BFFFACFCF5050C328C
:10975000BFFFA4FCB5055A07F8014206FFF38007D6
:10976000E1FFA43A209C6000890083B72D0083BFED
:10977000310023673500E35F3900E3C73D00E0496E
:10978000007000D008A000C8873A209C800009A87B
:10979000FA0515D8FBDE4800C6D9DBBF010015D895
:1097A000FBDE4800C6D9DBFF0100B2058007063AA0
:1097B000209CA0009602EBA9860D0BAEFFFF950042
:1097C00015D8FBDE4800C6D9E0A1A32D2036FF0046
:1097D0001458E65F953A209CC00082028B00146802
:1097E000E66F826A8D00CB698D00E059B705416A4A
:1097F0008D0061A2AA05016A446F6D3A209CE000C9
:10980000CC85ECA1AA0D446FCC85200EFE00E16151
:10981000C3054437CC8506683B570100200E00FE87
:109820009C3A209D000041510D517B570100850D50
:109830003B870100200E00FE41817B870100200E46
:10984000FFF13B9F0100413A209D2000D596070083
:10985000C992419912997B9F0100D67E0700CC7A6C
:10986000200EFF8F41990F997B9F0100BC3A209DEC
:10987000400084577D8E0A06DBFFEA0D64B2B20514
:1098800066B2AA0D3B870100200EFF8F41819086B2
:109890000030193A209D60007B870100643F3987C2
:1098A00000E81B6000E00058E0C9D235E071F20D1D
:1098B000246F3587CB698D6F633A209D800001004E
:1098C000E069BA05800782014C6F0300415ACB0062
:1098D000851D246F3987CB698D6F0100E0691D3AC2
:1098E000209DA000DA0D209E20004C9F0300143024
:1098F000BFFF82AC6457358701720058D5054C6FA5
:109900000300415A4B3A209DC000CB0041E2DC00ED
:10991000F8E1B9058007320118E6FFFFDC001B60A3
:10992000DC6180073001249F39879D3A209DE0004B
:10993000CB99139F00004C9F0300243F3987CB39FC
:10994000876F01000D0682FFE7352036E200E669E9
:109950000A3A209E0000CA15A7870100100680FF62
:10996000FA0D87970300120667FFAA0D208E2700C5
:109970004C8F030041E26C3A209E2000DC00425AEA
:10998000CB00852DE669CA15A75701000A0680FF9E
:10999000FA0D8787030010066DFFAA0D203A209E5E
:1099A000400020962D004C97030041E2DC00425A13
:1099B000CB00B51541EA9D00205620004C5703000E
:1099C00041E2E23A209E6000DC00A50D0D06E0FFBA
:1099D000DE05E069DA0501D2B50541E2DC00F8E117
:1099E000F10518E6FFFFDC00243A209E80001B6092
:1099F000DC61A545415ACB0063EA863D01CA67B2E6
:109A00001698007000E000589B3553000800453A56
:109A1000209EA0000D00120017001C00210026004F
:109A20002B002487118664873987B52524971586EE
:109A300064973987063A209EC000E51D248F198659
:109A4000648F3987951D247F1D86647F3987C515EE
:109A5000249F2186649F3987F50DD73A209EE00028
:109A60002457258664573987A50D2487298664875E
:109A70003987D50524972D86649739871B60DC616B
:109A80004F3A209F0000E0D1BA05BF076CFEE0A965
:109A9000BA055B0723002106FFFFFEFF3B8F010095
:109AA000D77E0100D07A473A209F200041890F8954
:109AB0007B8F01004C070300DB3F01000050A50530
:109AC00001524006FFFF0457ECA46452113A209F54
:109AD0004000CA05055A445FECA46407C0857F00B6
:109AE0008700073EDEFF200E1000E1390758FB25F6
:109AF0004B00A63A209F600025001100250025009C
:109B0000250025002500250025002500250025002D
:109B10002500250025002500A53A209F800025006E
:109B2000046FECA4646ACA0D03724477ECA4247F2A
:109B3000C0850F7E3200647FC0856407C285B33A5A
:109B4000209FA0000487BC8541824487BC850050CB
:109B50007F0000507F000457F0A26452CA05055AE6
:109B6000445FF0A2623A209FC0006407C0857F0076
:109B70008700073EDEFF200E1000E1390758FB2565
:109B80004B002500110025002500073A209FE0002A
:109B9000250025002500250025002500250025009D
:109BA00025002500250025002500046FF0A2646A29
:109BB000AD3A20A00000CA0D03724477F0A2247FC2
:109BC000C0850F7E3200647FC0856407C28504872C
:109BD000BB8541824487CD3A20A02000BB85005040
:109BE0007F0000507F000457F4A06452CA05055A54
:109BF000445FF4A06407C0857F008700823A20A0FC
:109C00004000073EDEFF200E1000E1390758FB251B
:109C10004B0025001100250025002500250025000A
:109C20002500A83A20A06000250025002500250079
:109C300025002500250025002500046FF4A0646A96
:109C4000CA0D03724477F4A0233A20A08000247F39
:109C5000C0850F7E3200647FC0856407C28504879B
:109C6000BA8541824487BA8500507F000050893A06
:109C700020A0A0007F000457F89E6452CA05055A30
:109C8000445FF89E6407C0857F008700073EDEFFC3
:109C9000200E1000FD3A20A0C000E1390758FB2536
:109CA0004B0025001100250025002500250025007A
:109CB00025002500250025002500F43A20A0E0001D
:109CC00025002500250025002500046FF89E646A04
:109CD000CA0D03724477F89E247FC0850F7E320040
:109CE0008C3A20A10000647FC0856407C285048788
:109CF000B98541824487B98500507F0000507F00BC
:109D00000457FC9C6452893A20A12000CA05055AD8
:109D1000445FFC9C6407C0857F008700073EDEFF30
:109D2000200E1000E1390758FB254B00BC3A20A15A
:109D300040002500110025002500250025002500F4
:109D400025002500250025002500250025002500EB
:109D50002500C33A20A160002500046FFC9C646AC2
:109D6000CA0D03724477FC9C247FC0850F7E3200AD
:109D7000647FC0856407C285C13A20A18000048742
:109D8000B88541824487B88500507F0000507F002D
:109D900000507F0000507F007F0086006232573AFB
:109DA00020A1A000BE058007A20820663500EC3186
:109DB0000650B70580079408205E2500EB51BA05D0
:109DC0008007A205D23A20A1C000EB51FF2D205EF2
:109DD0001100EB51BA0580075803EB51BF156752CC
:109DE000BA058007EA016752FF05F43A20A1E000B6
:109DF0006252BA058007380180075C086C52BA05C8
:109E00008007820280075008205E1B00EB51BA05D4
:109E1000463A20A200008007A004EB518F0D0A06ED
:109E2000EAFFBA058007D403800732080A06E0FF7C
:109E3000A22580072808F73A20A22000205E3100E2
:109E4000EB51BA0580072A07EB51AF15205E2D00B4
:109E5000EB51BA058007D206EB51B705BF3A20A2F5
:109E60004000800704080A06D7FFBA0580070206EB
:109E70008007F607EA61BA0580073E078007EA0710
:109E8000845F823A20A2600031ABE059F20D615A42
:109E90000B50821D0A06DFFF92450A06DEFFE23DF7
:109EA0000A06DDFFB23D8007E23A20A28000C60725
:109EB000C4EF7A8EBA058007BC07016A446F30ABE5
:109EC00064073CAB8007AE07C4EF7A8EEA0DF43A24
:109ED00020A2A000E4573DAB200EDC05E151005864
:109EE000FE0520562100445730AB80079007E45709
:109EF0003DAB0A06813A20A2C00024FA445F30AB91
:109F0000BE0580077C070A06D08A445F30ABB605E1
:109F100080076E07615A445F30AB3D3A20A2E000F3
:109F2000B2058007620720562200445730AB8007F5
:109F30005807C4EF7A8EEA05440730AB005080071B
:109F40001C3A20A30000480724873CAB1006D08AA7
:109F5000B1058007380720562300445730AB8007EF
:109F60002E07A49731AB8E3A20A320006592B3054B
:109F7000800720075200060012008D0338003800C9
:109F80003800C4C7798EBA0580070807373A20A37E
:109F90004000016A446F31AB64073CAB8007FA06AE
:109FA000C4C7798EDA0DE4573DAB440731AB0A06DE
:109FB00024FA393A20A36000EE050352445731AB2E
:109FC0008007DE06E4573DAB0A0624FABE0580078B
:109FD000CE060A06D08AB6051F3A20A38000800765
:109FE000C406047F31AB617AB2058007B80604521B
:109FF000445731AB8007B006C4C7798EEA05AB3A47
:10A0000020A3A000440731AB00508007A006248F96
:10A010003CAB1106D08AB105800790060552445723
:10A0200031AB8007C63A20A3C0008806849F33ABBB
:10A030006A9AB30580077A0653000B0017003A03AB
:10A040003A033A033A033A033A03483A20A3E000BA
:10A050003D003D003D00C4CF798EBA05800758060B
:10A060000172447732AB64073CAB80074A06C4CF29
:10A07000A13A20A40000798EDA0DE4573DAB4407E5
:10A0800032AB0A0624FAEE050852445732AB800779
:10A090002E06E4573DAB323A20A420000A0624FAEB
:10A0A000BE0580071E060A06D08AB605800714067C
:10A0B000048732AB6182B20580070806233A20A4E8
:10A0C00040000952445732AB80070006C4CF798E56
:10A0D000EA05440732AB00508007F00524973CABFB
:10A0E0001206653A20A46000D08AB1058007E00519
:10A0F0000A52445732AB8007D805A45F33ABE0590E
:10A10000C20D615A0B50D215423A20A480006D5204
:10A11000D23D6E52B23D6F52923D8007B805C4D712
:10A12000798EBA058007AE05016A446F33ABD43A25
:10A1300020A4A00064073CAB8007A005C4D7798E9B
:10A14000DA0DE4573DAB200EDC05E1510058EE0579
:10A150000D524457EC3A20A4C00033AB800784056D
:10A16000E4573DAB0A0624FA445F33ABBE058007D3
:10A1700070050A06D08A445F33AB123A20A4E0008F
:10A18000B60580076205615A445F33ABB2058007AC
:10A1900056050E52445733AB80074E05C4D7798E0F
:10A1A000893A20A50000EA05440733AB0050800738
:10A1B0003E0524873CAB1006D08AB10580072E05EA
:10A1C0000F52445733ABBD3A20A520008007260527
:10A1D000845F35ABE059F20D615A0B50821D0A06BF
:10A1E000EEFF92450A06EDFFE23D0A06BA3A20A5C7
:10A1F0004000ECFFB23D80070005C4DF798EBA0550
:10A200008007F6040192449734AB64073CAB8007A7
:10A21000E804993A20A56000C4DF798EEA0DE4577E
:10A220003DAB200EDC05E1510058FE052056120022
:10A23000445734AB8007CA04243A20A58000E45771
:10A240003DAB0A0624FA445F34ABBE058007B60472
:10A250000A06D08A445F34ABB6058007A8040A3AE0
:10A2600020A5A000615A445F34ABB20580079C046E
:10A2700020561300445734AB80079204C4DF798E14
:10A28000EA0544077C3A20A5C00034AB00508007A3
:10A29000820424773CAB0E06D08AB1058007720495
:10A2A00020561400445734AB8007113A20A5E00033
:10A2B0006804A45F35ABE059F20D615A0B50821D62
:10A2C0000A06E9FF92450A06E8FFE23D0A06E7FFB3
:10A2D000443A20A60000B23D80074204C4E7798ECC
:10A2E000BA05800738040182448735AB64073CAB6C
:10A2F00080072A04C4E76A3A20A62000798EEA0D76
:10A30000E4573DAB200EDC05E1510058FE05205618
:10A310001700445735AB80070C04E457833A20A656
:10A3200040003DAB0A0624FA445F35ABBE0580070A
:10A33000F8030A06D08A445F35ABB6058007EA0306
:10A34000615A453A20A66000445F35ABB2058007EC
:10A35000DE0320561800445735AB8007D403C4E70A
:10A36000798EEA05440735AB053A20A680000050F7
:10A370008007C403249F3CAB1306D08AB105800735
:10A38000B40320561900445735AB8007AA03CD3AD1
:10A3900020A6A000845F37ABE059F20D615A0B5044
:10A3A000821D0A06E4FF92450A06E3FFE23D0A0623
:10A3B000E2FFB23D2D3A20A6C00080078403C4EF1F
:10A3C000798EBA0580077A030172447736AB640749
:10A3D0003CAB80076C03C4EF798EDE3A20A6E00028
:10A3E000EA0DE4573DAB200EDC05E1510058FE05B7
:10A3F00020561C00445736AB80074E03E4573DAB54
:10A400009B3A20A700000A0624FA445F36ABBE053B
:10A4100080073A030A06D08A445F36ABB605800748
:10A420002C03615A445F433A20A7200036ABB205A3
:10A430008007200320561D00445736AB80071603C3
:10A44000C4EF798EEA05440736AB0050033A20A7E3
:10A45000400080070603248F3CAB1106D08AB1056B
:10A460008007F60220561E00445736AB8007EC02E8
:10A47000A45FA13A20A7600037ABE059C20D615A32
:10A480000B50B21D0A06DAFFA24D0A06D9FF925DF3
:10A490008007CC02C4D7788E653A20A780009A0D39
:10A4A000249F1188C19A9C9A619AB2058007B602CE
:10A4B000016A446F37AB64073CAB8007A802B13A2E
:10A4C00020A7A000C4D7788ECA1524771188C1723E
:10A4D0009C72E071EA0DE4573DAB200EDC05E151C2
:10A4E0000058FE059D3A20A7C0002056260044577C
:10A4F00037AB80077E02E4573DAB0A0624FA445F7F
:10A5000037ABBE0580076A020A06BD3A20A7E00005
:10A51000D08A445F37ABB60580075C02615A445F5E
:10A5200037ABB2058007500220562700445737AB9F
:10A53000F03A20A8000080074602C4D7788ECA0DE2
:10A54000248F1188C18A9C8AE089EA05440737ABC9
:10A55000005080072A02AC3A20A82000205626008E
:10A5600080072202C4D7788ECA0D24971188C19221
:10A570009C92E091EA05440737AB0050A73A20A827
:10A58000400080070602205627008007FE01845FF6
:10A5900039ABE059C20D615A0B50D2150A06D6FFED
:10A5A000E23D763A20A860000A06D5FFF245800712
:10A5B000DE01C4DF788EBA058007D401019A449F7A
:10A5C00038AB64073CAB8007593A20A88000C6012D
:10A5D000C4DF788EEA0DE4573DAB200EDC05E15177
:10A5E0000058FE0520562A00445738AB8007ED3A44
:10A5F00020A8A000A801E4573DAB0A0624FA445F56
:10A6000038ABBE05800794010A06D08A445F38AB98
:10A61000B6058007073A20A8C0008601615A445F4A
:10A6200038ABB20580077A0120562B00445738AB6F
:10A6300080077001C4DF788EEA05483A20A8E00060
:10A64000440738AB00508007600120562A0080077D
:10A650005801C4DF788EEA05440738AB0050800704
:10A66000D53A20A90000480120562B008007400160
:10A67000C4DF7A8ED21D047F39ABE079EA0D2487DE
:10A680003CAB200E46002E3A20A92000E181D315D4
:10A6900064073CAB0152445739AB8007180124973B
:10A6A0003CAB200E4600E191830D6407863A20A959
:10A6B00040003CAB015280070201440739AB005017
:10A6C0008007F800C4E77A8EB21D049F3AABE09988
:10A6D000DA0DCB3A20A96000246F3CAB200E460077
:10A6E000E169B31564073CAB015244573AAB856D41
:10A6F000247F3CAB200E4600C23A20A98000E179BD
:10A70000F30564073CAB0152E55D44073AAB0050EA
:10A71000A55DA45F3BABE059E20D615A0B50D53A01
:10A7200020A9A000F2150A06CAFFB23D0A06C9FF19
:10A73000823D0A06C8FFD235854DC4CF788ECA0542
:10A74000C4F7788E583A20A9C000A24501824487F8
:10A750003BAB64073CABC53DC4CF788E8A15C4F7CC
:10A76000788EDA0DE4573DAB200ED73A20A9E000F1
:10A77000DC05E1510058EE052056360044573BAB4E
:10A78000B52DE4573DAB0A0624FA445F3BABB62532
:10A79000353A20AA00000A06D08A445F3BABEE1D82
:10A7A000615A445F3BABAA1D2056370044573BAB70
:10A7B000E515C4CF788E6C3A20AA20008A0DC4F724
:10A7C000788EDA0544073BAB0050C50D249F3CABA7
:10A7D0001306D08AE905205638004457383A20AA93
:10A7E00040003BABA50500507F00440730AB440759
:10A7F00031AB440732AB440733AB440734AB4407B7
:10A8000035ABA43A20AA6000440736AB440737AB07
:10A81000440738AB440739AB44073AAB44073BAB7A
:10A820007F001D62025A2056EF3A20AA8000BFFF27
:10A8300000680D7710FD200E7FFF4171407710FDFD
:10A8400000780F8710FD90864000408710FD983AF1
:10A8500020AAA0000088119710FD92962000409732
:10A8600010FD0098136F10FD200EEFFF4169406F3F
:10A8700010FD0070143A20AAC0000E7F10FD8F7EDC
:10A880000200407F10FD0080108F10FD918E0100AE
:10A89000408F10FD0090129F11FD8A3A20AAE0001F
:10A8A000939E1000409F11FD00680D7711FD8E767C
:10A8B0000800407711FD00780F8711FD9086040095
:10A8C000273A20AB0000408711FD0088119711FD49
:10A8D0004C91409711FD0098136F11FD8D6E010092
:10A8E000406F11FD00700F3A20AB20000E7F12FD6B
:10A8F000170A4179407F12FD0080108F12FD1B0A5C
:10A900004189408F12FD0090129F12FD853A20ABC5
:10A9100040004C99409F12FD00680D7712FD1E0A01
:10A920004171407712FD405F4CF1405F4AF1007881
:10A930000F87C33A20AB60004CF14A8140874CF14D
:10A94000008811974AF14A9140974AF10098136F95
:10A9500010FD8D6E8000406F203A20AB800010FD0E
:10A960007F000002BFFFF4FE0457D085405716FD5C
:10A970001E02633A0758DB354B00040014008E3A80
:10A9800020ABA00024002C00E0318A0D846FD1851B
:10A99000CD6ED700446FD085F5258477D1858E762E
:10A9A00028004477E83A20ABC000D0858525E03107
:10A9B0008A0D847FD185CF7EEB00447FD085F5154D
:10A9C0008487D185908614004487C53A20ABE00087
:10A9D000D0858515E031CA05C48FD085B50DC40F6B
:10A9E000D085850DE031CA05C487D085B505C4077B
:10A9F0005D3A20AC0000D0857F0086004437D085CA
:10AA00007F00805713F4200EBFFF4151405712F4CE
:10AA10007F004407D085733A20AC20007F000002FD
:10AA2000BFFFF8FFBFFFE4FF20368000BFFFD4FF69
:10AA300000300038BFFF5CFF01320638E43A20AC3A
:10AA40004000BFFF54FFBFFF40FF1E020002BFFFD8
:10AA5000D0FFBFFFBCFF20368000BFFFACFF013A34
:10AA60000030143A20AC6000BFFF34FF01320038E0
:10AA7000BFFF2CFFBFFF18FF1E02633A0758DB35EC
:10AA80004B00040014002400073A20AC80002C0086
:10AA9000E0318A0D846FD1858D6E2800446FD0859A
:10AAA000F5258477D185CE76D7004477D085D63A00
:10AAB00020ACA0008525E0318A0D847FD1858F7E72
:10AAC0001400447FD085F5158487D185D086EB00AE
:10AAD0004487D085E43A20ACC0008515E031CA0532
:10AAE000C40FD085B50DC48FD085850DE031CA0562
:10AAF000C40FD085B505C48FD0856C3A20ACE0007A
:10AB00007F00805713F48A564000405712F47F00AC
:10AB10005C1A630F0100A007210063373D00633F0B
:10AB2000913A20AD0000390063473500634F310092
:10AB300063572D00635F290063672500636F210061
:10AB400063771D00637FAB3A20AD20001900638757
:10AB50001500638F110063970D00639F0900F00FCC
:10AB60004000630F0500F10F4000630F7E3A20ADF7
:10AB70004000010000500A5F10FD1E0A4159405F6D
:10AB800010FD00600C6F10FD200E7FFF4169406FCB
:10AB900010FDC43A20AD6000BFFF82FF230F01000B
:10ABA000E18F2000230F0500E1872000239F09008B
:10ABB00023970D00238F1100BD3A20AD800023871D
:10ABC0001500237F190023771D00236F21002367C1
:10ABD0002500235F290023572D00234F31002B3AF6
:10ABE00020ADA00023473500233F390023373D0027
:10ABF00060062000230F0100441AE00740015C1AA0
:10AC0000630F01009A3A20ADC000581AF00F4000BF
:10AC1000630F0500F10F4000630F0100230F0100D7
:10AC2000E18F2000230F0500E187363A20ADE000D8
:10AC30002000481A230F0100441AE00740010002D7
:10AC4000BFFFBC261E027F007F007F000502260694
:10AC5000A63A20AE000000D9000006E8BFFF1E6B38
:10AC6000E051FA05023A01421D30BFFFF269E505E5
:10AC7000023A07401D30553A20AE2000BFFFE6697A
:10AC8000BFFF0C6223027F007F007F007F007F00F8
:10AC90007F005C1A8600E031C2056132533A20AE73
:10ACA0004000920DD50D025244579C92015A435FC9
:10ACB0000300E505016244679C9243070300A35724
:10ACC0000300E43A20AE600042061F00E45741ABA7
:10ACD0007F0044073EAB7F0084573FAB7F00860078
:10ACE000C70044373EAB643F7A3A20AE800040ABA9
:10ACF0007F005C1A630F0100031ED4FF6357290015
:10AD0000635F250063672100636F1D006377ED3A81
:10AD100020AEA0001900637F150063871100638FC8
:10AD20000D0063970900F00F4000630F0500F10F5D
:10AD30004000630F1D3A20AEC00001002457218956
:10AD4000455264572189405E01004A59C20D24676B
:10AD5000268964672889246F30893D3A20AEE00057
:10AD6000646F2689CA0064572189E45725890A0639
:10AD70001DFCDA1584572B890A0601FF9A0D247FE2
:10AD8000B73A20AF00002C89647F2E89248732894E
:10AD900064872C890A8E0100448F2A8964072489DC
:10ADA000D5050A960500263A20AF2000649724892D
:10ADB000230F0100E18F2000230F0500E187200011
:10ADC00023970900238F0D0023871100AA3A20AF93
:10ADD0004000237F150023771900236F1D00236790
:10ADE0002100235F250023572900031E2C00230F79
:10ADF0000100633A20AF6000441AE00740015C1A8A
:10AE0000630F0100A007210063373D00633F390055
:10AE100063473500634F3100263A20AF8000635707
:10AE20002D00635F290063672500636F210063774E
:10AE30001D00637F190063871500638F1100093AB5
:10AE400020AFA00063970D00639F0900F00F400042
:10AE5000630F0500F10F4000630F0100845F7F86E0
:10AE6000E4670588563A20AFC0000457B5814152C7
:10AE70004457B581246F3989416A646F3989415AD1
:10AE80008B00247F0C95417A647FDF3A20AFE0008D
:10AE90000C95248750AB4182648750AB248F608629
:10AEA000418A648F608604976686419244976686DD
:10AEB000033A20B00000249FBE85419A649FBE855E
:10AEC0002457C28541526457C285246F6E86416AF9
:10AED000646F6E8604773E3A20B02000AB954172D5
:10AEE0004477AB95247F3CAB417A647F3CAB2487AD
:10AEF0007086418264877086248F7486213A20B0E0
:10AF00004000418A648F74862497788641926497C2
:10AF10007886249F7A86419A649F7A8624577C8615
:10AF20004152023A20B0600064577C86E061D70548
:10AF30000C6EFFFF646F0488E4677786E061D705D5
:10AF40000C76FFFF64777686633A20B08000E46772
:10AF50006586E061D7050C7EFFFF647F6486E46749
:10AF6000C585E061D7050C86FFFF6487C485923AEA
:10AF700020B0A000E4677386E061D7050C8EFFFF68
:10AF8000648F7286E4676986E061D7050C96FFFFDF
:10AF900064976886CC3A20B0C00024670995E061C8
:10AFA000D3050C9EFFFF649F0995E4676386E0610B
:10AFB000D7050C56FFFF64576286913A20B0E00037
:10AFC00024679992E061D3050C6EFFFF646F99923C
:10AFD000615AFA05445F7E86BFFF6A24845F7F86DC
:10AFE000763A20B10000445F7E866A5ABA0544076B
:10AFF0007E86230F0100E18F2000230F0500E187EB
:10B000002000239F0900693A20B1200023970D00FA
:10B01000238F110023871500237F190023771D003C
:10B02000236F210023672500235F2900473A20B1C1
:10B03000400023572D00234F310023473500233F85
:10B04000390023373D0060062000230F0100441A19
:10B05000E007D63A20B1600040015C1A630F01009E
:10B06000541A63570900F00F4000630F0500F10FF9
:10B070004000630F01002457903A20B180004DAB8F
:10B08000415264574DAB230F0100E18F2000230F85
:10B090000500E1872000235709004C1A230FD43AFA
:10B0A00020B1A0000100441AE00740010F02860011
:10B0B00006D824366D8306E8BFFFFCA0645200E08A
:10B0C000B20580072D3A20B1C0003404047F1D89E9
:10B0D000E0799A3DE47F61ABE4975DAB44076E8312
:10B0E0000E8244876F8344077383223A20B1E000C5
:10B0F00044077483018A448F758312688892449749
:10B100007683446F7783E4675FABE49F63ABD3617F
:10B11000883A20B200000C50CA0088524457788305
:10B120004467798344077A8344077B830F58887A7E
:10B13000447F7C83445F923A20B220007D83204686
:10B140003200004800381D30BFFFCEAB018244877B
:10B150001D898007BC03845F0580615A153A20B2BF
:10B160004000D20D625ACA15248F3989200E5A0028
:10B17000E18F828AE089E2E70000A50D24973989F2
:10B18000200E6C3A20B260000E01E1978292E091AD
:10B19000E2E7000061E2B20580078203E4671789F5
:10B1A000E49F67ABF3618B2D673A20B28000017A90
:10B1B000447F6E832056F30044576F83CC8600FF94
:10B1C00088824487738344677483086A205EDB3A0D
:10B1D00020B2A000F5011D88CD8951070000416A09
:10B1E000EB69A7FD20463200004800381D30BFFF44
:10B1F00040AB2497D93A20B2C00016894192D200C0
:10B200006497168980072803E49F6BABF361AA3526
:10B21000E46F69AB0D7E05000F58B43A20B2E00030
:10B22000CF00CF7E00FF887A447F6E83445F6F83B8
:10B23000CC8600FF888244877383476A446774839F
:10B24000793A20B30000CD00686AB10D08620D584C
:10B250001D50CC514A0700004162CC00EB6193FDC8
:10B26000204632000048FB3A20B3200000381D3051
:10B27000BFFFD6AA249F1689419AD300649F1689DE
:10B280008007BE02E45F77ABEB61B105EA3A20B319
:10B29000400080075201017A447F6E832086F300CC
:10B2A00044876F830C88888A448F738344677483D0
:10B2B000085A1B3A20B360003B96FEFF6392BB65C1
:10B2C000520004002300420061003006E0790000D3
:10B2D000E467198910500C9E483A20B380000100A1
:10B2E000D300649F18891D68CB69CC81108700004A
:10B2F0004D870000E47719890E8E0100D100593A7C
:10B3000020B3A000648F1889CE510A5700004D5712
:10B310000100D55D3006F0990000E46719891050EE
:10B320000C9E0100EB3A20B3C000D300649F188943
:10B330001D68CB69CC81108700004D870000E47741
:10B3400019890E8E0100D100648F273A20B3E000E6
:10B350001889CE510A5700004D570100E53D3006CF
:10B36000A0A30000E467198910500C9E0100D300CF
:10B37000213A20B40000649F18891D68CB69CC81F4
:10B38000108700004D870000E47719890E8E0100B8
:10B39000D100648F1889183A20B42000CE510A5782
:10B3A00000004D570100F51D300620A90000E4679C
:10B3B000198910500C9E0100D300649F083A20B4F4
:10B3C000400018891D68CB69CC81108700004D872B
:10B3D0000000E47719890E8E0100D100648F18896E
:10B3E000CE51BC3A20B460000A5700004D5701000E
:10B3F000425A0B060BFEBF05BF07F0FE2046320087
:10B40000004800381D30BFFF753A20B480007CA989
:10B41000249F1689419AD300649F1689800764018E
:10B42000EB61B20580075C01E46F73AB0D7E063AF9
:10B4300020B4A00005000F58CF00CF7E00FF887A0F
:10B44000447F6E83445F6F830C808882448773835C
:10B45000476A4467073A20B4C0007483CD00686A25
:10B46000B90580071C01085A0D303B96FEFF639218
:10B47000BB655200040023004200373A20B4E000CC
:10B4800061003006E0790000E467198910500C9ED5
:10B490000100D300649F18891D68CB69CC81108797
:10B4A000503A20B5000000004D870000E47719896C
:10B4B0000E8E0100D100648F1889CE510A5700000A
:10B4C0004D570100D55D013A20B520003006F099B6
:10B4D0000000E467198910500C9E0100D300649F9E
:10B4E00018891D68CB69CC8110870000403A20B5CF
:10B4F00040004D870000E47719890E8E0100D100CD
:10B50000648F1889CE510A5700004D570100E53D60
:10B5100030069B3A20B56000A0A30000E4671989BB
:10B5200010500C9E0100D300649F18891D68CB69E0
:10B53000CC81108700004D87A83A20B5800000001C
:10B54000E47719890E8E0100D100648F1889CE51DD
:10B550000A5700004D570100F51D300620A9763A24
:10B5600020B5A0000000E467198910500C9E01006E
:10B57000D300649F18891D68CB69CC8110870000B7
:10B580004D870000AB3A20B5C000E47719890E8ED4
:10B590000100D100648F1889CE510A5700004D5721
:10B5A0000100425ACB00E659BB05E13A20B5E00064
:10B5B000BF07F0FE20463200004800381D30BFFFB4
:10B5C0000CA8247F188924876EABF079B10501524D
:10B5D000463A20B60000A50500502D020A02243686
:10B5E0006D8306E8BFFFA29C645200E0B2058007AD
:10B5F0006C02047F1D89563A20B62000E0799A3DFE
:10B60000E47F61ABE4975DAB44076E830E824487B1
:10B610006F834407738344077483028A503A20B6C9
:10B620004000448F75831268889244977683446FF4
:10B630007783E4675FABE49F63ABD3610C50CA00D0
:10B640008852F03A20B66000445778834467798383
:10B6500044077A8344077B830F58887A447F7C832E
:10B66000445F7D8320463200963A20B68000004831
:10B6700000381D30BFFF74A7018244871D898007F1
:10B68000F401845F0580615AD20D625ACA15F73AF7
:10B6900020B6A000248F3989200E5A00E18F828ABB
:10B6A000E089E2E70000A50D24973989200E0E01FC
:10B6B000E1978292E73A20B6C000E091E2E700000D
:10B6C00061E2B2058007BA01E4671789E49F67ABBE
:10B6D000F3619B2D017A447F6E83293A20B6E00006
:10B6E0002056F30044576F83CC8600FF888244873E
:10B6F000738344677483086A205EF5012066FF0047
:10B700002B3A20B700001D88CD8951670000416A9F
:10B71000EB69A7FD20463200004800381D30BFFF0E
:10B72000E2A624971689CE3A20B72000419264976A
:10B73000168980075E01E49F6BABF361AA35E45F75
:10B7400069AB0B7E05000F68CF00CF7E723A20B741
:10B75000400000FF887A447F6E83446F6F83CC86FD
:10B7600000FF888244877383475A44677483CB0001
:10B77000685AA33A20B76000D10D086A0B60205EBA
:10B78000FF001D50CD514A5F0000416ACD00EC69B9
:10B7900093FD204632000048203A20B78000003850
:10B7A0001D30BFFF76A6249F1689419A649F168993
:10B7B000957DE45F77ABEB61893D017A447FA43AE4
:10B7C00020B7A0006E832086F30044876F83CC8E61
:10B7D00000FF888A448F738344677483085AE47730
:10B7E00019892606E13A20B7C000A0500000203E8B
:10B7F000F5011D60CB61C172C671EE7701004C7717
:10B80000000088724C7701002477903A20B7E0005E
:10B8100018894172CE00425A64771889E759D7EDEA
:10B8200020463200004800381D30BFFF00A6247FAC
:10B830009F3A20B800001689417A647F1689E53D59
:10B84000EB61CA3DE46F73AB0D8605001058D00064
:10B85000D08600FF8882373A20B8200044876E8364
:10B86000445F6F83CC8E00FF888A448F7383476A5E
:10B8700044677483CD00686AD11D085A413A20B8E4
:10B880004000E43F19892606A05000000D701D609D
:10B89000CB61C13AC639E73F01004C3F0000883A0E
:10B8A0004C3FE83A20B860000100243F1889413A33
:10B8B000C700425ACB00643F1889EE59C3ED2046B9
:10B8C0003200004800381D307A3A20B88000BFFFAF
:10B8D0007AA5248F188924976CABF289B10501529F
:10B8E000A50500502802860065320678CB25723AFD
:10B8F00020B8A0004F00060022000D0014001B001D
:10B9000022002066780020562C00205EF000C51D25
:10B91000206630010C3A20B8C00020566C00205E32
:10B920004C00D5152066A00020563E00205E280061
:10B93000E50D2066800020562C00B83A20B8E000C3
:10B94000205E2000F5052066700020562A00205E4B
:10B950001C002076EE01843757ABA49757ABC83252
:10B96000073A20B90000D231C600AA318132C600A0
:10B97000643762ABEB372002C600643764AB06382D
:10B980004E38EE378032133A20B92000C6006437B3
:10B9900068ABE031F205074E0100C900643F66ABB9
:10B9A000C505643F66AB07480A90EC97CE3A20B9CC
:10B9B000400020020A30D200EB37200264976CABC3
:10B9C000C60064376EAB06384E38EE378032C6009C
:10B9D0006437ED3A20B9600072AB64575EAB645FC8
:10B9E00060AB64675CABE031F20507560100CA004A
:10B9F000643F70ABC505643FEB3A20B9800070AB83
:10BA000007500980CA81D000648776AB01924497C1
:10BA10001C89644F6AAB645774AB7F000A02453AD5
:10BA200020B9A000860004571A89E05106E08A2D4B
:10BA300061E29A152436648506E8BFFFFA986452DD
:10BA4000AA0D2706283A20B9C0008C4F00002046D6
:10BA5000F401014A1D30BFFF2EA4E0E19A152436FF
:10BA60007E8506E8BFFFD69864526C3A20B9E000A4
:10BA7000AA0D2706924F00002046F401014A1D300E
:10BA8000BFFF0AA4016244671A8961E28A3524363D
:10BA9000163A20BA00006485BFFFAE9862520A5879
:10BAA000C205635A9225E5550332BFFF0843445748
:10BAB00054AB0432BFFFE23A20BA2000FE424457A2
:10BAC00055AB0532BFFFF442445756AB0632BFFFB9
:10BAD000EA42445757AB0732BFFFE0428C3A20BAE4
:10BAE0004000445758ABBFFFB098016A446F1B89B0
:10BAF000F535BFFFA498027244771B899535E0E1C4
:10BB0000FA2DD73A20BA600024367E85BFFF4C98C4
:10BB100062520A58C205635A9225D5250332BFFFE7
:10BB2000A642445754AB0432D13A20BA8000BFFF3A
:10BB30009C42445755AB0532BFFF9242445756AB27
:10BB40000632BFFF8842445757AB0732BFFFB63AB1
:10BB500020BAA0007E42445758ABBFFF4E98017AEE
:10BB6000447F1B89E505BFFF4298028244871B89F9
:10BB700028021402ED3A20BAC0008600870006E0D1
:10BB800007D8BFFF300701621CD0ECE224EE948797
:10BB9000DCE93D5F0500615AA71D703A20BAE0005C
:10BBA000695A821D09527D5705001A68C26A2F061C
:10BBB000884C0000CD792F7F0100450E020021FE48
:10BBC000903A20BB000008BB1A301B386F00E051D0
:10BBD0000A60BA057D0705007D070000DD870800C3
:10BBE000DD970800E061C63A20BB2000E2157D0722
:10BBF0000500DD8F0800245E78ABDC594B07080098
:10BC00002086FF004B870A002B8F0900993A20BB42
:10BC100040002106FFFFFFF041896B8F0900C1D270
:10BC20002606504C0000DA31E6370100BFFF121142
:10BC3000BFFFE13A20BB60007606320200028600B8
:10BC4000203E2700BFFF52FF1E028600EC32245622
:10BC5000348AC6512A5709005C3A20BB8000CE5274
:10BC60009E527F0086008700EC322456348AC651EB
:10BC70002A670900C73E0300D03A2106FFFFCB3AEE
:10BC800020BBA000FCFF416107616A6709007F00DB
:10BC90008600EC322456348AC6512A5701007F00B0
:10BCA00014028600973A20BBC000870006E007D840
:10BCB000BFFF32061CD0ECE224EE4087DCE93D5F9A
:10BCC0000500615AD715665AB215FC3A20BBE00050
:10BCD00006527D5705001A60C2622E06384D0000DC
:10BCE000CC712E770100450E020021FE04BC1A30F3
:10BCF0005C3A20BC00001B386E007D0700007D0709
:10BD00000500DD870800DD8F0800245E348ADC59D9
:10BD1000207EFF004B7F9A3A20BC200008002B8F2A
:10BD20000900200EFFF041896B8F09002106FFFFFB
:10BD3000FCFF41896B8F0900C1D22606A33A20BCC3
:10BD400040005E4C0000DA31E6370100BFFF2210F0
:10BD5000BFFF8605320200028600073ABFFF62FF7E
:10BD60001E029C3A20BC60008600EC32246E4087A4
:10BD7000C6692D6F0500E069B2050152A5050050A6
:10BD80007F000A02860004573E3A20BC80003C87B0
:10BD9000E05106E09A7D1C70EC7224EE4087CEE9FB
:10BDA000DDC70800F26D017A447F3C87BFFF6F3A20
:10BDB00020BCA000B604DDC70800D2652B06E04A0F
:10BDC0000000DD8708001C80C18226065E4C000052
:10BDD000D031E697ED3A20BCC0000100C292CB9171
:10BDE0003297010052070300E6570100C252CB51BF
:10BDF0002A5701004A070400E67FE33A20BCE0002E
:10BE00000100C27ACB792F7F01004F070500E68F32
:10BE10000100C28ACB89318F010051070600E69FDD
:10BE2000FF3A20BD00000100C29ACB99339F010068
:10BE300053070700E6770100207E3000C272CB7105
:10BE40002E7701004E7F1F3A20BD200000003006F3
:10BE5000014E0000DC81E68F0100C28ACB89318F60
:10BE600001001097000051970100E6577D3A20BD70
:10BE7000400001002F06084E0000C252CB512A5745
:10BE80000100DC790F7F00004A7F0200108700006C
:10BE90005D877C3A20BD60000200E6370100BFFFED
:10BEA000060EBFFF9A03B505BFFF940344073C8706
:10BEB00028020A0206E224EE293A20BD8000888783
:10BEC0003D570000E0519235BFFF6E043D67000012
:10BED000E061922D3D7F00005F7A7D7F0000A33AF4
:10BEE00020BDA000EF00E079AA1D3D5F0500635A68
:10BEF000E205655AC20DBFFF2204A51D1C30860055
:10BF0000033ABFFF2E3A20BDC000FEFDBFFF120462
:10BF1000A5151C308600043ABFFFEEFDBFFF0204EA
:10BF2000A50DBFFFFC031C3086001C3A20BDE000BD
:10BF3000BFFF9AFEB505BFFFEE035FE254EAE0E102
:10BF40009ECD28028807E1004337000000E806681C
:10BF50006F3A20BE0000EC6F4202245E78ABCD59F0
:10BF60002B570100EB7F0500CF5163570900246672
:10BF70009487CD612C875D3A20BE200005005B824E
:10BF8000638206E0B30580076401500004002700C7
:10BF90006E006E002C06E04A00001C90523A20BE53
:10BFA0004000C1923106504C0000D289F17F01005F
:10BFB000C27ACC792F7F01002B5706004F57000023
:10BFC00001EAA73A20BE6000F18F0100C28ACC8945
:10BFD000318F0100418A638F05002B97060063971C
:10BFE0000C00800714012E067F3A20BE8000E04A34
:10BFF000000006321C98C19A2D06504C0000D369EF
:10C00000ED570100C252CE512A5701002086863AD0
:10C0100020BEA00010004A870000ED3F0100C23A98
:10C02000CE39273F01002B9F0600D39E000F077FCC
:10C030000000889A123A20BEC0000F99479F000066
:10C04000ED870100C282CE81308701002B8F060070
:10C05000508F010002EAED7F01001B3A20BEE00094
:10C06000C27ACE792F7F0100427A637F0500633761
:10C070000C006B3704002B9F09002106FFFFFFF027
:10C080003A3A20BF000041996B9F09004C0702001B
:10C09000A5452D06E04A00001C50C1522F06504C09
:10C0A0000000CA79EF8F873A20BF20000100C28AC2
:10C0B000CD89318F01002096200051970000EF9F1D
:10C0C0000100C29ACD99339F01001387213A20BF06
:10C0D000400000002B8F0900C48A9C8A118153877D
:10C0E000000001EAEF7F0100C27ACD792F7F0100C5
:10C0F000417AF83A20BF6000637F05002C570500A5
:10C1000068529A0DEB6705002B8F0600AC89638F90
:10C110000C00E505079A639F1A3A20BF80000C00C7
:10C12000EB6705000C8607006B87040023360000D0
:10C130001C90C2922A06DC4C0000D2512A575A3A6F
:10C1400020BFA0000100450E020021FEACBF6A0026
:10C15000E36F0D00DD69686A0A58E915C1E22C0633
:10C16000504C0000EF3A20BFC000DC610D702D067E
:10C17000E04A0000EC870100C282CD8130870100D7
:10C18000CE815007000041726872593A20BFE0002A
:10C19000D1F50B504806FF000F02860004573C877C
:10C1A000E05106D8FA3D24EE94871BE0ECE2DDE195
:10C1B000243A20C00000DCC70800D235017A447F51
:10C1C0003C87BFFF4801DCC70800B22DDC870800B0
:10C1D0001B30BFFFD8FD933A20C02000E051DA0D9C
:10C1E000C1DA2606504C0000DB31E6370100BFFF04
:10C1F0003A0BBFFFCE00A51DECDADBE9803A20C088
:10C2000040003D5F0500675A1B601D68B205685A13
:10C210009A0D249E78ABCC99337F0400597A737FB2
:10C220000400953A20C06000CD070800BFFFA000C1
:10C23000B505BFFF9A0044073C872D025C1AEC3716
:10C240004202248E78ABC689363A20C0800031770E
:10C25000090063770100C4729C724172237F010060
:10C26000CE760F00D8722106FFFFFFF041790F3A1A
:10C2700020C0A0000E79717F090024569487C65112
:10C28000F1870500F18F07004782F181EE970000EA
:10C2900047926A97B63A20C0C0000500069A6A9F86
:10C2A0000000CA07080042061F000F0206DA24EE4B
:10C2B00094871BE0ECE74002DDE1863A20C0E00015
:10C2C0003C6F0000E069C245BFFF10013C770000F1
:10C2D000E071C23D3C8F00005F8A7C8F0000F1005E
:10C2E000C33A20C10000E089DA2D3C9705005E9238
:10C2F0006692DB2552000700100023001A001A0086
:10C300001A001A001B30B03A20C120008600203EDF
:10C310002300BFFF98F9BFFFAA0085251B30BFFF90
:10C3200042FFBFFF9E001B308600BFFF623A20C164
:10C330004000AAFEE5151B308600203E2200BFFF0C
:10C3400072F9BFFF8400D50DBFFF7E00A50DBFFFB2
:10C3500078007B3A20C160001B308600BFFF84FE5E
:10C36000B505BFFF6A005FDAE0D9BEB52D020658F9
:10C37000EC5F4202245640870A3A20C18000CB512C
:10C380002A6705006562CA0D2E06164E0000C671AA
:10C390008E7701006A770000037A6A7F05002E3AE3
:10C3A00020C1A0007F000002C60006582606E74D07
:10C3B0000000CB3186370100BFFFC2FF1E020F0213
:10C3C00006E0ECE7573A20C1C000420224EE948711
:10C3D000DCE93D5705005B52635206D8BB6D4A004D
:10C3E00004001900370004001B303B3A20C1E00074
:10C3F00086009B00C2DA30066C4C0000DB8130877F
:10C400000100450E020021FEFEC1003870007D07CC
:10C41000213A20C2000000007D0705009555320634
:10C420000F4E0000DB91929701007D970000029A69
:10C430007D9F0500DD9F333A20C2200008001B309D
:10C440008600063A9B00C2DA2E06A44C0000DB717F
:10C450002E770100450E020021FE42C2203A20C282
:10C4600040006E00B5351B308600073A1B809000F7
:10C47000C2823206A44C0000D09132970100450ED2
:10C4800002005D3A20C2600021FE66C272009D5F1C
:10C490000300E059C2150B56FFFF5D570200AA00CA
:10C4A000E051DA0D2D060F4E8F3A20C280000000B9
:10C4B000DB698D6F01007D6F000002727D770500E2
:10C4C000B50D248678ABDC81B08709007D87D43A2E
:10C4D00020C2A0000000038A7D8F05002D0200020B
:10C4E000C60006582606E74D0000CB31863701000E
:10C4F000BFFFFEFEB73A20C2C0001E02050206EAD8
:10C500001D308600BFFFB0F95FEAE0E9AEFD23020F
:10C51000050206EA1D308600BFFFA33A20C2E000F4
:10C520000AFD5FEAE0E9AEFD23020002BFFF8EFADA
:10C53000BFFFE0FD1E020F028600C80008E806D813
:10C54000253A20C3000007E0BEFFF6FEECDA2466C1
:10C550009487DB612C570500E0511B68D205BEFFB4
:10C56000BCFE0352851D5D3A20C3200067EAEF77C9
:10C57000000045726C770500067A6C7F0000245E2F
:10C5800078ABCD596BE701006B070400A83A20C3D4
:10C5900040006BEF0600CC070800BEFF8CFE005089
:10C5A0002D028207E1F106D8BFFFA626E051BA05A9
:10C5B0008007A23A20C3600040053B77050048721F
:10C5C0008EE70100FB7F0D003D06F74D0000CFE92F
:10C5D0009DEF01003B670900933A20C380000C8F58
:10C5E0000000D15EF000A215200E1000E159E20D0E
:10C5F0000B06E0FFBA0580076E0220D63000F93A3C
:10C6000020C3A000FA59BA05800706048007F60483
:10C610001DC0ECC7400224CE4087D8C9395F050051
:10C62000E059920DB83A20C3C000615ABA0580079C
:10C63000DA04063A1D30BFFFF0F7029A799F050031
:10C6400024D6348AD8D17A070400AD3A20C3E0005A
:10C650003B6709000C570000CA5EF000BA0580076E
:10C660002C01200E1000E159B2058007FC0168E2A0
:10C67000A73A20C40000B205800708010C7700002B
:10C68000CE760F00C8727A7706003B7F0900AF872D
:10C6900001003A8F0600053A20C4200011817A87F4
:10C6A0000600F0006782836D3A9F09002106FFFFB4
:10C6B000FCFF41997A9F09003B570900013A20C4C9
:10C6C000400042527A570100450E0200FA3F07002F
:10C6D0001DE0C2E23206544D0000DC9132970100A9
:10C6E00021FE113A20C4600066C41D3072007A57E2
:10C6F00001003A5F0900CE5A9E5AE059F205625A8B
:10C70000DA05790705008007683A20C48000200414
:10C710003A770100E071D2353006A84D0000DC8187
:10C7200030870100450E020021FEA2C41D30073AE9
:10C7300020C4A00070003B3F0900450E0200423AB1
:10C7400006422E06004D0000DC712E77010021FE0E
:10C75000C2C41D300A3A20C4C0006E00065A7A5F77
:10C7600004003A7F0900200EFFF041798F7E00011E
:10C770007A7F0900795F0000058AA13A20C4E000B1
:10C78000798F0500D90708001D30BFFF90F780079B
:10C79000B003790705008007A80301927997050087
:10C7A0001C3A20C500001D30BFFF52F780079803D8
:10C7B000019A799F05001D30BFFF42F7800788036B
:10C7C0008C7F01007A7F923A20C5200006000F8EF0
:10C7D0000100F1E10F58E65D675ACF553A8709002D
:10C7E0002106FFFFFCFF41817A870900403A20C5FE
:10C7F00040003B97090041927A970100450E0200E4
:10C80000FA3F07001DE0C2E23106544D0000DC890A
:10C81000318FE83A20C56000010021FE6AC51D3055
:10C8200071007A570100E051B22D3A970900CE927B
:10C830009E92E091DA253B3F783A20C580000900BE
:10C84000450E0200413AFA4707002A06004D000053
:10C85000DC512A57010021FEA0C51D306A00133AA1
:10C8600020C5A000018279870500450E0200FA3F2D
:10C8700007002F061C4D0000DC792F7F010021FEF0
:10C88000C2C51D30C93A20C5C0006F008007DC0258
:10C89000018A798F05001D30BFFF86F68007CC0224
:10C8A0000182798705001D30BFFF803A20C5E00076
:10C8B00076F68007BC02019A799F05001D30BFFF04
:10C8C00066F68007AC02017A797F05001D30BFFF54
:10C8D000B33A20C6000056F680079C021DC0ECC784
:10C8E000400224CE4087D8C9395F0500635AD2057B
:10C8F000655AB20580074F3A20C620008002655A6B
:10C90000CA15D9C70800B205800772021D50C1526E
:10C910003A065E4C0000CAD1FA370100493A20C6F7
:10C920004000BFFF2C06FA370100BFFF5AFB24D698
:10C93000348AD8D1FA670500FA6F07000C9E070009
:10C94000ED99373A20C66000A645AC690D76010026
:10C95000EEE10D58BE05800730023B6709000C7FF1
:10C960000000CF7E0F003A8F2B3A20C680000900CE
:10C97000D48A9C8AF179F205013A1D30BFFF2EF569
:10C9800080070C020C3E01008B001DE0C2E2373A2A
:10C9900020C6A0002F06004D0000DC792F7F01008B
:10C9A000450E020021FEBAC61D300B406F00018A01
:10C9B000798F0500613A20C6C00079070000450E56
:10C9C0000200FA3F070033061C4D0000DC99339F3C
:10C9D000010021FEE0C61D307300D63A20C6E000FB
:10C9E0008007BE0168E2B2058007B6013B5F09001F
:10C9F0000B770000CE760F003A7F0900D47A9C7A3C
:10CA0000173A20C70000EF71F205013A1D30BFFF51
:10CA1000B4F4800792010B3E010007421D80C282E0
:10CA20003306004D0000C03A20C72000D099339F44
:10CA30000100450E020021FE32C71D3073003A7F0F
:10CA40000400477A7A7F04003A5709007B3A20C7EE
:10CA50004000200EFFF063570100D4529C52415217
:10CA600023870100CA560F00C85241810A817A8784
:10CA700009000F3A20C76000995F0300E059D21502
:10CA80000B9EFFFF599F0200B300E099EA0D05726B
:10CA900079770500067A797FF63A20C78000000092
:10CAA000D90708001D30BFFFF2F4800712013006DD
:10CAB000164E0000DD819087010079870000163A4C
:10CAC00020C7A0000392799705008007F8001DB8E1
:10CAD000ECBF400224C69487D7C1385F0500625A74
:10CAE000D205665A023A20C7C000B205675ADA6D0D
:10CAF000D8C70800AA6D665AF205675ADA15189F5A
:10CB00000200619A9A151D70C172523A20C7E00066
:10CB10003906504C0000CEC9F9370100BFFF800430
:10CB2000F9370100BFFFB6FA385F0500625A8A552F
:10CB30007E3A20C8000063E2E64D3B5709008A5F59
:10CB40000100EBD1A20D0B06CFFFD23D203E260007
:10CB50001D30BFFFA2F29F3A20C82000F53DD8DF6C
:10CB60000800DA25D81F0800246E78ABD7693B8708
:10CB70000900109701004D9708003B9FDB3A20C841
:10CB800040000900936703002F061D4E0000DD7969
:10CB90008F7F01000F58EA7AEC79C3054D5F0900D9
:10CBA000950D7E3A20C860000C8E09000A0AE18FBC
:10CBB0008202418A4D8F0900248678ABD7811057B5
:10CBC000080058570200B087E13A20C880000900E9
:10CBD00078870000039278970500950D2E060F4E7A
:10CBE0000000DD718E770100787700000050213A57
:10CBF00020C8A0004206FFF1050244073C8706EA70
:10CC00001D308600083ABFFF0AF31D308600203E23
:10CC10002800BFFF543A20C8C00000F25FEAE0E9F4
:10CC2000BEF523020002246E88872466DC87245E1A
:10CC300040876D0705006C070500B23A20C8E00088
:10CC40005462546AEB6999FDBFFFBCFF1E02065097
:10CC50006042920D413A070FFFFF4132460FFFFF3E
:10CC6000553A20C900005F429AFD7F006032AC0552
:10CC7000803106507F00267F0100400E5000210EBB
:10CC8000524DE179B205743A20C920001F52E545A2
:10CC9000266705006162E6057F3ACA0500400C4838
:10CCA000850D613AA63DE761863D0746983A20C961
:10CCB0004000FFFF0748065E0800C462CB61E941FF
:10CCC0000C50CE2D2A87FDFFC6812A97F9FFD2810D
:10CCD0000B98A83A20C960000850C452D3512A9733
:10CCE00001002A670D00C6612A5709001258CA912F
:10CCF000E691D305F059B905F93A20C980001F52D1
:10CD0000E515E051E70D5F520B70415A0C88416206
:10CD1000118F00004E8F00000A685F52E069203AD0
:10CD200020C9A000DFF54142E941D6DD0050A5054C
:10CD30001F527F00524D50000200000000C0FF0350
:10CD400000C0FF03E43A20C9C0000C000000280026
:10CD500000000CC0FF030CC0FF037F06000034007E
:10CD600000000000000008C0FF03043A20C9E000F2
:10CD700000000000000000000200000000000000B1
:10CD800000000000000000000000000003000F0091
:10CD9000233A20CA00000E00130000001500000016
:10CDA000000000000000001500000000000000006E
:10CDB000000000000000CB3A20CA20000000000064
:10CDC0000000000000000000000000000000000063
:10CDD000000000000000000000000000F63A20CA39
:10CDE0004000000000000000000000000000000003
:10CDF0000000000000000000000000000000000033
:10CE00000000D63A20CA60000000000000000000C8
:10CE10000000000000000000000000000000000012
:10CE20000000000000000000B63A20CA80000000A8
:10CE300000000000000000000000000000000000F2
:10CE400000000000000018000000000000007E3A12
:10CE500020CAA00000000000000000000000000048
:10CE600000000000000000000000000000000000C2
:10CE700000000000763A20CAC00000000000000058
:10CE800000000000000000000000000000000000A2
:10CE900000000000000000000000563A20CAE00038
:10CEA0000000000000000000000000000000000082
:10CEB0000000000000000000000000000000000072
:10CEC000363A20CB00000000000000000000000007
:10CED0000000000000000000000000000000000052
:10CEE000000000000000153A20CB200000000000E8
:10CEF0000000000000000000000000000000000032
:10CF0000000000000000000000000000F53A20CB07
:10CF100040000000000000000000000000000000D1
:10CF20000000000000000000000000000000000001
:10CF30000000D53A20CB6000000000000000000097
:10CF400000000000000000000000000000000000E1
:10CF50000000000000000000B53A20CB8000000077
:10CF600000000000000000000000000000000000C1
:10CF70000000000000000000000000000000953AE2
:10CF800020CBA000001100000000000000140000F1
:10CF9000000000000015000000000000000B000071
:10CFA00000000000303A20CBC000000C0000000060
:10CFB000000000100000000000000013000000004E
:10CFC00000000006000000000000203A20CBE00036
:10CFD000000300000000000000040000000000004A
:10CFE0000005000000000000000700000000000035
:10CFF000223A20CC000000000000000000000000E9
:10D00000000000000000010000004293000000004A
:10D01000000056C20100253A20CC2000000000008C
:10D0200084C102000000000018930300000000000B
:10D03000809104000000000081910500D33A20CCCB
:10D0400040000000000084670600000000002F067A
:10D0500007000000000007A2080000000000829105
:10D060000900DA3A20CC60000000000083910A0039
:10D070000000000084910B000000000000A90C00DB
:10D080000000000077A40D01983A20CC8000000039
:10D09000000000D90E0000000000000000000000A9
:10D0A000FF03000000000304000207040004933A99
:10D0B00020CCA000000000000704000500000000D4
:10D0C0000704000700000000030400090404000B2B
:10D0D000000A0400213A20CCC0000C00000000002F
:10D0E00000000304000E0D0400100000000000000A
:10D0F00000000000030400120304F23A20CCE00018
:10D1000000160804001700000000000404001800C6
:10D110000C04001A000000000000000000030400DE
:10D12000AA3A20CD00001C0304001E0704002000C2
:10D130000000000704002200000000070400240093
:10D14000000000040400433A20CD2000260007041C
:10D1500000280000000004040029000D04002A003B
:10D16000000000000000000000030400273A20CD6A
:10D1700040002C0504002E00000304002F050400CD
:10D180003100000000000400320000000000000038
:10D190000000CA3A20CD600000000000000000003E
:10D1A000000000000000000000000000000000007F
:10D1B0000000000000000000B33A20CD8000000015
:10D1C000000000000000000000000000000000005F
:10D1D0000000000000000000000000000000933A82
:10D1E00020CDA000000000000000000000000000B2
:10D1F000000000000000000000000000000000002F
:10D2000000000000733A20CDC000000000000000C4
:10D21000000000000000000000000000000000000E
:10D2200000000000000000000000533A20CDE000A4
:10D2300000000000000000000000000000000000EE
:10D2400000000000000000000000000000000000DE
:10D25000333A20CE00000000000000000000000073
:10D2600000000000000000000000000000000000BE
:10D27000000000000000123A20CE20000000000054
:10D28000000000000000000000000000000000009E
:10D29000000000000000000000000000F23A20CE74
:10D2A000400000000000000000000000000000003E
:10D2B000000000000000000000000000000000006E
:10D2C0000000D23A20CE6000000000000000000004
:10D2D000000000000000000000000000000000004E
:10D2E0000000000000000000B23A20CE80000000E4
:10D2F000000000000000000000000000000000002E
:10D300000000000000000000000000000000923A51
:10D3100020CEA0000000000000000000000000007F
:10D3200000000000000000000000000000000000FD
:10D3300000000000723A20CEC00000000000000093
:10D3400000000000000000000000000000000000DD
:10D3500000000000000000000000523A20CEE00073
:10D3600000000000000000000000000000000000BD
:10D3700000000000000000000000000000000000AD
:10D38000323A20CF00000000000000000000000042
:10D39000000000000000000000000000000000008D
:10D3A000000000000000113A20CF20000000000023
:10D3B000000000000000000000000000000000006D
:10D3C000000000000000000000000000F13A20CF43
:10D3D00040000000000000000000030400330304CC
:10D3E0000035070400370000000009040038000081
:10D3F0000000D43A20CF6000000003040039040488
:10D40000003B0000000000000000000000000000E1
:10D4100000000000000001012C3A20CF8000000035
:10D4200000000000000000010000000000FF0000FC
:10D430000000000000000000000000000000913A21
:10D4400020CFA0000000000000000000000000004D
:10D45000010000000100000000000000984F0000E3
:10D460009F4F00009A3A20CFC000AA4F0000B34F50
:10D470000000BB4F0000C24F0000CC4F0000D74F50
:10D480000000E34F0000F14F0000883A20CFE00099
:10D49000FD4F000008500000125000001F50000017
:10D4A0002D5000003C500000465000004E5000003F
:10D4B0007F3A20D00000555000005C5000006550BD
:10D4C00000006F5000007A500000805000008F5024
:10D4D0000000E2809310CD3A20D02000E280997FB6
:10D4E000E280937FE280997F10000000000000003E
:10D4F000000000000000000000000000783A20D08A
:10D5000040000000000000000000000000000000DB
:10D51000000000000000000000000000000000000B
:10D520000000D03A04D0600000000000CC3A0200B5
:10D5300000040003F73A02DF00007F00A03A20E079
:10D5400000000000000000000000000000000000DB
:10D5500000000000000000000000000000000000CB
:10D560000000003A20E02000000000000000000061
:10D5700000000000000000000000000000000000AB
:10D580000000000000000000E03A20E04000000041
:10D59000000000000000000000000000000000008B
:10D5A0000000000000000000000000000000C03A81
:10D5B00020E060000000000000000000000000000B
:10D5C000000000000000000000000000000000005B
:10D5D00000000000A03A20E08000000000000000F1
:10D5E000000000000000000000000000000000003B
:10D5F00000000000000000000000803A20E0A000D1
:10D60000000000000000000000000000000000001A
:10D61000000000000000000000000000000000000A
:10D62000603A0CE0C00000000000000000000000B4
:09D630000000543A00000001FF63
:00000001FF
